sector,key,list_key,row_id,name,country,register_class,list_status,capacity_value,capacity_unit,perimeter_clause,rungs_passed,scored,unread,site_result,site_searched,site_source,site_speaker,site_date,site_precision,site_note,capacity_result,capacity_searched,capacity_source,capacity_speaker,capacity_date,capacity_precision,capacity_note,fid_result,fid_searched,fid_source,fid_speaker,fid_date,fid_precision,fid_note,funding_result,funding_searched,funding_source,funding_speaker,funding_date,funding_precision,funding_note,start_result,start_searched,start_source,start_speaker,start_date,start_precision,start_note,input_result,input_searched,input_source,input_speaker,input_date,input_precision,input_note,input_provisional
hydrogen,iea:6,6,,Norsk e-Fuel Mosjøen,NOR,perimeter exclusion,Feasibility study,35.92314119,ktH2Y,DRI or other perimeter exclusion,0,false,false,not_searched,false,sources/report_benchmark_gap.py,eufabric perimeter,2026-09-10,day,out of perimeter; not scored,not_searched,false,sources/report_benchmark_gap.py,eufabric perimeter,2026-09-10,day,out of perimeter; not scored,not_searched,false,sources/report_benchmark_gap.py,eufabric perimeter,2026-09-10,day,out of perimeter; not scored,not_searched,false,sources/report_benchmark_gap.py,eufabric perimeter,2026-09-10,day,out of perimeter; not scored,not_searched,false,sources/report_benchmark_gap.py,eufabric perimeter,2026-09-10,day,out of perimeter; not scored,not_searched,false,sources/report_benchmark_gap.py,eufabric perimeter,2026-09-10,day,out of perimeter; not scored,false
hydrogen,iea:9,9,,HYBRIT demo,SWE,perimeter exclusion,FID/Construction,84.74347826,ktH2Y,DRI or other perimeter exclusion,0,false,false,not_searched,false,sources/report_benchmark_gap.py,eufabric perimeter,2026-09-10,day,out of perimeter; not scored,not_searched,false,sources/report_benchmark_gap.py,eufabric perimeter,2026-09-10,day,out of perimeter; not scored,not_searched,false,sources/report_benchmark_gap.py,eufabric perimeter,2026-09-10,day,out of perimeter; not scored,not_searched,false,sources/report_benchmark_gap.py,eufabric perimeter,2026-09-10,day,out of perimeter; not scored,not_searched,false,sources/report_benchmark_gap.py,eufabric perimeter,2026-09-10,day,out of perimeter; not scored,not_searched,false,sources/report_benchmark_gap.py,eufabric perimeter,2026-09-10,day,out of perimeter; not scored,false
hydrogen,iea:14,14,,CRI project in Norway (Circlenergy),NOR,none found,Feasibility study,19.05786667,ktH2Y,,0,true,false,fail,true,sources/hydrogen_gap_search.json,eufabric search,2026-09-10,day,admission search found no owner or permit source,fail,true,sources/hydrogen_gap_search.json,eufabric search,2026-09-10,day,no owner document on file; the admission search is the record of looking,fail,true,sources/hydrogen_gap_search.json,eufabric search,2026-09-10,day,no owner document on file; the admission search is the record of looking,fail,true,sources/hydrogen_funder_pass.json,eufabric funder pass,2026-09-17,day,the funder lists of sources/hydrogen_funder_pass.json name no award for this entry,fail,true,sources/hydrogen_gap_search.json,eufabric search,2026-09-10,day,no owner document on file; the admission search is the record of looking,fail,true,sources/hydrogen_gap_search.json,eufabric search,2026-09-10,day,no owner document on file; the admission search is the record of looking,false
hydrogen,iea:97,97,,H21 Leeds City Gate - Teesside hydrogen,GBR,perimeter exclusion,Feasibility study,3033.369,ktH2Y,blue,0,false,false,not_searched,false,sources/report_benchmark_gap.py,eufabric perimeter,2026-09-10,day,out of perimeter; not scored,not_searched,false,sources/report_benchmark_gap.py,eufabric perimeter,2026-09-10,day,out of perimeter; not scored,not_searched,false,sources/report_benchmark_gap.py,eufabric perimeter,2026-09-10,day,out of perimeter; not scored,not_searched,false,sources/report_benchmark_gap.py,eufabric perimeter,2026-09-10,day,out of perimeter; not scored,not_searched,false,sources/report_benchmark_gap.py,eufabric perimeter,2026-09-10,day,out of perimeter; not scored,not_searched,false,sources/report_benchmark_gap.py,eufabric perimeter,2026-09-10,day,out of perimeter; not scored,false
hydrogen,iea:111,111,,"Hynet Northwest, phase 1 (Essar Stanlow refinery)",GBR,perimeter exclusion,Feasibility study,91.98,ktH2Y,blue,0,false,false,not_searched,false,sources/report_benchmark_gap.py,eufabric perimeter,2026-09-10,day,out of perimeter; not scored,not_searched,false,sources/report_benchmark_gap.py,eufabric perimeter,2026-09-10,day,out of perimeter; not scored,not_searched,false,sources/report_benchmark_gap.py,eufabric perimeter,2026-09-10,day,out of perimeter; not scored,not_searched,false,sources/report_benchmark_gap.py,eufabric perimeter,2026-09-10,day,out of perimeter; not scored,not_searched,false,sources/report_benchmark_gap.py,eufabric perimeter,2026-09-10,day,out of perimeter; not scored,not_searched,false,sources/report_benchmark_gap.py,eufabric perimeter,2026-09-10,day,out of perimeter; not scored,false
hydrogen,iea:508,508,,Iberdrola - Puertollano II (extension from Ref10),ESP,unread,Feasibility study,31.536,ktH2Y,,0,false,true,unread,true,,,,,company source unreadable; queued for a browser pass,unread,true,,,,,company source unreadable; queued for a browser pass,unread,true,,,,,company source unreadable; queued for a browser pass,unread,true,,,,,company source unreadable; queued for a browser pass,unread,true,,,,,company source unreadable; queued for a browser pass,unread,true,,,,,company source unreadable; queued for a browser pass,false
hydrogen,iea:532,532,hoest-ptx-esbjerg,Høst - Esbjerg green ammonia plant,DK,admitted,Concept,100000,t_h2_per_year,,2,true,false,pass,true,https://hoestptxesbjerg.dk/about-ptx/,HØST PtX Esbjerg,2026-09-09,day,"the admitting source names the site as 'Måde, Esbjerg'",pass,true,https://hoestptxesbjerg.dk/about-ptx/,owner,2026-09-09,day,100000 t_h2_per_year as stated,fail,true,https://hoestptxesbjerg.dk/about-ptx/,owner,2026-09-09,day,no owner statement that FID has been taken,fail,true,sources/hydrogen_funder_pass.json,eufabric funder pass,2026-09-17,day,the funder lists of sources/hydrogen_funder_pass.json name no award for this project,fail,true,https://hoestptxesbjerg.dk/about-ptx/,owner,2026-09-09,day,no owner-stated start carrying a date precision,fail,true,https://hoestptxesbjerg.dk/about-ptx/,owner,2026-09-09,day,row edge carries no firmness; brief 9's axis is where rung 6 reads,true
hydrogen,iea:543,543,,Acorn H2,GBR,perimeter exclusion,Feasibility study,49.932,ktH2Y,blue,0,false,false,not_searched,false,sources/report_benchmark_gap.py,eufabric perimeter,2026-09-10,day,out of perimeter; not scored,not_searched,false,sources/report_benchmark_gap.py,eufabric perimeter,2026-09-10,day,out of perimeter; not scored,not_searched,false,sources/report_benchmark_gap.py,eufabric perimeter,2026-09-10,day,out of perimeter; not scored,not_searched,false,sources/report_benchmark_gap.py,eufabric perimeter,2026-09-10,day,out of perimeter; not scored,not_searched,false,sources/report_benchmark_gap.py,eufabric perimeter,2026-09-10,day,out of perimeter; not scored,not_searched,false,sources/report_benchmark_gap.py,eufabric perimeter,2026-09-10,day,out of perimeter; not scored,false
hydrogen,iea:562,562,,H2H Saltend,GBR,perimeter exclusion,Feasibility study,149.796,ktH2Y,blue,0,false,false,not_searched,false,sources/report_benchmark_gap.py,eufabric perimeter,2026-09-10,day,out of perimeter; not scored,not_searched,false,sources/report_benchmark_gap.py,eufabric perimeter,2026-09-10,day,out of perimeter; not scored,not_searched,false,sources/report_benchmark_gap.py,eufabric perimeter,2026-09-10,day,out of perimeter; not scored,not_searched,false,sources/report_benchmark_gap.py,eufabric perimeter,2026-09-10,day,out of perimeter; not scored,not_searched,false,sources/report_benchmark_gap.py,eufabric perimeter,2026-09-10,day,out of perimeter; not scored,not_searched,false,sources/report_benchmark_gap.py,eufabric perimeter,2026-09-10,day,out of perimeter; not scored,false
hydrogen,iea:595,595,engie-hynetherlands-eemshaven,"HyNetherlands, 1st phase",NL,admitted,Feasibility study,100,MW_input,,2,true,false,pass,true,https://www.hynetherlands.nl/en/project/,"HyNetherlands (ENGIE, OCI, EEW)",2026-09-10,day,"the admitting source names the site as 'Eems power plant site, Eemshaven'",pass,true,https://www.hynetherlands.nl/en/project/,owner,2026-09-10,day,100 MW_input as stated,fail,true,https://www.hynetherlands.nl/en/project/,owner,2026-09-10,day,no owner statement that FID has been taken,fail,true,sources/hydrogen_funder_pass.json,eufabric funder pass,2026-09-17,day,the funder lists of sources/hydrogen_funder_pass.json name no award for this project,fail,true,https://www.hynetherlands.nl/en/project/,owner,2026-09-10,day,no owner-stated start carrying a date precision,fail,true,sources/edges.json,eufabric dependency sweep,2026-09-11,day,"no edge in the dependency graph names this project; the date is the graph's newest statement, not a sweep date",true
hydrogen,iea:596,596,engie-hynetherlands-eemshaven,HyNetherlands 2nd phase,NL,admitted,Feasibility study,100,MW_input,,2,true,false,pass,true,https://www.hynetherlands.nl/en/project/,"HyNetherlands (ENGIE, OCI, EEW)",2026-09-10,day,"the admitting source names the site as 'Eems power plant site, Eemshaven'",pass,true,https://www.hynetherlands.nl/en/project/,owner,2026-09-10,day,100 MW_input as stated,fail,true,https://www.hynetherlands.nl/en/project/,owner,2026-09-10,day,no owner statement that FID has been taken,fail,true,sources/hydrogen_funder_pass.json,eufabric funder pass,2026-09-17,day,the funder lists of sources/hydrogen_funder_pass.json name no award for this project,fail,true,https://www.hynetherlands.nl/en/project/,owner,2026-09-10,day,no owner-stated start carrying a date precision,fail,true,sources/edges.json,eufabric dependency sweep,2026-09-11,day,"no edge in the dependency graph names this project; the date is the graph's newest statement, not a sweep date",true
hydrogen,iea:605,605,,Green Crane Pais Vasco Hub,ESP,none found,Feasibility study,25.988,ktH2Y,,0,true,false,fail,true,sources/hydrogen_gap_search.json,eufabric search,2026-09-10,day,admission search found no owner or permit source,fail,true,sources/hydrogen_gap_search.json,eufabric search,2026-09-10,day,no owner document on file; the admission search is the record of looking,fail,true,sources/hydrogen_gap_search.json,eufabric search,2026-09-10,day,no owner document on file; the admission search is the record of looking,fail,true,sources/hydrogen_funder_pass.json,eufabric funder pass,2026-09-17,day,the funder lists of sources/hydrogen_funder_pass.json name no award for this entry,fail,true,sources/hydrogen_gap_search.json,eufabric search,2026-09-10,day,no owner document on file; the admission search is the record of looking,fail,true,sources/hydrogen_gap_search.json,eufabric search,2026-09-10,day,no owner document on file; the admission search is the record of looking,false
hydrogen,iea:607,607,,La Robla,ESP,named not admitted,Feasibility study,48.51093333,ktH2Y,,1,true,false,pass,true,https://www.naturgy.com/notas-de-prensa/naturgy-y-enagas-renovable-presentan-en-la-robla-la-futura-planta-de-hidrogeno-renovable-cuya-capacidad-de-produccion-se-multiplicara-hasta-280-mw/,owner,2026-09-10,day,"{'speaker': 'company', 'source_type': 'company', 'domain': 'naturgy.com', 'source_url': 'https://www.naturgy.com/notas-de-prensa/naturgy-y-enagas-renovable-presentan-en-la-robla-la-futura-planta-de-hidrogeno-renovable-cuya-capacidad-de-produccion-se-multiplicara-hasta-280-mw/'}",fail,true,sources/hydrogen_gap_search.json,eufabric search,2026-09-10,day,no owner document on file; the admission search is the record of looking,fail,true,sources/hydrogen_gap_search.json,eufabric search,2026-09-10,day,no owner document on file; the admission search is the record of looking,fail,true,sources/hydrogen_funder_pass.json,eufabric funder pass,2026-09-17,day,the funder lists of sources/hydrogen_funder_pass.json name no award for this entry,fail,true,sources/hydrogen_gap_search.json,eufabric search,2026-09-10,day,no owner document on file; the admission search is the record of looking,fail,true,sources/hydrogen_gap_search.json,eufabric search,2026-09-10,day,no owner document on file; the admission search is the record of looking,false
hydrogen,iea:710,710,,Port Jerome,FRA,perimeter exclusion,Operational,38.982,ktH2Y,blue,0,false,false,not_searched,false,sources/report_benchmark_gap.py,eufabric perimeter,2026-09-10,day,out of perimeter; not scored,not_searched,false,sources/report_benchmark_gap.py,eufabric perimeter,2026-09-10,day,out of perimeter; not scored,not_searched,false,sources/report_benchmark_gap.py,eufabric perimeter,2026-09-10,day,out of perimeter; not scored,not_searched,false,sources/report_benchmark_gap.py,eufabric perimeter,2026-09-10,day,out of perimeter; not scored,not_searched,false,sources/report_benchmark_gap.py,eufabric perimeter,2026-09-10,day,out of perimeter; not scored,not_searched,false,sources/report_benchmark_gap.py,eufabric perimeter,2026-09-10,day,out of perimeter; not scored,false
hydrogen,iea:771,771,shell-holland-hydrogen-1,Holland Hydrogen - phase 1,NL,admitted,FID/Construction,200,MW_input,,6,true,false,pass,true,https://www.shell.nl/about-us/what-we-do/waterstof/_jcr_content/root/main/section_1793187481/call_to_action/links/item0.stream/1750150411678/bc686db41e4e2aff092b4ae379a466326fd5626d/250513_HH1-leaflet_v43.pdf,Shell Nederland,2025-05-13,day,"the admitting source names the site as 'Tweede Maasvlakte, Rotterdam'",pass,true,https://www.shell.nl/about-us/what-we-do/waterstof/_jcr_content/root/main/section_1793187481/call_to_action/links/item0.stream/1750150411678/bc686db41e4e2aff092b4ae379a466326fd5626d/250513_HH1-leaflet_v43.pdf,owner,2025-05-13,day,200 MW_input as stated,pass,true,https://www.shell.nl/about-us/what-we-do/waterstof/_jcr_content/root/main/section_1793187481/call_to_action/links/item0.stream/1750150411678/bc686db41e4e2aff092b4ae379a466326fd5626d/250513_HH1-leaflet_v43.pdf,owner,2025-05-13,day,status_to construction,pass,true,https://ec.europa.eu/competition/state_aid/cases1/202427/SA_64650_439.pdf,European Commission,2022-09-21,day,IPCEI Hy2Use (SA.64650) names 'SHELL Nederland B.V.'; matched on a document naming both,pass,true,https://www.shell.nl/about-us/what-we-do/waterstof/_jcr_content/root/main/section_1793187481/call_to_action/links/item0.stream/1750150411678/bc686db41e4e2aff092b4ae379a466326fd5626d/250513_HH1-leaflet_v43.pdf,company,2025-05-13,day,commissioning 2026 at year precision,pass,true,https://www.thyssenkrupp-nucera.com/newsroom/news-press-releases/thyssenkrupp-to-install-200-mw-green-hydrogen-facility-for-shell-in-port-of-rotterdam,supplier,2022-01-13,day,equipment_order at firmness contract,true
hydrogen,iea:807,807,airliquide-normandhy-port-jerome,Normand’Hy - Air Liquide ,FR,admitted,FID/Construction,200,MW_input,,5,true,false,pass,true,https://normandhy.airliquide.com/en,owner,2026-09-09,day,row carries a position from a company or permit source,pass,true,https://www.airliquide.com/group/press-releases-news/2023-09-14/air-liquide-takes-further-step-developing-hydrogen-sector-france,owner,2023-09-14,day,200 MW_input as stated,pass,true,https://www.airliquide.com/group/press-releases-news/2023-09-14/air-liquide-takes-further-step-developing-hydrogen-sector-france,owner,2023-09-14,day,status_to fid,fail,true,sources/hydrogen_funder_pass.json,eufabric funder pass,2026-09-17,day,the funder lists of sources/hydrogen_funder_pass.json name no award for this project,pass,true,https://www.airliquide.com/group/press-releases-news/2023-09-14/air-liquide-takes-further-step-developing-hydrogen-sector-france,company,2023-09-14,day,production_start 2026-H2 at half precision,pass,true,"https://www.siemens-energy.com/global/en/home/press-releases/250,000-tons-less-CO2-thanks-to-renewable-hydrogen.html",supplier,2023-09-15,day,equipment_order at firmness contract,true
hydrogen,iea:819,819,hycc-h2ermes-ijmuiden,H2ermes,NL,admitted,Feasibility study,100,MW_input,,2,true,false,fail,true,https://ipcei.observatory.clean-hydrogen.europa.eu/hycc-h2ermes-nl30,owner,2026-09-10,day,"location_statement is an adjacency (offtake) to Tata Steel, which does not place this row",pass,true,https://ipcei.observatory.clean-hydrogen.europa.eu/hycc-h2ermes-nl30,owner,2026-09-10,day,100 MW_input as stated,fail,true,https://ipcei.observatory.clean-hydrogen.europa.eu/hycc-h2ermes-nl30,owner,2026-09-10,day,no owner statement that FID has been taken,pass,true,https://ec.europa.eu/competition/state_aid/cases1/202427/SA_64650_439.pdf,European Commission,2022-09-21,day,IPCEI Hy2Use (SA.64650) names 'H2ermes B.V. (HyCC)'; matched on identifier,fail,true,https://ipcei.observatory.clean-hydrogen.europa.eu/hycc-h2ermes-nl30,owner,2026-09-10,day,no owner-stated start carrying a date precision,fail,true,sources/edges.json,eufabric dependency sweep,2026-09-11,day,"no edge in the dependency graph names this project; the date is the graph's newest statement, not a sweep date",true
hydrogen,iea:827,827,,"Shell heavy residue gasification CCU - Pernis refinery (in 2027, the CCU project will become CCUS - ref1323 - once Porthos project is available)",NLD,perimeter exclusion,Operational,100,ktH2Y,blue,0,false,false,not_searched,false,sources/report_benchmark_gap.py,eufabric perimeter,2026-09-10,day,out of perimeter; not scored,not_searched,false,sources/report_benchmark_gap.py,eufabric perimeter,2026-09-10,day,out of perimeter; not scored,not_searched,false,sources/report_benchmark_gap.py,eufabric perimeter,2026-09-10,day,out of perimeter; not scored,not_searched,false,sources/report_benchmark_gap.py,eufabric perimeter,2026-09-10,day,out of perimeter; not scored,not_searched,false,sources/report_benchmark_gap.py,eufabric perimeter,2026-09-10,day,out of perimeter; not scored,not_searched,false,sources/report_benchmark_gap.py,eufabric perimeter,2026-09-10,day,out of perimeter; not scored,false
hydrogen,iea:830,830,,Nemo Hydrogen Project,GRC,none found,Concept,17.32533333,ktH2Y,,0,true,false,fail,true,sources/hydrogen_gap_search.json,eufabric search,2026-09-10,day,admission search found no owner or permit source,fail,true,sources/hydrogen_gap_search.json,eufabric search,2026-09-10,day,no owner document on file; the admission search is the record of looking,fail,true,sources/hydrogen_gap_search.json,eufabric search,2026-09-10,day,no owner document on file; the admission search is the record of looking,fail,true,sources/hydrogen_funder_pass.json,eufabric funder pass,2026-09-17,day,the funder lists of sources/hydrogen_funder_pass.json name no award for this entry,fail,true,sources/hydrogen_gap_search.json,eufabric search,2026-09-10,day,no owner document on file; the admission search is the record of looking,fail,true,sources/hydrogen_gap_search.json,eufabric search,2026-09-10,day,no owner document on file; the admission search is the record of looking,false
hydrogen,iea:844,844,,Curthyl,NLD,unread,Feasibility study,34.65066667,ktH2Y,,0,false,true,unread,true,,,,,company source unreadable; queued for a browser pass,unread,true,,,,,company source unreadable; queued for a browser pass,unread,true,,,,,company source unreadable; queued for a browser pass,unread,true,,,,,company source unreadable; queued for a browser pass,unread,true,,,,,company source unreadable; queued for a browser pass,unread,true,,,,,company source unreadable; queued for a browser pass,false
hydrogen,iea:859,859,smartenergy-orangebat-onda,Orange-BAT Puerto Valencia,ES,admitted,Concept,100,MW_input,,2,true,false,pass,true,https://www.smartenergy.net/orange-bat-is-the-first-green-hydrogen-project-to-obtain-the-iea-in-the-valencian-community/,Smartenergy Group,2026-09-10,day,"the admitting source names the site as 'El Colomer industrial estate, Onda'",pass,true,https://www.smartenergy.net/orange-bat-is-the-first-green-hydrogen-project-to-obtain-the-iea-in-the-valencian-community/,owner,2026-09-10,day,100 MW_input as stated,fail,true,https://www.smartenergy.net/orange-bat-is-the-first-green-hydrogen-project-to-obtain-the-iea-in-the-valencian-community/,owner,2026-09-10,day,no owner statement that FID has been taken,fail,true,sources/hydrogen_funder_pass.json,eufabric funder pass,2026-09-17,day,the funder lists of sources/hydrogen_funder_pass.json name no award for this project,fail,true,https://www.smartenergy.net/orange-bat-is-the-first-green-hydrogen-project-to-obtain-the-iea-in-the-valencian-community/,owner,2026-09-10,day,no owner-stated start carrying a date precision,fail,true,sources/edges.json,eufabric dependency sweep,2026-09-11,day,"no edge in the dependency graph names this project; the date is the graph's newest statement, not a sweep date",true
hydrogen,iea:873,873,,Steag-Thyssenkrupp Duisburg steel plant (HydrOxy Hub Walsum)- Phase 1,DEU,perimeter exclusion,Feasibility study,23.53913077,ktH2Y,DRI or other perimeter exclusion,0,false,false,not_searched,false,sources/report_benchmark_gap.py,eufabric perimeter,2026-09-10,day,out of perimeter; not scored,not_searched,false,sources/report_benchmark_gap.py,eufabric perimeter,2026-09-10,day,out of perimeter; not scored,not_searched,false,sources/report_benchmark_gap.py,eufabric perimeter,2026-09-10,day,out of perimeter; not scored,not_searched,false,sources/report_benchmark_gap.py,eufabric perimeter,2026-09-10,day,out of perimeter; not scored,not_searched,false,sources/report_benchmark_gap.py,eufabric perimeter,2026-09-10,day,out of perimeter; not scored,not_searched,false,sources/report_benchmark_gap.py,eufabric perimeter,2026-09-10,day,out of perimeter; not scored,false
hydrogen,iea:886,886,,"NortH2, phase 2",NLD,none found,Concept,519.76,ktH2Y,,0,true,false,fail,true,sources/hydrogen_gap_search.json,eufabric search,2026-09-10,day,admission search found no owner or permit source,fail,true,sources/hydrogen_gap_search.json,eufabric search,2026-09-10,day,no owner document on file; the admission search is the record of looking,fail,true,sources/hydrogen_gap_search.json,eufabric search,2026-09-10,day,no owner document on file; the admission search is the record of looking,fail,true,sources/hydrogen_funder_pass.json,eufabric funder pass,2026-09-17,day,the funder lists of sources/hydrogen_funder_pass.json name no award for this entry,fail,true,sources/hydrogen_gap_search.json,eufabric search,2026-09-10,day,no owner document on file; the admission search is the record of looking,fail,true,sources/hydrogen_gap_search.json,eufabric search,2026-09-10,day,no owner document on file; the admission search is the record of looking,false
hydrogen,iea:906,906,endesa-as-pontes,As Pontes power plant,ES,admitted,Feasibility study,100,MW_input,,2,true,false,pass,true,https://www.endesa.com/en/press/press-room/news/energy-transition/endesa-studies-developing-23-green-hydrogen-projects-spain,Endesa,2026-09-10,day,the admitting source names the site as 'As Pontes de Garcia Rodriguez',pass,true,https://www.endesa.com/en/press/press-room/news/energy-transition/endesa-studies-developing-23-green-hydrogen-projects-spain,owner,2026-09-10,day,100 MW_input as stated,fail,true,https://www.endesa.com/en/press/press-room/news/energy-transition/endesa-studies-developing-23-green-hydrogen-projects-spain,owner,2026-09-10,day,no owner statement that FID has been taken,fail,true,sources/hydrogen_funder_pass.json,eufabric funder pass,2026-09-17,day,the funder lists of sources/hydrogen_funder_pass.json name no award for this project,fail,true,https://www.endesa.com/en/press/press-room/news/energy-transition/endesa-studies-developing-23-green-hydrogen-projects-spain,owner,2026-09-10,day,no owner-stated start carrying a date precision,fail,true,sources/edges.json,eufabric dependency sweep,2026-09-11,day,"no edge in the dependency graph names this project; the date is the graph's newest statement, not a sweep date",true
hydrogen,iea:910,910,,Huelva - Endesa,ESP,named not admitted,Feasibility study,17.32533333,ktH2Y,,1,true,false,pass,true,https://www.endesa.com/en/press/press-room/news/energy-transition/endesa-studies-developing-23-green-hydrogen-projects-spain,owner,2026-09-10,day,"{'speaker': 'company', 'source_type': 'company', 'domain': 'endesa.com', 'source_url': 'https://www.endesa.com/en/press/press-room/news/energy-transition/endesa-studies-developing-23-green-hydrogen-projects-spain'}",fail,true,sources/hydrogen_gap_search.json,eufabric search,2026-09-10,day,no owner document on file; the admission search is the record of looking,fail,true,sources/hydrogen_gap_search.json,eufabric search,2026-09-10,day,no owner document on file; the admission search is the record of looking,fail,true,sources/hydrogen_funder_pass.json,eufabric funder pass,2026-09-17,day,the funder lists of sources/hydrogen_funder_pass.json name no award for this entry,fail,true,sources/hydrogen_gap_search.json,eufabric search,2026-09-10,day,no owner document on file; the admission search is the record of looking,fail,true,sources/hydrogen_gap_search.json,eufabric search,2026-09-10,day,no owner document on file; the admission search is the record of looking,false
hydrogen,iea:920,920,,"Hynet Northwest, phase 3",GBR,perimeter exclusion,Feasibility study,640,ktH2Y,blue,0,false,false,not_searched,false,sources/report_benchmark_gap.py,eufabric perimeter,2026-09-10,day,out of perimeter; not scored,not_searched,false,sources/report_benchmark_gap.py,eufabric perimeter,2026-09-10,day,out of perimeter; not scored,not_searched,false,sources/report_benchmark_gap.py,eufabric perimeter,2026-09-10,day,out of perimeter; not scored,not_searched,false,sources/report_benchmark_gap.py,eufabric perimeter,2026-09-10,day,out of perimeter; not scored,not_searched,false,sources/report_benchmark_gap.py,eufabric perimeter,2026-09-10,day,out of perimeter; not scored,not_searched,false,sources/report_benchmark_gap.py,eufabric perimeter,2026-09-10,day,out of perimeter; not scored,false
hydrogen,iea:927,927,uniper-h2maasvlakte,"Uniper H2Maasvlakte, phase I",NL,admitted,Feasibility study,100,MW_input,,4,true,false,pass,true,https://web.archive.org/web/20230315064140/https://www.uniper.energy/news/uniper-selected-plug-to-design-the-100mw-electrolyzer-package-for-the-netherlands-plant-to-accelerate-european-green-energy-adoption,owner,2023-03-07,day,row carries a position from a company or permit source,pass,true,https://web.archive.org/web/20230315064140/https://www.uniper.energy/news/uniper-selected-plug-to-design-the-100mw-electrolyzer-package-for-the-netherlands-plant-to-accelerate-european-green-energy-adoption,owner,2023-03-07,day,100 MW_input as stated,fail,true,https://web.archive.org/web/20230315064140/https://www.uniper.energy/news/uniper-selected-plug-to-design-the-100mw-electrolyzer-package-for-the-netherlands-plant-to-accelerate-european-green-energy-adoption,owner,2023-03-07,day,no owner statement that FID has been taken,pass,true,https://ec.europa.eu/competition/state_aid/cases1/202427/SA_64650_439.pdf,European Commission,2022-09-21,day,IPCEI Hy2Use (SA.64650) names 'Uniper Benelux N.V.'; matched on a document naming both,pass,true,https://web.archive.org/web/20230315064140/https://www.uniper.energy/news/uniper-selected-plug-to-design-the-100mw-electrolyzer-package-for-the-netherlands-plant-to-accelerate-european-green-energy-adoption,company,2023-03-07,day,commissioning 2026 at year precision,fail,true,https://www.ir.plugpower.com/feed/PressRelease.svc/GetPressReleaseList?LanguageId=1&bodyType=1&pressReleaseDateFilter=3&categoryId=00000000-0000-0000-0000-000000000000&pageSize=200&pageNumber=0&year=2023&excludeSelection=1,supplier,2023-03-07,day,framework_agreement at firmness framework,true
hydrogen,iea:928,928,,"Uniper H2Maasvlakte, phase II",NLD,unread,Feasibility study,51.976,ktH2Y,,0,false,true,unread,true,,,,,company source unreadable; queued for a browser pass,unread,true,,,,,company source unreadable; queued for a browser pass,unread,true,,,,,company source unreadable; queued for a browser pass,unread,true,,,,,company source unreadable; queued for a browser pass,unread,true,,,,,company source unreadable; queued for a browser pass,unread,true,,,,,company source unreadable; queued for a browser pass,false
hydrogen,iea:936,936,,"Stegra (former, H2 Green Steel - H2GS)  - phase 1",SWE,perimeter exclusion,FID/Construction,125.4203478,ktH2Y,DRI or other perimeter exclusion,0,false,false,not_searched,false,sources/report_benchmark_gap.py,eufabric perimeter,2026-09-10,day,out of perimeter; not scored,not_searched,false,sources/report_benchmark_gap.py,eufabric perimeter,2026-09-10,day,out of perimeter; not scored,not_searched,false,sources/report_benchmark_gap.py,eufabric perimeter,2026-09-10,day,out of perimeter; not scored,not_searched,false,sources/report_benchmark_gap.py,eufabric perimeter,2026-09-10,day,out of perimeter; not scored,not_searched,false,sources/report_benchmark_gap.py,eufabric perimeter,2026-09-10,day,out of perimeter; not scored,not_searched,false,sources/report_benchmark_gap.py,eufabric perimeter,2026-09-10,day,out of perimeter; not scored,false
hydrogen,iea:945,945,,"Wilhelmshaven , phase 1",DEU,unread,Feasibility study,34.65066667,ktH2Y,,0,false,true,unread,true,,,,,company source unreadable; queued for a browser pass,unread,true,,,,,company source unreadable; queued for a browser pass,unread,true,,,,,company source unreadable; queued for a browser pass,unread,true,,,,,company source unreadable; queued for a browser pass,unread,true,,,,,company source unreadable; queued for a browser pass,unread,true,,,,,company source unreadable; queued for a browser pass,false
hydrogen,iea:965,965,,Puglia green hydro-gen valley - Taranto plant,ITA,named not admitted,Feasibility study,17.32533333,ktH2Y,,1,true,false,pass,true,https://www.puglia.com,owner,2026-09-10,day,"{'speaker': 'company', 'source_type': 'company', 'domain': 'saipem.com', 'source_url': 'https://www.saipem.com/en/media/press-releases/2022-09-08/edison-and-saipem-join-together-special-purpose-vehicle-implement'}",fail,true,sources/hydrogen_gap_search.json,eufabric search,2026-09-10,day,no owner document on file; the admission search is the record of looking,fail,true,sources/hydrogen_gap_search.json,eufabric search,2026-09-10,day,no owner document on file; the admission search is the record of looking,fail,true,sources/hydrogen_funder_pass.json,eufabric funder pass,2026-09-17,day,the funder lists of sources/hydrogen_funder_pass.json name no award for this entry,fail,true,sources/hydrogen_gap_search.json,eufabric search,2026-09-10,day,no owner document on file; the admission search is the record of looking,fail,true,sources/hydrogen_gap_search.json,eufabric search,2026-09-10,day,no owner document on file; the admission search is the record of looking,false
hydrogen,iea:984,984,,"Barents Blue ammonia plant, phase 1",NOR,perimeter exclusion,Feasibility study,180.0720288,ktH2Y,blue,0,false,false,not_searched,false,sources/report_benchmark_gap.py,eufabric perimeter,2026-09-10,day,out of perimeter; not scored,not_searched,false,sources/report_benchmark_gap.py,eufabric perimeter,2026-09-10,day,out of perimeter; not scored,not_searched,false,sources/report_benchmark_gap.py,eufabric perimeter,2026-09-10,day,out of perimeter; not scored,not_searched,false,sources/report_benchmark_gap.py,eufabric perimeter,2026-09-10,day,out of perimeter; not scored,not_searched,false,sources/report_benchmark_gap.py,eufabric perimeter,2026-09-10,day,out of perimeter; not scored,not_searched,false,sources/report_benchmark_gap.py,eufabric perimeter,2026-09-10,day,out of perimeter; not scored,false
hydrogen,iea:1048,1048,,"Humber H2ub (Green), phase 1",GBR,unread,Feasibility study,17.99169231,ktH2Y,,0,false,true,unread,true,,,,,company source unreadable; queued for a browser pass,unread,true,,,,,company source unreadable; queued for a browser pass,unread,true,,,,,company source unreadable; queued for a browser pass,unread,true,,,,,company source unreadable; queued for a browser pass,unread,true,,,,,company source unreadable; queued for a browser pass,unread,true,,,,,company source unreadable; queued for a browser pass,false
hydrogen,iea:1052,1052,,"Element One (Element Eins), phase 3",DEU,none found,Feasibility study,39.45945946,ktH2Y,,0,true,false,fail,true,sources/hydrogen_gap_search.json,eufabric search,2026-09-10,day,admission search found no owner or permit source,fail,true,sources/hydrogen_gap_search.json,eufabric search,2026-09-10,day,no owner document on file; the admission search is the record of looking,fail,true,sources/hydrogen_gap_search.json,eufabric search,2026-09-10,day,no owner document on file; the admission search is the record of looking,fail,true,sources/hydrogen_funder_pass.json,eufabric funder pass,2026-09-17,day,the funder lists of sources/hydrogen_funder_pass.json name no award for this entry,fail,true,sources/hydrogen_gap_search.json,eufabric search,2026-09-10,day,no owner document on file; the admission search is the record of looking,fail,true,sources/hydrogen_gap_search.json,eufabric search,2026-09-10,day,no owner document on file; the admission search is the record of looking,false
hydrogen,iea:1086,1086,hytechhafen-rostock,Rostock - RWE - (HyTechHafen-Rostock),DE,admitted,Feasibility study,100,MW_input,,4,true,false,pass,true,https://www.rwe.com/en/press/rwe-ag/2024-07-15-german-and-state-governments-grant-funding-for-large-hydrogen-projects-by-rwe/,RWE AG,2024-07-15,day,the admitting source names the site as 'Rostock port',pass,true,https://www.rwe.com/en/press/rwe-ag/2024-07-15-german-and-state-governments-grant-funding-for-large-hydrogen-projects-by-rwe/,owner,2024-07-15,day,100 MW_input as stated,fail,true,https://www.rwe.com/en/press/rwe-ag/2024-07-15-german-and-state-governments-grant-funding-for-large-hydrogen-projects-by-rwe/,owner,2024-07-15,day,no owner statement that FID has been taken,pass,true,https://ec.europa.eu/competition/state_aid/cases1/202442/SA_102825_1118.pdf,European Commission,2024-02-15,day,IPCEI Hy2Infra (SA.102825) names 'DE64 HyTechHafen Rostock'; matched on identifier,pass,true,https://www.rwe.com/en/press/rwe-ag/2024-07-15-german-and-state-governments-grant-funding-for-large-hydrogen-projects-by-rwe/,company,2024-07-15,day,production_start 2027 at year precision,fail,true,https://www.rwe.com/en/press/rwe-ag/2024-07-15-german-and-state-governments-grant-funding-for-large-hydrogen-projects-by-rwe/,owner,2024-07-15,day,row edge carries no firmness; brief 9's axis is where rung 6 reads,true
hydrogen,iea:1116,1116,airliquide-elygator-maasvlakte,ELYgator,NL,admitted,FID/Construction,200,MW_input,,5,true,false,pass,true,https://www.airliquide.com/group/press-releases-news/2025-07-23/air-liquide-takes-final-investment-decision-build-elygator-large-scale-electrolyzer-netherlands,Air Liquide,2025-07-23,day,"the admitting source names the site as 'Maasvlakte, Port of Rotterdam'",pass,true,https://www.airliquide.com/group/press-releases-news/2025-07-23/air-liquide-takes-final-investment-decision-build-elygator-large-scale-electrolyzer-netherlands,owner,2025-07-23,day,200 MW_input as stated,pass,true,https://www.airliquide.com/group/press-releases-news/2025-07-23/air-liquide-takes-final-investment-decision-build-elygator-large-scale-electrolyzer-netherlands,owner,2025-07-23,day,status_to fid,pass,true,https://ec.europa.eu/competition/state_aid/cases1/202427/SA_64650_439.pdf,European Commission,2022-09-21,day,IPCEI Hy2Use (SA.64650) names 'Air Liquide ELYgator'; matched on identifier,pass,true,https://www.airliquide.com/group/press-releases-news/2025-07-23/air-liquide-takes-final-investment-decision-build-elygator-large-scale-electrolyzer-netherlands,company,2025-07-23,day,production_start 2027 at year precision,fail,true,https://www.airliquide.com/group/press-releases-news/2025-07-23/air-liquide-takes-final-investment-decision-build-elygator-large-scale-electrolyzer-netherlands,owner,2025-07-23,day,row edge carries no firmness; brief 9's axis is where rung 6 reads,true
hydrogen,iea:1119,1119,,FUREC,NLD,named not admitted,Feasibility study,54,ktH2Y,,1,true,false,pass,true,https://www.rwe.com/en/research-and-development/hydrogen-projects/furec/,owner,2026-09-10,day,"{'speaker': 'company', 'source_type': 'company', 'domain': 'rwe.com', 'source_url': 'https://www.rwe.com/en/research-and-development/hydrogen-projects/furec/'}",fail,true,sources/hydrogen_gap_search.json,eufabric search,2026-09-10,day,no owner document on file; the admission search is the record of looking,fail,true,sources/hydrogen_gap_search.json,eufabric search,2026-09-10,day,no owner document on file; the admission search is the record of looking,fail,true,sources/hydrogen_funder_pass.json,eufabric funder pass,2026-09-17,day,the funder lists of sources/hydrogen_funder_pass.json name no award for this entry,fail,true,sources/hydrogen_gap_search.json,eufabric search,2026-09-10,day,no owner document on file; the admission search is the record of looking,fail,true,sources/hydrogen_gap_search.json,eufabric search,2026-09-10,day,no owner document on file; the admission search is the record of looking,false
hydrogen,iea:1191,1191,,AquaVentus (completion),DEU,none found,Concept,1727.68224,ktH2Y,,0,true,false,fail,true,sources/hydrogen_gap_search.json,eufabric search,2026-09-10,day,admission search found no owner or permit source,fail,true,sources/hydrogen_gap_search.json,eufabric search,2026-09-10,day,no owner document on file; the admission search is the record of looking,fail,true,sources/hydrogen_gap_search.json,eufabric search,2026-09-10,day,no owner document on file; the admission search is the record of looking,fail,true,sources/hydrogen_funder_pass.json,eufabric funder pass,2026-09-17,day,the funder lists of sources/hydrogen_funder_pass.json name no award for this entry,fail,true,sources/hydrogen_gap_search.json,eufabric search,2026-09-10,day,no owner document on file; the admission search is the record of looking,fail,true,sources/hydrogen_gap_search.json,eufabric search,2026-09-10,day,no owner document on file; the admission search is the record of looking,false
hydrogen,iea:1221,1221,bayh2-bayernoil,Bay.H2 Project - Bayern Oil Refinery,DE,admitted,Feasibility study,128,MW_input,,1,true,false,fail,true,https://bayh2.de/regenerativer-wasserstoff/,owner,2026-09-10,day,"location_statement is an adjacency (supply) to Bayernoil Raffinerie Neustadt, which does not place this row",pass,true,https://bayh2.de/regenerativer-wasserstoff/,owner,2026-09-10,day,128 MW_input as stated,fail,true,https://bayh2.de/regenerativer-wasserstoff/,owner,2026-09-10,day,no owner statement that FID has been taken,fail,true,sources/hydrogen_funder_pass.json,eufabric funder pass,2026-09-17,day,the funder lists of sources/hydrogen_funder_pass.json name no award for this project,fail,true,https://bayh2.de/regenerativer-wasserstoff/,owner,2026-09-10,day,no owner-stated start carrying a date precision,fail,true,sources/edges.json,eufabric dependency sweep,2026-09-11,day,"no edge in the dependency graph names this project; the date is the graph's newest statement, not a sweep date",true
hydrogen,iea:1249,1249,,GREEN MEIGA,ESP,unread,Feasibility study,25.988,ktH2Y,,0,false,true,unread,true,,,,,company source unreadable; queued for a browser pass,unread,true,,,,,company source unreadable; queued for a browser pass,unread,true,,,,,company source unreadable; queued for a browser pass,unread,true,,,,,company source unreadable; queued for a browser pass,unread,true,,,,,company source unreadable; queued for a browser pass,unread,true,,,,,company source unreadable; queued for a browser pass,false
hydrogen,iea:1315,1315,h2energy-njordkraft-esbjerg,H2 Energy Europe Esbjerg green hydrogen,DK,admitted,Feasibility study,1000,MW_input,,2,true,false,pass,true,https://morgenenergy.com/njordkraft/,MorGen Energy,2026-09-10,day,the admitting source names the site as 'Esbjerg',pass,true,https://morgenenergy.com/njordkraft/,owner,2026-09-10,day,1000 MW_input as stated,fail,true,https://morgenenergy.com/njordkraft/,owner,2026-09-10,day,no owner statement that FID has been taken,fail,true,sources/hydrogen_funder_pass.json,eufabric funder pass,2026-09-17,day,the funder lists of sources/hydrogen_funder_pass.json name no award for this project,fail,true,https://morgenenergy.com/njordkraft/,owner,2026-09-10,day,no owner-stated start carrying a date precision,fail,true,sources/edges.json,eufabric dependency sweep,2026-09-11,day,"no edge in the dependency graph names this project; the date is the graph's newest statement, not a sweep date",true
hydrogen,iea:1323,1323,,Shell heavy residue gasification CCUS - Pernis refinery ,NLD,perimeter exclusion,FID/Construction,100,ktH2Y,blue,0,false,false,not_searched,false,sources/report_benchmark_gap.py,eufabric perimeter,2026-09-10,day,out of perimeter; not scored,not_searched,false,sources/report_benchmark_gap.py,eufabric perimeter,2026-09-10,day,out of perimeter; not scored,not_searched,false,sources/report_benchmark_gap.py,eufabric perimeter,2026-09-10,day,out of perimeter; not scored,not_searched,false,sources/report_benchmark_gap.py,eufabric perimeter,2026-09-10,day,out of perimeter; not scored,not_searched,false,sources/report_benchmark_gap.py,eufabric perimeter,2026-09-10,day,out of perimeter; not scored,not_searched,false,sources/report_benchmark_gap.py,eufabric perimeter,2026-09-10,day,out of perimeter; not scored,false
hydrogen,iea:1326,1326,,Gonfreville Raffinerie,FRA,perimeter exclusion,Feasibility study,93.075,ktH2Y,blue,0,false,false,not_searched,false,sources/report_benchmark_gap.py,eufabric perimeter,2026-09-10,day,out of perimeter; not scored,not_searched,false,sources/report_benchmark_gap.py,eufabric perimeter,2026-09-10,day,out of perimeter; not scored,not_searched,false,sources/report_benchmark_gap.py,eufabric perimeter,2026-09-10,day,out of perimeter; not scored,not_searched,false,sources/report_benchmark_gap.py,eufabric perimeter,2026-09-10,day,out of perimeter; not scored,not_searched,false,sources/report_benchmark_gap.py,eufabric perimeter,2026-09-10,day,out of perimeter; not scored,not_searched,false,sources/report_benchmark_gap.py,eufabric perimeter,2026-09-10,day,out of perimeter; not scored,false
hydrogen,iea:1351,1351,vicat-hynovi-montalieu,Hynovi - Vicat Montalieu-Vercieu cement plant,FR,admitted,Feasibility study,330,MW_input,,2,true,false,pass,true,https://www.vicat.com/news/low-carbon-trajectory-vicat-and-hynamics-unveil-hynovi-project,owner,2026-09-10,day,row carries a position from a company or permit source,pass,true,https://www.vicat.com/news/low-carbon-trajectory-vicat-and-hynamics-unveil-hynovi-project,owner,2026-09-10,day,330 MW_input as stated,fail,true,https://www.vicat.com/news/low-carbon-trajectory-vicat-and-hynamics-unveil-hynovi-project,owner,2026-09-10,day,no owner statement that FID has been taken,fail,true,sources/hydrogen_funder_pass.json,eufabric funder pass,2026-09-17,day,the funder lists of sources/hydrogen_funder_pass.json name no award for this project,fail,true,https://www.vicat.com/news/low-carbon-trajectory-vicat-and-hynamics-unveil-hynovi-project,owner,2026-09-10,day,no owner-stated start carrying a date precision,fail,true,sources/edges.json,eufabric dependency sweep,2026-09-11,day,"no edge in the dependency graph names this project; the date is the graph's newest statement, not a sweep date",true
hydrogen,iea:1388,1388,ineos-koeln-electrolyser,INEOS Köln site,DE,admitted,Feasibility study,100,MW_input,,2,true,false,pass,true,https://www.ineos.com/news/ineos-group/ineos-green-hydrogen-project-accelerates-towards-net-zero-future-in-germany-by-2045/,INEOS,2021-10-19,day,the admitting source names the site as 'Köln-Worringen',pass,true,https://www.ineos.com/news/ineos-group/ineos-green-hydrogen-project-accelerates-towards-net-zero-future-in-germany-by-2045/,owner,2021-10-19,day,100 MW_input as stated,fail,true,https://www.ineos.com/news/ineos-group/ineos-green-hydrogen-project-accelerates-towards-net-zero-future-in-germany-by-2045/,owner,2021-10-19,day,no owner statement that FID has been taken,fail,true,sources/hydrogen_funder_pass.json,eufabric funder pass,2026-09-17,day,the funder lists of sources/hydrogen_funder_pass.json name no award for this project,fail,true,https://www.ineos.com/news/ineos-group/ineos-green-hydrogen-project-accelerates-towards-net-zero-future-in-germany-by-2045/,owner,2021-10-19,day,no owner-stated start carrying a date precision,fail,true,https://www.ineos.com/news/ineos-group/ineos-green-hydrogen-project-accelerates-towards-net-zero-future-in-germany-by-2045/,owner,2021-10-19,day,row edge carries no firmness; brief 9's axis is where rung 6 reads,true
hydrogen,iea:1426,1426,,INEOS / Petroineos Grangemouth chemicals complex,GBR,perimeter exclusion,Feasibility study,190,ktH2Y,blue,0,false,false,not_searched,false,sources/report_benchmark_gap.py,eufabric perimeter,2026-09-10,day,out of perimeter; not scored,not_searched,false,sources/report_benchmark_gap.py,eufabric perimeter,2026-09-10,day,out of perimeter; not scored,not_searched,false,sources/report_benchmark_gap.py,eufabric perimeter,2026-09-10,day,out of perimeter; not scored,not_searched,false,sources/report_benchmark_gap.py,eufabric perimeter,2026-09-10,day,out of perimeter; not scored,not_searched,false,sources/report_benchmark_gap.py,eufabric perimeter,2026-09-10,day,out of perimeter; not scored,not_searched,false,sources/report_benchmark_gap.py,eufabric perimeter,2026-09-10,day,out of perimeter; not scored,false
hydrogen,iea:1427,1427,,Air Liquide Botlek Rotterdam refinery (Porthos CCS),NLD,perimeter exclusion,FID/Construction,101.3532,ktH2Y,blue,0,false,false,not_searched,false,sources/report_benchmark_gap.py,eufabric perimeter,2026-09-10,day,out of perimeter; not scored,not_searched,false,sources/report_benchmark_gap.py,eufabric perimeter,2026-09-10,day,out of perimeter; not scored,not_searched,false,sources/report_benchmark_gap.py,eufabric perimeter,2026-09-10,day,out of perimeter; not scored,not_searched,false,sources/report_benchmark_gap.py,eufabric perimeter,2026-09-10,day,out of perimeter; not scored,not_searched,false,sources/report_benchmark_gap.py,eufabric perimeter,2026-09-10,day,out of perimeter; not scored,not_searched,false,sources/report_benchmark_gap.py,eufabric perimeter,2026-09-10,day,out of perimeter; not scored,false
hydrogen,iea:1428,1428,,Air Products Botlek Rotterdam refinery (Porthos CCS),NLD,perimeter exclusion,FID/Construction,54.75,ktH2Y,blue,0,false,false,not_searched,false,sources/report_benchmark_gap.py,eufabric perimeter,2026-09-10,day,out of perimeter; not scored,not_searched,false,sources/report_benchmark_gap.py,eufabric perimeter,2026-09-10,day,out of perimeter; not scored,not_searched,false,sources/report_benchmark_gap.py,eufabric perimeter,2026-09-10,day,out of perimeter; not scored,not_searched,false,sources/report_benchmark_gap.py,eufabric perimeter,2026-09-10,day,out of perimeter; not scored,not_searched,false,sources/report_benchmark_gap.py,eufabric perimeter,2026-09-10,day,out of perimeter; not scored,not_searched,false,sources/report_benchmark_gap.py,eufabric perimeter,2026-09-10,day,out of perimeter; not scored,false
hydrogen,iea:1437,1437,,Wasserstoffpark Lingen,DEU,named not admitted,Feasibility study,259.88,ktH2Y,,1,true,false,pass,true,https://www.get-h2.de/en/implementation/,owner,2026-09-10,day,"{'speaker': 'company', 'source_type': 'company', 'domain': 'get-h2.de', 'source_url': 'https://www.get-h2.de/en/implementation/'}",fail,true,sources/hydrogen_gap_search.json,eufabric search,2026-09-10,day,no owner document on file; the admission search is the record of looking,fail,true,sources/hydrogen_gap_search.json,eufabric search,2026-09-10,day,no owner document on file; the admission search is the record of looking,fail,true,sources/hydrogen_funder_pass.json,eufabric funder pass,2026-09-17,day,the funder lists of sources/hydrogen_funder_pass.json name no award for this entry,fail,true,sources/hydrogen_gap_search.json,eufabric search,2026-09-10,day,no owner document on file; the admission search is the record of looking,fail,true,sources/hydrogen_gap_search.json,eufabric search,2026-09-10,day,no owner document on file; the admission search is the record of looking,false
hydrogen,iea:1450,1450,,H2BE,BEL,perimeter exclusion,Feasibility study,210,ktH2Y,blue,0,false,false,not_searched,false,sources/report_benchmark_gap.py,eufabric perimeter,2026-09-10,day,out of perimeter; not scored,not_searched,false,sources/report_benchmark_gap.py,eufabric perimeter,2026-09-10,day,out of perimeter; not scored,not_searched,false,sources/report_benchmark_gap.py,eufabric perimeter,2026-09-10,day,out of perimeter; not scored,not_searched,false,sources/report_benchmark_gap.py,eufabric perimeter,2026-09-10,day,out of perimeter; not scored,not_searched,false,sources/report_benchmark_gap.py,eufabric perimeter,2026-09-10,day,out of perimeter; not scored,not_searched,false,sources/report_benchmark_gap.py,eufabric perimeter,2026-09-10,day,out of perimeter; not scored,false
hydrogen,iea:1477,1477,h2v-fos-marseille,H2V Marseille - Fos,FR,admitted,Feasibility study,600,MW_input,,2,true,false,pass,true,https://www.marseille-port.fr/en/projets/h2v-fos-et-le-port-de-marseille-fos,Grand Port Maritime de Marseille,2026-09-10,day,the admitting source names the site as 'Port of Marseille Fos',pass,true,https://www.marseille-port.fr/en/projets/h2v-fos-et-le-port-de-marseille-fos,owner,2026-09-10,day,600 MW_input as stated,fail,true,https://www.marseille-port.fr/en/projets/h2v-fos-et-le-port-de-marseille-fos,owner,2026-09-10,day,no owner statement that FID has been taken,fail,true,sources/hydrogen_funder_pass.json,eufabric funder pass,2026-09-17,day,the funder lists of sources/hydrogen_funder_pass.json name no award for this project,fail,true,https://www.marseille-port.fr/en/projets/h2v-fos-et-le-port-de-marseille-fos,owner,2026-09-10,day,no owner-stated start carrying a date precision,fail,true,sources/edges.json,eufabric dependency sweep,2026-09-11,day,"no edge in the dependency graph names this project; the date is the graph's newest statement, not a sweep date",true
hydrogen,iea:1489,1489,catalina-teruel-sagunto,"Catalina Project, Phase 1",ES,admitted,Feasibility study,500,MW_input,,3,true,false,pass,true,https://ec.europa.eu/assets/cinea/project_fiches/innovation_fund/101179454.pdf,European Commission — CINEA · Innovation Fund,2026-09-09,day,"the admitting source names the site as 'Andorra, Teruel'",pass,true,https://www.naturgy.com/en/press-release/copenhagen-infrastructure-partners-announces-partnership-with-enagas-naturgy-fertiberia-and-vestas-to-build-a-project-for-the-large-scale-production-of-green-hydrogen-and-ammonia-in-spain/,owner,2023-03-10,day,500 MW_input as stated,fail,true,https://ec.europa.eu/assets/cinea/project_fiches/innovation_fund/101179454.pdf,owner,2026-09-09,day,no owner statement that FID has been taken,pass,true,https://cinea.ec.europa.eu/news-events/news/winners-first-eu-wide-renewable-hydrogen-auction-sign-grant-agreements-paving-way-new-european-2024-10-08_en,European Commission (CINEA),2024-10-07,day,Innovation Fund IF23 auction (European Hydrogen Bank) names 'Catalina'; matched on a document naming both,fail,true,https://ec.europa.eu/assets/cinea/project_fiches/innovation_fund/101179454.pdf,owner,2026-09-09,day,no owner-stated start carrying a date precision,fail,true,https://www.naturgy.com/en/press-release/copenhagen-infrastructure-partners-announces-partnership-with-enagas-naturgy-fertiberia-and-vestas-to-build-a-project-for-the-large-scale-production-of-green-hydrogen-and-ammonia-in-spain/,owner,2023-03-10,day,row edge carries no firmness; brief 9's axis is where rung 6 reads,true
hydrogen,iea:1493,1493,rwe-pembroke-green-hydrogen,Pembroke power station - Pembroke Green Hydrogen/Net Zero Centre (Phase 1),GB,admitted,Feasibility study,100,MW_input,,1,true,false,fail,true,https://uk.rwe.com/innovation/pembroke-net-zero-centre-pnzc/pembroke-green-hydrogen/,owner,2026-09-10,day,"location_statement is an adjacency (adjacency) to Pembroke Power Station, which does not place this row",pass,true,https://uk.rwe.com/innovation/pembroke-net-zero-centre-pnzc/pembroke-green-hydrogen/,owner,2026-09-10,day,100 MW_input as stated,fail,true,https://uk.rwe.com/innovation/pembroke-net-zero-centre-pnzc/pembroke-green-hydrogen/,owner,2026-09-10,day,no owner statement that FID has been taken,fail,true,sources/hydrogen_funder_pass.json,eufabric funder pass,2026-09-17,day,the funder lists of sources/hydrogen_funder_pass.json name no award for this project,fail,true,https://uk.rwe.com/innovation/pembroke-net-zero-centre-pnzc/pembroke-green-hydrogen/,owner,2026-09-10,day,no owner-stated start carrying a date precision,fail,true,sources/edges.json,eufabric dependency sweep,2026-09-11,day,"no edge in the dependency graph names this project; the date is the graph's newest statement, not a sweep date",true
hydrogen,iea:1503,1503,,Green CCU Hub Aalborg,DNK,none found,Feasibility study,20.7904,ktH2Y,,0,true,false,fail,true,sources/hydrogen_gap_search.json,eufabric search,2026-09-10,day,admission search found no owner or permit source,fail,true,sources/hydrogen_gap_search.json,eufabric search,2026-09-10,day,no owner document on file; the admission search is the record of looking,fail,true,sources/hydrogen_gap_search.json,eufabric search,2026-09-10,day,no owner document on file; the admission search is the record of looking,fail,true,sources/hydrogen_funder_pass.json,eufabric funder pass,2026-09-17,day,the funder lists of sources/hydrogen_funder_pass.json name no award for this entry,fail,true,sources/hydrogen_gap_search.json,eufabric search,2026-09-10,day,no owner document on file; the admission search is the record of looking,fail,true,sources/hydrogen_gap_search.json,eufabric search,2026-09-10,day,no owner document on file; the admission search is the record of looking,false
hydrogen,iea:1505,1505,,Green lab skive (Phase III),DNK,none found,Concept,39.15525333,ktH2Y,,0,true,false,fail,true,sources/hydrogen_gap_search.json,eufabric search,2026-09-10,day,admission search found no owner or permit source,fail,true,sources/hydrogen_gap_search.json,eufabric search,2026-09-10,day,no owner document on file; the admission search is the record of looking,fail,true,sources/hydrogen_gap_search.json,eufabric search,2026-09-10,day,no owner document on file; the admission search is the record of looking,fail,true,sources/hydrogen_funder_pass.json,eufabric funder pass,2026-09-17,day,the funder lists of sources/hydrogen_funder_pass.json name no award for this entry,fail,true,sources/hydrogen_gap_search.json,eufabric search,2026-09-10,day,no owner document on file; the admission search is the record of looking,fail,true,sources/hydrogen_gap_search.json,eufabric search,2026-09-10,day,no owner document on file; the admission search is the record of looking,false
hydrogen,iea:1541,1541,,"BP Castellon refinery, phase 2",ESP,none found,Feasibility study,17.32533333,ktH2Y,,0,true,false,fail,true,sources/hydrogen_gap_search.json,eufabric search,2026-09-10,day,admission search found no owner or permit source,fail,true,sources/hydrogen_gap_search.json,eufabric search,2026-09-10,day,no owner document on file; the admission search is the record of looking,fail,true,sources/hydrogen_gap_search.json,eufabric search,2026-09-10,day,no owner document on file; the admission search is the record of looking,fail,true,sources/hydrogen_funder_pass.json,eufabric funder pass,2026-09-17,day,the funder lists of sources/hydrogen_funder_pass.json name no award for this entry,fail,true,sources/hydrogen_gap_search.json,eufabric search,2026-09-10,day,no owner document on file; the admission search is the record of looking,fail,true,sources/hydrogen_gap_search.json,eufabric search,2026-09-10,day,no owner document on file; the admission search is the record of looking,false
hydrogen,iea:1548,1548,,Lacq Hydrogen,ESP,none found,Concept,1000,ktH2Y,,0,true,false,fail,true,sources/hydrogen_gap_search.json,eufabric search,2026-09-10,day,admission search found no owner or permit source,fail,true,sources/hydrogen_gap_search.json,eufabric search,2026-09-10,day,no owner document on file; the admission search is the record of looking,fail,true,sources/hydrogen_gap_search.json,eufabric search,2026-09-10,day,no owner document on file; the admission search is the record of looking,fail,true,sources/hydrogen_funder_pass.json,eufabric funder pass,2026-09-17,day,the funder lists of sources/hydrogen_funder_pass.json name no award for this entry,fail,true,sources/hydrogen_gap_search.json,eufabric search,2026-09-10,day,no owner document on file; the admission search is the record of looking,fail,true,sources/hydrogen_gap_search.json,eufabric search,2026-09-10,day,no owner document on file; the admission search is the record of looking,false
hydrogen,iea:1549,1549,,"First HyDeal hub, phase 1",ESP,none found,Feasibility study,207.904,ktH2Y,,0,true,false,fail,true,sources/hydrogen_gap_search.json,eufabric search,2026-09-10,day,admission search found no owner or permit source,fail,true,sources/hydrogen_gap_search.json,eufabric search,2026-09-10,day,no owner document on file; the admission search is the record of looking,fail,true,sources/hydrogen_gap_search.json,eufabric search,2026-09-10,day,no owner document on file; the admission search is the record of looking,fail,true,sources/hydrogen_funder_pass.json,eufabric funder pass,2026-09-17,day,the funder lists of sources/hydrogen_funder_pass.json name no award for this entry,fail,true,sources/hydrogen_gap_search.json,eufabric search,2026-09-10,day,no owner document on file; the admission search is the record of looking,fail,true,sources/hydrogen_gap_search.json,eufabric search,2026-09-10,day,no owner document on file; the admission search is the record of looking,false
hydrogen,iea:1612,1612,,Hidroversol Castilla y León,ESP,named not admitted,Feasibility study,34.65066667,ktH2Y,,1,true,false,pass,true,https://www.boe.es/diario_boe/txt.php?id=BOE-B-2024-32888,permit,2026-09-10,day,"{'speaker': 'permit', 'source_type': 'permit', 'domain': 'boe.es', 'source_url': 'https://www.boe.es/diario_boe/txt.php?id=BOE-B-2024-32888'}",fail,true,sources/hydrogen_gap_search.json,eufabric search,2026-09-10,day,no owner document on file; the admission search is the record of looking,fail,true,sources/hydrogen_gap_search.json,eufabric search,2026-09-10,day,no owner document on file; the admission search is the record of looking,fail,true,sources/hydrogen_funder_pass.json,eufabric funder pass,2026-09-17,day,the funder lists of sources/hydrogen_funder_pass.json name no award for this entry,fail,true,sources/hydrogen_gap_search.json,eufabric search,2026-09-10,day,no owner document on file; the admission search is the record of looking,fail,true,sources/hydrogen_gap_search.json,eufabric search,2026-09-10,day,no owner document on file; the admission search is the record of looking,false
hydrogen,iea:1623,1623,,Emil'Hy- (Phase 1),FRA,unread,Concept,34.65066667,ktH2Y,,0,false,true,unread,true,,,,,company source unreadable; queued for a browser pass,unread,true,,,,,company source unreadable; queued for a browser pass,unread,true,,,,,company source unreadable; queued for a browser pass,unread,true,,,,,company source unreadable; queued for a browser pass,unread,true,,,,,company source unreadable; queued for a browser pass,unread,true,,,,,company source unreadable; queued for a browser pass,false
hydrogen,iea:1640,1640,,Teesside Hydrogen CO2 Capture/H2NorthEast Phase 1,GBR,perimeter exclusion,Feasibility study,88.6293,ktH2Y,blue,0,false,false,not_searched,false,sources/report_benchmark_gap.py,eufabric perimeter,2026-09-10,day,out of perimeter; not scored,not_searched,false,sources/report_benchmark_gap.py,eufabric perimeter,2026-09-10,day,out of perimeter; not scored,not_searched,false,sources/report_benchmark_gap.py,eufabric perimeter,2026-09-10,day,out of perimeter; not scored,not_searched,false,sources/report_benchmark_gap.py,eufabric perimeter,2026-09-10,day,out of perimeter; not scored,not_searched,false,sources/report_benchmark_gap.py,eufabric perimeter,2026-09-10,day,out of perimeter; not scored,not_searched,false,sources/report_benchmark_gap.py,eufabric perimeter,2026-09-10,day,out of perimeter; not scored,false
hydrogen,iea:1641,1641,,Teesside Hydrogen CO2 Capture/H2NorthEast Phase 2,GBR,perimeter exclusion,Feasibility study,161.0307,ktH2Y,blue,0,false,false,not_searched,false,sources/report_benchmark_gap.py,eufabric perimeter,2026-09-10,day,out of perimeter; not scored,not_searched,false,sources/report_benchmark_gap.py,eufabric perimeter,2026-09-10,day,out of perimeter; not scored,not_searched,false,sources/report_benchmark_gap.py,eufabric perimeter,2026-09-10,day,out of perimeter; not scored,not_searched,false,sources/report_benchmark_gap.py,eufabric perimeter,2026-09-10,day,out of perimeter; not scored,not_searched,false,sources/report_benchmark_gap.py,eufabric perimeter,2026-09-10,day,out of perimeter; not scored,not_searched,false,sources/report_benchmark_gap.py,eufabric perimeter,2026-09-10,day,out of perimeter; not scored,false
hydrogen,iea:1643,1643,,Wilheimshaven Energy Hub BlueHyNow,DEU,perimeter exclusion,Concept,155.928,ktH2Y,blue,0,false,false,not_searched,false,sources/report_benchmark_gap.py,eufabric perimeter,2026-09-10,day,out of perimeter; not scored,not_searched,false,sources/report_benchmark_gap.py,eufabric perimeter,2026-09-10,day,out of perimeter; not scored,not_searched,false,sources/report_benchmark_gap.py,eufabric perimeter,2026-09-10,day,out of perimeter; not scored,not_searched,false,sources/report_benchmark_gap.py,eufabric perimeter,2026-09-10,day,out of perimeter; not scored,not_searched,false,sources/report_benchmark_gap.py,eufabric perimeter,2026-09-10,day,out of perimeter; not scored,not_searched,false,sources/report_benchmark_gap.py,eufabric perimeter,2026-09-10,day,out of perimeter; not scored,false
hydrogen,iea:1654,1654,,HyKero,DEU,none found,Concept,65.78947368,ktH2Y,,0,true,false,fail,true,sources/hydrogen_gap_search.json,eufabric search,2026-09-10,day,admission search found no owner or permit source,fail,true,sources/hydrogen_gap_search.json,eufabric search,2026-09-10,day,no owner document on file; the admission search is the record of looking,fail,true,sources/hydrogen_gap_search.json,eufabric search,2026-09-10,day,no owner document on file; the admission search is the record of looking,fail,true,sources/hydrogen_funder_pass.json,eufabric funder pass,2026-09-17,day,the funder lists of sources/hydrogen_funder_pass.json name no award for this entry,fail,true,sources/hydrogen_gap_search.json,eufabric search,2026-09-10,day,no owner document on file; the admission search is the record of looking,fail,true,sources/hydrogen_gap_search.json,eufabric search,2026-09-10,day,no owner document on file; the admission search is the record of looking,false
hydrogen,iea:1662,1662,,Barsebäck Hydrogen Hub,SWE,none found,Concept,17.32533333,ktH2Y,,0,true,false,fail,true,sources/hydrogen_gap_search.json,eufabric search,2026-09-10,day,admission search found no owner or permit source,fail,true,sources/hydrogen_gap_search.json,eufabric search,2026-09-10,day,no owner document on file; the admission search is the record of looking,fail,true,sources/hydrogen_gap_search.json,eufabric search,2026-09-10,day,no owner document on file; the admission search is the record of looking,fail,true,sources/hydrogen_funder_pass.json,eufabric funder pass,2026-09-17,day,the funder lists of sources/hydrogen_funder_pass.json name no award for this entry,fail,true,sources/hydrogen_gap_search.json,eufabric search,2026-09-10,day,no owner document on file; the admission search is the record of looking,fail,true,sources/hydrogen_gap_search.json,eufabric search,2026-09-10,day,no owner document on file; the admission search is the record of looking,false
hydrogen,iea:1663,1663,,BotnialänkenH2,SWE,unread,Concept,17.32533333,ktH2Y,,0,false,true,unread,true,,,,,company source unreadable; queued for a browser pass,unread,true,,,,,company source unreadable; queued for a browser pass,unread,true,,,,,company source unreadable; queued for a browser pass,unread,true,,,,,company source unreadable; queued for a browser pass,unread,true,,,,,company source unreadable; queued for a browser pass,unread,true,,,,,company source unreadable; queued for a browser pass,false
hydrogen,iea:1806,1806,,Holland Hydrogen - phase 2,NLD,unread,Feasibility study,33.8973913,ktH2Y,,0,false,true,unread,true,,,,,company source unreadable; queued for a browser pass,unread,true,,,,,company source unreadable; queued for a browser pass,unread,true,,,,,company source unreadable; queued for a browser pass,unread,true,,,,,company source unreadable; queued for a browser pass,unread,true,,,,,company source unreadable; queued for a browser pass,unread,true,,,,,company source unreadable; queued for a browser pass,false
hydrogen,iea:1807,1807,hycc-h2era-amsterdam,H2era,NL,admitted,Feasibility study,500,MW_input,,2,true,false,pass,true,https://www.hycc.com/en/projects/h2era,HyCC,2026-09-10,day,the admitting source names the site as 'Port of Amsterdam',pass,true,https://www.hycc.com/en/projects/h2era,owner,2026-09-10,day,500 MW_input as stated,fail,true,https://www.hycc.com/en/projects/h2era,owner,2026-09-10,day,no owner statement that FID has been taken,fail,true,sources/hydrogen_funder_pass.json,eufabric funder pass,2026-09-17,day,the funder lists of sources/hydrogen_funder_pass.json name no award for this project,fail,true,https://www.hycc.com/en/projects/h2era,owner,2026-09-10,day,no owner-stated start carrying a date precision,fail,true,sources/edges.json,eufabric dependency sweep,2026-09-11,day,"no edge in the dependency graph names this project; the date is the graph's newest statement, not a sweep date",true
hydrogen,iea:1812,1812,,"Tees Green Hydrogen, phase 2",GBR,none found,Feasibility study,17.99169231,ktH2Y,,0,true,false,fail,true,sources/hydrogen_gap_search.json,eufabric search,2026-09-10,day,admission search found no owner or permit source,fail,true,sources/hydrogen_gap_search.json,eufabric search,2026-09-10,day,no owner document on file; the admission search is the record of looking,fail,true,sources/hydrogen_gap_search.json,eufabric search,2026-09-10,day,no owner document on file; the admission search is the record of looking,fail,true,sources/hydrogen_funder_pass.json,eufabric funder pass,2026-09-17,day,the funder lists of sources/hydrogen_funder_pass.json name no award for this entry,fail,true,sources/hydrogen_gap_search.json,eufabric search,2026-09-10,day,no owner document on file; the admission search is the record of looking,fail,true,sources/hydrogen_gap_search.json,eufabric search,2026-09-10,day,no owner document on file; the admission search is the record of looking,false
hydrogen,iea:1813,1813,,GravitHy,FRA,perimeter exclusion,Feasibility study,121.2773333,ktH2Y,DRI or other perimeter exclusion,0,false,false,not_searched,false,sources/report_benchmark_gap.py,eufabric perimeter,2026-09-10,day,out of perimeter; not scored,not_searched,false,sources/report_benchmark_gap.py,eufabric perimeter,2026-09-10,day,out of perimeter; not scored,not_searched,false,sources/report_benchmark_gap.py,eufabric perimeter,2026-09-10,day,out of perimeter; not scored,not_searched,false,sources/report_benchmark_gap.py,eufabric perimeter,2026-09-10,day,out of perimeter; not scored,not_searched,false,sources/report_benchmark_gap.py,eufabric perimeter,2026-09-10,day,out of perimeter; not scored,not_searched,false,sources/report_benchmark_gap.py,eufabric perimeter,2026-09-10,day,out of perimeter; not scored,false
hydrogen,iea:1816,1816,,Navigator - P2X-Europe JV,PRT,named not admitted,Feasibility study,52.63157895,ktH2Y,,1,true,false,pass,true,https://www.p2x-europe.com/news/detail/the-navigator-company-and-p2x-europe-announce-a-unique-joint-venture-in-portugal-to-produce-green-non-fossil-synthetic-efuels-and-scale-up-power-to-liquid-business/,owner,2026-09-10,day,"{'speaker': 'company', 'source_type': 'company', 'domain': 'p2x-europe.com', 'source_url': 'https://www.p2x-europe.com/news/detail/the-navigator-company-and-p2x-europe-announce-a-unique-joint-venture-in-portugal-to-produce-green-non-fossil-synthetic-efuels-and-scale-up-power-to-liquid-business/'}",fail,true,sources/hydrogen_gap_search.json,eufabric search,2026-09-10,day,no owner document on file; the admission search is the record of looking,fail,true,sources/hydrogen_gap_search.json,eufabric search,2026-09-10,day,no owner document on file; the admission search is the record of looking,fail,true,sources/hydrogen_funder_pass.json,eufabric funder pass,2026-09-17,day,the funder lists of sources/hydrogen_funder_pass.json name no award for this entry,fail,true,sources/hydrogen_gap_search.json,eufabric search,2026-09-10,day,no owner document on file; the admission search is the record of looking,fail,true,sources/hydrogen_gap_search.json,eufabric search,2026-09-10,day,no owner document on file; the admission search is the record of looking,false
hydrogen,iea:1826,1826,,"PanHy, phase 2",AUT,none found,Concept,41.5808,ktH2Y,,0,true,false,fail,true,sources/hydrogen_gap_search.json,eufabric search,2026-09-10,day,admission search found no owner or permit source,fail,true,sources/hydrogen_gap_search.json,eufabric search,2026-09-10,day,no owner document on file; the admission search is the record of looking,fail,true,sources/hydrogen_gap_search.json,eufabric search,2026-09-10,day,no owner document on file; the admission search is the record of looking,fail,true,sources/hydrogen_funder_pass.json,eufabric funder pass,2026-09-17,day,the funder lists of sources/hydrogen_funder_pass.json name no award for this entry,fail,true,sources/hydrogen_gap_search.json,eufabric search,2026-09-10,day,no owner document on file; the admission search is the record of looking,fail,true,sources/hydrogen_gap_search.json,eufabric search,2026-09-10,day,no owner document on file; the admission search is the record of looking,false
hydrogen,iea:1843,1843,,"Dylan, phase 1",GBR,none found,Concept,51.976,ktH2Y,,0,true,false,fail,true,sources/hydrogen_gap_search.json,eufabric search,2026-09-10,day,admission search found no owner or permit source,fail,true,sources/hydrogen_gap_search.json,eufabric search,2026-09-10,day,no owner document on file; the admission search is the record of looking,fail,true,sources/hydrogen_gap_search.json,eufabric search,2026-09-10,day,no owner document on file; the admission search is the record of looking,fail,true,sources/hydrogen_funder_pass.json,eufabric funder pass,2026-09-17,day,the funder lists of sources/hydrogen_funder_pass.json name no award for this entry,fail,true,sources/hydrogen_gap_search.json,eufabric search,2026-09-10,day,no owner document on file; the admission search is the record of looking,fail,true,sources/hydrogen_gap_search.json,eufabric search,2026-09-10,day,no owner document on file; the admission search is the record of looking,false
hydrogen,iea:1866,1866,gen2-nesbruket-mosjoen,"Nesbruket Gen2 plant 1, Mosjøen   ",NO,admitted,Feasibility study,195,MW_input,,2,true,false,pass,true,https://gen2energy.com/production-sites/,Gen2 Energy,2026-09-10,day,"the admitting source names the site as 'Nesbruket, Mosjoen (Vefsn)'",pass,true,https://gen2energy.com/production-sites/,owner,2026-09-10,day,195 MW_input as stated,fail,true,https://gen2energy.com/production-sites/,owner,2026-09-10,day,no owner statement that FID has been taken,fail,true,sources/hydrogen_funder_pass.json,eufabric funder pass,2026-09-17,day,the funder lists of sources/hydrogen_funder_pass.json name no award for this project,fail,true,https://gen2energy.com/production-sites/,owner,2026-09-10,day,no owner-stated start carrying a date precision,fail,true,sources/edges.json,eufabric dependency sweep,2026-09-11,day,"no edge in the dependency graph names this project; the date is the graph's newest statement, not a sweep date",true
hydrogen,iea:1867,1867,gen2-monstad-afjord,"Gen2 Energy, Åfjord ",NO,admitted,Feasibility study,150,MW_input,,2,true,false,pass,true,https://gen2energy.com/production-sites/,Gen2 Energy,2026-09-10,day,"the admitting source names the site as 'Monstad, Afjord'",pass,true,https://gen2energy.com/production-sites/,owner,2026-09-10,day,150 MW_input as stated,fail,true,https://gen2energy.com/production-sites/,owner,2026-09-10,day,no owner statement that FID has been taken,fail,true,sources/hydrogen_funder_pass.json,eufabric funder pass,2026-09-17,day,the funder lists of sources/hydrogen_funder_pass.json name no award for this project,fail,true,https://gen2energy.com/production-sites/,owner,2026-09-10,day,no owner-stated start carrying a date precision,fail,true,sources/edges.json,eufabric dependency sweep,2026-09-11,day,"no edge in the dependency graph names this project; the date is the graph's newest statement, not a sweep date",true
hydrogen,iea:1878,1878,,BrintØ - Hydrogen Island,DNK,none found,Concept,1818.181818,ktH2Y,,0,true,false,fail,true,sources/hydrogen_gap_search.json,eufabric search,2026-09-10,day,admission search found no owner or permit source,fail,true,sources/hydrogen_gap_search.json,eufabric search,2026-09-10,day,no owner document on file; the admission search is the record of looking,fail,true,sources/hydrogen_gap_search.json,eufabric search,2026-09-10,day,no owner document on file; the admission search is the record of looking,fail,true,sources/hydrogen_funder_pass.json,eufabric funder pass,2026-09-17,day,the funder lists of sources/hydrogen_funder_pass.json name no award for this entry,fail,true,sources/hydrogen_gap_search.json,eufabric search,2026-09-10,day,no owner document on file; the admission search is the record of looking,fail,true,sources/hydrogen_gap_search.json,eufabric search,2026-09-10,day,no owner document on file; the admission search is the record of looking,false
hydrogen,iea:1881,1881,madoqua-power2x-sines,MadoquaPower2X - Sines - phase 1,PT,admitted,Feasibility study,500,MW_input,,3,true,false,pass,true,https://madoquapower2x.com/,MadoquaPower2X,2026-09-10,day,the admitting source names the site as 'Zona Industrial e Logistica de Sines',pass,true,https://madoquapower2x.com/,owner,2026-09-10,day,500 MW_input as stated,fail,true,https://madoquapower2x.com/,owner,2026-09-10,day,no owner statement that FID has been taken,pass,true,https://cinea.ec.europa.eu/news-events/news/winners-first-eu-wide-renewable-hydrogen-auction-sign-grant-agreements-paving-way-new-european-2024-10-08_en,European Commission (CINEA),2024-10-07,day,Innovation Fund IF23 auction (European Hydrogen Bank) names 'MP2X'; matched on a document naming both,fail,true,https://madoquapower2x.com/,owner,2026-09-10,day,no owner-stated start carrying a date precision,fail,true,sources/edges.json,eufabric dependency sweep,2026-09-11,day,"no edge in the dependency graph names this project; the date is the graph's newest statement, not a sweep date",true
hydrogen,iea:1907,1907,,"P2X Europe - Nordic Electrofuel Porsgrunn project, phase 2",NOR,none found,Concept,995.7894737,ktH2Y,,0,true,false,fail,true,sources/hydrogen_gap_search.json,eufabric search,2026-09-10,day,admission search found no owner or permit source,fail,true,sources/hydrogen_gap_search.json,eufabric search,2026-09-10,day,no owner document on file; the admission search is the record of looking,fail,true,sources/hydrogen_gap_search.json,eufabric search,2026-09-10,day,no owner document on file; the admission search is the record of looking,fail,true,sources/hydrogen_funder_pass.json,eufabric funder pass,2026-09-17,day,the funder lists of sources/hydrogen_funder_pass.json name no award for this entry,fail,true,sources/hydrogen_gap_search.json,eufabric search,2026-09-10,day,no owner document on file; the admission search is the record of looking,fail,true,sources/hydrogen_gap_search.json,eufabric search,2026-09-10,day,no owner document on file; the admission search is the record of looking,false
hydrogen,iea:1911,1911,,"MoU Shell - Mitsubishi, phase2",NLD,unread,Concept,1090.909091,ktH2Y,,0,false,true,unread,true,,,,,company source unreadable; queued for a browser pass,unread,true,,,,,company source unreadable; queued for a browser pass,unread,true,,,,,company source unreadable; queued for a browser pass,unread,true,,,,,company source unreadable; queued for a browser pass,unread,true,,,,,company source unreadable; queued for a browser pass,unread,true,,,,,company source unreadable; queued for a browser pass,false
hydrogen,iea:1949,1949,,Grandpuits biorefinery,FRA,perimeter exclusion,FID/Construction,20,ktH2Y,blue,0,false,false,not_searched,false,sources/report_benchmark_gap.py,eufabric perimeter,2026-09-10,day,out of perimeter; not scored,not_searched,false,sources/report_benchmark_gap.py,eufabric perimeter,2026-09-10,day,out of perimeter; not scored,not_searched,false,sources/report_benchmark_gap.py,eufabric perimeter,2026-09-10,day,out of perimeter; not scored,not_searched,false,sources/report_benchmark_gap.py,eufabric perimeter,2026-09-10,day,out of perimeter; not scored,not_searched,false,sources/report_benchmark_gap.py,eufabric perimeter,2026-09-10,day,out of perimeter; not scored,not_searched,false,sources/report_benchmark_gap.py,eufabric perimeter,2026-09-10,day,out of perimeter; not scored,false
hydrogen,iea:1969,1969,carlton-trafford-green-hydrogen,Trafford Low Carbon Energy Park  - phase 2,GB,admitted,Concept,200,MW_input,,3,true,false,pass,true,https://www.traffordgreenhydrogen.co.uk/theproject,Carlton Power,2026-09-10,day,"the admitting source names the site as 'Trafford Low Carbon Energy Park, Carrington'",pass,true,https://www.traffordgreenhydrogen.co.uk/theproject,owner,2026-09-10,day,200 MW_input as stated,fail,true,https://www.traffordgreenhydrogen.co.uk/theproject,owner,2026-09-10,day,no owner statement that FID has been taken,pass,true,https://www.gov.uk/government/publications/hydrogen-production-business-model-net-zero-hydrogen-fund-shortlisted-projects/hydrogen-production-business-model-net-zero-hydrogen-fund-har1-successful-projects,DESNZ,2023-12-14,day,Hydrogen Allocation Round 1 (HAR1) names 'Trafford Green Hydrogen'; matched on a document naming both,fail,true,https://www.traffordgreenhydrogen.co.uk/theproject,owner,2026-09-10,day,no owner-stated start carrying a date precision,fail,true,sources/edges.json,eufabric dependency sweep,2026-09-11,day,"no edge in the dependency graph names this project; the date is the graph's newest statement, not a sweep date",true
hydrogen,iea:1973,1973,volth2-wilhelmshaven,Wilhelmshaven - VoltH2,DE,admitted,Feasibility study,100,MW_input,,2,true,false,pass,true,https://en.volth2.com/wilhelmshaven,VoltH2,2026-09-10,day,"the admitting source names the site as 'NPorts land, Wilhelmshaven'",pass,true,https://en.volth2.com/wilhelmshaven,owner,2026-09-10,day,100 MW_input as stated,fail,true,https://en.volth2.com/wilhelmshaven,owner,2026-09-10,day,no owner statement that FID has been taken,fail,true,sources/hydrogen_funder_pass.json,eufabric funder pass,2026-09-17,day,the funder lists of sources/hydrogen_funder_pass.json name no award for this project,fail,true,https://en.volth2.com/wilhelmshaven,owner,2026-09-10,day,no owner-stated start carrying a date precision,fail,true,sources/edges.json,eufabric dependency sweep,2026-09-11,day,"no edge in the dependency graph names this project; the date is the graph's newest statement, not a sweep date",true
hydrogen,iea:1996,1996,,"Moeve San Roque Energy Park (Algeciras) - Andalusian Green Hydrogen Valley
CARTEIA Project - Phase 1",ESP,named not admitted,Feasibility study,86.62666667,ktH2Y,,1,true,false,pass,true,https://www.moeveglobal.com/en/businesses/commercial-clean-energies/green-hydrogen/green-hydrogen-production-at-moeve,owner,2026-09-10,day,"{'speaker': 'company', 'source_type': 'company', 'domain': 'moeveglobal.com', 'source_url': 'https://www.moeveglobal.com/en/businesses/commercial-clean-energies/green-hydrogen/green-hydrogen-production-at-moeve'}",fail,true,sources/hydrogen_gap_search.json,eufabric search,2026-09-10,day,no owner document on file; the admission search is the record of looking,fail,true,sources/hydrogen_gap_search.json,eufabric search,2026-09-10,day,no owner document on file; the admission search is the record of looking,fail,true,sources/hydrogen_funder_pass.json,eufabric funder pass,2026-09-17,day,the funder lists of sources/hydrogen_funder_pass.json name no award for this entry,fail,true,sources/hydrogen_gap_search.json,eufabric search,2026-09-10,day,no owner document on file; the admission search is the record of looking,fail,true,sources/hydrogen_gap_search.json,eufabric search,2026-09-10,day,no owner document on file; the admission search is the record of looking,false
hydrogen,iea:1997,1997,moeve-onuba-huelva,"Moeve La Rábida Energy Park (Huelva) - phase 1 - Andalusian Green Hydrogen Valley
ONUBA I Project (Together with THARSIS: LUXIA project)",ES,admitted,FID/Construction,300,MW_input,,4,true,false,pass,true,https://www.moeveglobal.com/en/press/moeve-investment-andalusian-green-hydrogen-valley-onuba-huelva,owner,2026-05-11,day,row carries a position from a company or permit source,pass,true,https://www.moeveglobal.com/en/press/moeve-investment-andalusian-green-hydrogen-valley-onuba-huelva,owner,2026-05-11,day,300 MW_input as stated,pass,true,https://www.moeveglobal.com/en/press/moeve-investment-andalusian-green-hydrogen-valley-onuba-huelva,owner,2026-05-11,day,status_to fid,pass,true,https://www.moeveglobal.com/en/press/moeve-green-hydrogen-andalusia-perte-erha,funder,2025-09-16,day,"PERTE ERHA — Hydrogen Valleys, Spanish Recovery, Transformation and Resilience Plan (NextGenerationEU) publishes an award naming this project",fail,true,https://www.moeveglobal.com/en/press/moeve-investment-andalusian-green-hydrogen-valley-onuba-huelva,owner,2026-05-11,day,no owner-stated start carrying a date precision,fail,true,https://www.moeveglobal.com/en/press/moeve-investment-andalusian-green-hydrogen-valley-onuba-huelva,owner,2026-05-11,day,row edge carries no firmness; brief 9's axis is where rung 6 reads,true
hydrogen,iea:2004,2004,,Hellenic Hydrogen in  Western Macedonia,GRC,named not admitted,Feasibility study,17.32533333,ktH2Y,,1,true,false,pass,true,https://www.hellenic-hydrogen.gr/en/projects/,owner,2026-09-10,day,"{'speaker': 'company', 'source_type': 'company', 'domain': 'hellenic-hydrogen.gr', 'source_url': 'https://www.hellenic-hydrogen.gr/en/projects/'}",fail,true,sources/hydrogen_gap_search.json,eufabric search,2026-09-10,day,no owner document on file; the admission search is the record of looking,fail,true,sources/hydrogen_gap_search.json,eufabric search,2026-09-10,day,no owner document on file; the admission search is the record of looking,fail,true,sources/hydrogen_funder_pass.json,eufabric funder pass,2026-09-17,day,the funder lists of sources/hydrogen_funder_pass.json name no award for this entry,fail,true,sources/hydrogen_gap_search.json,eufabric search,2026-09-10,day,no owner document on file; the admission search is the record of looking,fail,true,sources/hydrogen_gap_search.json,eufabric search,2026-09-10,day,no owner document on file; the admission search is the record of looking,false
hydrogen,iea:2015,2015,plugpower-kokkola,Plug Power Kokkola plant,FI,admitted,Feasibility study,1000,MW_input,,2,true,false,pass,true,https://www.ir.plugpower.com/press-releases/news-details/2023/Plug-Power-Makes-Major-Strategic-Move-into-Finlands-Green-Hydrogen-Economy-with-its-Proven-PEM-Electrolyzer-and-Liquefaction-Technology/default.aspx,Plug Power,2026-09-10,day,the admitting source names the site as 'Kokkola',pass,true,https://www.ir.plugpower.com/press-releases/news-details/2023/Plug-Power-Makes-Major-Strategic-Move-into-Finlands-Green-Hydrogen-Economy-with-its-Proven-PEM-Electrolyzer-and-Liquefaction-Technology/default.aspx,owner,2026-09-10,day,1000 MW_input as stated,fail,true,https://www.ir.plugpower.com/press-releases/news-details/2023/Plug-Power-Makes-Major-Strategic-Move-into-Finlands-Green-Hydrogen-Economy-with-its-Proven-PEM-Electrolyzer-and-Liquefaction-Technology/default.aspx,owner,2026-09-10,day,no owner statement that FID has been taken,fail,true,sources/hydrogen_funder_pass.json,eufabric funder pass,2026-09-17,day,the funder lists of sources/hydrogen_funder_pass.json name no award for this project,fail,true,https://www.ir.plugpower.com/press-releases/news-details/2023/Plug-Power-Makes-Major-Strategic-Move-into-Finlands-Green-Hydrogen-Economy-with-its-Proven-PEM-Electrolyzer-and-Liquefaction-Technology/default.aspx,owner,2026-09-10,day,no owner-stated start carrying a date precision,fail,true,sources/edges.json,eufabric dependency sweep,2026-09-11,day,"no edge in the dependency graph names this project; the date is the graph's newest statement, not a sweep date",true
hydrogen,iea:2016,2016,plugpower-kristinestad,Plug Power Kristinestad plant,FI,admitted,Feasibility study,1000,MW_input,,2,true,false,pass,true,https://www.ir.plugpower.com/press-releases/news-details/2023/Plug-Power-Makes-Major-Strategic-Move-into-Finlands-Green-Hydrogen-Economy-with-its-Proven-PEM-Electrolyzer-and-Liquefaction-Technology/default.aspx,Plug Power,2026-09-10,day,the admitting source names the site as 'Kristinestad',pass,true,https://www.ir.plugpower.com/press-releases/news-details/2023/Plug-Power-Makes-Major-Strategic-Move-into-Finlands-Green-Hydrogen-Economy-with-its-Proven-PEM-Electrolyzer-and-Liquefaction-Technology/default.aspx,owner,2026-09-10,day,1000 MW_input as stated,fail,true,https://www.ir.plugpower.com/press-releases/news-details/2023/Plug-Power-Makes-Major-Strategic-Move-into-Finlands-Green-Hydrogen-Economy-with-its-Proven-PEM-Electrolyzer-and-Liquefaction-Technology/default.aspx,owner,2026-09-10,day,no owner statement that FID has been taken,fail,true,sources/hydrogen_funder_pass.json,eufabric funder pass,2026-09-17,day,the funder lists of sources/hydrogen_funder_pass.json name no award for this project,fail,true,https://www.ir.plugpower.com/press-releases/news-details/2023/Plug-Power-Makes-Major-Strategic-Move-into-Finlands-Green-Hydrogen-Economy-with-its-Proven-PEM-Electrolyzer-and-Liquefaction-Technology/default.aspx,owner,2026-09-10,day,no owner-stated start carrying a date precision,fail,true,sources/edges.json,eufabric dependency sweep,2026-09-11,day,"no edge in the dependency graph names this project; the date is the graph's newest statement, not a sweep date",true
hydrogen,iea:2017,2017,,Plug Power Porvoo plant,FIN,named not admitted,Feasibility study,29.98615385,ktH2Y,,1,true,false,pass,true,https://www.plug.fi,owner,2026-09-10,day,"{'speaker': 'company', 'source_type': 'company', 'domain': 'plugpower.com', 'source_url': 'https://www.ir.plugpower.com/press-releases/news-details/2023/Plug-Power-Makes-Major-Strategic-Move-into-Finlands-Green-Hydrogen-Economy-with-its-Proven-PEM-Electrolyzer-and-Liquefaction-Technology/default.aspx'}",fail,true,sources/hydrogen_gap_search.json,eufabric search,2026-09-10,day,no owner document on file; the admission search is the record of looking,fail,true,sources/hydrogen_gap_search.json,eufabric search,2026-09-10,day,no owner document on file; the admission search is the record of looking,fail,true,sources/hydrogen_funder_pass.json,eufabric funder pass,2026-09-17,day,the funder lists of sources/hydrogen_funder_pass.json name no award for this entry,fail,true,sources/hydrogen_gap_search.json,eufabric search,2026-09-10,day,no owner document on file; the admission search is the record of looking,fail,true,sources/hydrogen_gap_search.json,eufabric search,2026-09-10,day,no owner document on file; the admission search is the record of looking,false
hydrogen,iea:2033,2033,ricenergy-besaya-torrelavega,"Besaya H2, phase 1",ES,admitted,Feasibility study,500,MW_input,,2,true,false,pass,true,https://ric.energy/besaya-h2-proyecto-ric-energy-impulsara-descarbonizacion-cantabria/,owner,2026-09-10,day,row carries a position from a company or permit source,pass,true,https://ric.energy/besaya-h2-proyecto-ric-energy-impulsara-descarbonizacion-cantabria/,owner,2026-09-10,day,500 MW_input as stated,fail,true,https://ric.energy/besaya-h2-proyecto-ric-energy-impulsara-descarbonizacion-cantabria/,owner,2026-09-10,day,no owner statement that FID has been taken,fail,true,sources/hydrogen_funder_pass.json,eufabric funder pass,2026-09-17,day,the funder lists of sources/hydrogen_funder_pass.json name no award for this project,fail,true,https://ric.energy/besaya-h2-proyecto-ric-energy-impulsara-descarbonizacion-cantabria/,owner,2026-09-10,day,no owner-stated start carrying a date precision,fail,true,sources/edges.json,eufabric dependency sweep,2026-09-11,day,"no edge in the dependency graph names this project; the date is the graph's newest statement, not a sweep date",true
hydrogen,iea:2036,2036,,BotH2nia - Flexens Kokkola,FIN,none found,Feasibility study,60.63866667,ktH2Y,,0,true,false,fail,true,sources/hydrogen_gap_search.json,eufabric search,2026-09-10,day,admission search found no owner or permit source,fail,true,sources/hydrogen_gap_search.json,eufabric search,2026-09-10,day,no owner document on file; the admission search is the record of looking,fail,true,sources/hydrogen_gap_search.json,eufabric search,2026-09-10,day,no owner document on file; the admission search is the record of looking,fail,true,sources/hydrogen_funder_pass.json,eufabric funder pass,2026-09-17,day,the funder lists of sources/hydrogen_funder_pass.json name no award for this entry,fail,true,sources/hydrogen_gap_search.json,eufabric search,2026-09-10,day,no owner document on file; the admission search is the record of looking,fail,true,sources/hydrogen_gap_search.json,eufabric search,2026-09-10,day,no owner document on file; the admission search is the record of looking,false
hydrogen,iea:2056,2056,,"Moeve La Rábida Energy Park (Huelva) - phase 2 - Andalusian Green Hydrogen Valley
ONUBA II Project",ESP,named not admitted,Concept,69.30133333,ktH2Y,,1,true,false,pass,true,https://www.moeveglobal.com/en/businesses/commercial-clean-energies/green-hydrogen/green-hydrogen-production-at-moeve,owner,2026-09-10,day,"{'speaker': 'company', 'source_type': 'company', 'domain': 'moeveglobal.com', 'source_url': 'https://www.moeveglobal.com/en/businesses/commercial-clean-energies/green-hydrogen/green-hydrogen-production-at-moeve'}",fail,true,sources/hydrogen_gap_search.json,eufabric search,2026-09-10,day,no owner document on file; the admission search is the record of looking,fail,true,sources/hydrogen_gap_search.json,eufabric search,2026-09-10,day,no owner document on file; the admission search is the record of looking,fail,true,sources/hydrogen_funder_pass.json,eufabric funder pass,2026-09-17,day,the funder lists of sources/hydrogen_funder_pass.json name no award for this entry,fail,true,sources/hydrogen_gap_search.json,eufabric search,2026-09-10,day,no owner document on file; the admission search is the record of looking,fail,true,sources/hydrogen_gap_search.json,eufabric search,2026-09-10,day,no owner document on file; the admission search is the record of looking,false
hydrogen,iea:2058,2058,tes-ewe-wilhelmshaven,TES- Green Energy Hub - Wilhelmshaven Port,DE,admitted,Concept,500,MW_input,,2,true,false,pass,true,https://tes-h2.com/news/tes-and-ewe-to-build-500mw-electrolyser-at-wilhelmshaven-green-energy-hub,Tree Energy Solutions,2026-09-10,day,"the admitting source names the site as 'TES Green Energy Hub, Wilhelmshaven'",pass,true,https://tes-h2.com/news/tes-and-ewe-to-build-500mw-electrolyser-at-wilhelmshaven-green-energy-hub,owner,2026-09-10,day,500 MW_input as stated,fail,true,https://tes-h2.com/news/tes-and-ewe-to-build-500mw-electrolyser-at-wilhelmshaven-green-energy-hub,owner,2026-09-10,day,no owner statement that FID has been taken,fail,true,sources/hydrogen_funder_pass.json,eufabric funder pass,2026-09-17,day,the funder lists of sources/hydrogen_funder_pass.json name no award for this project,fail,true,https://tes-h2.com/news/tes-and-ewe-to-build-500mw-electrolyser-at-wilhelmshaven-green-energy-hub,owner,2026-09-10,day,no owner-stated start carrying a date precision,fail,true,sources/edges.json,eufabric dependency sweep,2026-09-11,day,"no edge in the dependency graph names this project; the date is the graph's newest statement, not a sweep date",true
hydrogen,iea:2060,2060,,Madoqua E-methanol,PRT,perimeter exclusion,Feasibility study,84.74347826,ktH2Y,DRI or other perimeter exclusion,0,false,false,not_searched,false,sources/report_benchmark_gap.py,eufabric perimeter,2026-09-10,day,out of perimeter; not scored,not_searched,false,sources/report_benchmark_gap.py,eufabric perimeter,2026-09-10,day,out of perimeter; not scored,not_searched,false,sources/report_benchmark_gap.py,eufabric perimeter,2026-09-10,day,out of perimeter; not scored,not_searched,false,sources/report_benchmark_gap.py,eufabric perimeter,2026-09-10,day,out of perimeter; not scored,not_searched,false,sources/report_benchmark_gap.py,eufabric perimeter,2026-09-10,day,out of perimeter; not scored,not_searched,false,sources/report_benchmark_gap.py,eufabric perimeter,2026-09-10,day,out of perimeter; not scored,false
hydrogen,iea:2068,2068,,H2GE Rostock,DEU,perimeter exclusion,Concept,210,ktH2Y,blue,0,false,false,not_searched,false,sources/report_benchmark_gap.py,eufabric perimeter,2026-09-10,day,out of perimeter; not scored,not_searched,false,sources/report_benchmark_gap.py,eufabric perimeter,2026-09-10,day,out of perimeter; not scored,not_searched,false,sources/report_benchmark_gap.py,eufabric perimeter,2026-09-10,day,out of perimeter; not scored,not_searched,false,sources/report_benchmark_gap.py,eufabric perimeter,2026-09-10,day,out of perimeter; not scored,not_searched,false,sources/report_benchmark_gap.py,eufabric perimeter,2026-09-10,day,out of perimeter; not scored,not_searched,false,sources/report_benchmark_gap.py,eufabric perimeter,2026-09-10,day,out of perimeter; not scored,false
hydrogen,iea:2077,2077,,ENI Venice bio-refinery Porto Marghera (Ravenna phase 2),ITA,perimeter exclusion,Feasibility study,23.3892,ktH2Y,blue,0,false,false,not_searched,false,sources/report_benchmark_gap.py,eufabric perimeter,2026-09-10,day,out of perimeter; not scored,not_searched,false,sources/report_benchmark_gap.py,eufabric perimeter,2026-09-10,day,out of perimeter; not scored,not_searched,false,sources/report_benchmark_gap.py,eufabric perimeter,2026-09-10,day,out of perimeter; not scored,not_searched,false,sources/report_benchmark_gap.py,eufabric perimeter,2026-09-10,day,out of perimeter; not scored,not_searched,false,sources/report_benchmark_gap.py,eufabric perimeter,2026-09-10,day,out of perimeter; not scored,not_searched,false,sources/report_benchmark_gap.py,eufabric perimeter,2026-09-10,day,out of perimeter; not scored,false
hydrogen,iea:2111,2111,,HyMed,ITA,none found,Concept,173.2533333,ktH2Y,,0,true,false,fail,true,sources/hydrogen_gap_search.json,eufabric search,2026-09-10,day,admission search found no owner or permit source,fail,true,sources/hydrogen_gap_search.json,eufabric search,2026-09-10,day,no owner document on file; the admission search is the record of looking,fail,true,sources/hydrogen_gap_search.json,eufabric search,2026-09-10,day,no owner document on file; the admission search is the record of looking,fail,true,sources/hydrogen_funder_pass.json,eufabric funder pass,2026-09-17,day,the funder lists of sources/hydrogen_funder_pass.json name no award for this entry,fail,true,sources/hydrogen_gap_search.json,eufabric search,2026-09-10,day,no owner document on file; the admission search is the record of looking,fail,true,sources/hydrogen_gap_search.json,eufabric search,2026-09-10,day,no owner document on file; the admission search is the record of looking,false
hydrogen,iea:2117,2117,lhyfe-delfzijl,Lhyfe Delfzijl,NL,admitted,Feasibility study,200,MW_input,,2,true,false,pass,true,https://www.lhyfe.com/press/green-and-renewable-hydrogen-producer-lhyfe-to-develop-200-mw-plant-in-delfzijl-netherlands/,Lhyfe,2026-09-10,day,the admitting source names the site as 'Delfzijl',pass,true,https://www.lhyfe.com/press/green-and-renewable-hydrogen-producer-lhyfe-to-develop-200-mw-plant-in-delfzijl-netherlands/,owner,2026-09-10,day,200 MW_input as stated,fail,true,https://www.lhyfe.com/press/green-and-renewable-hydrogen-producer-lhyfe-to-develop-200-mw-plant-in-delfzijl-netherlands/,owner,2026-09-10,day,no owner statement that FID has been taken,fail,true,sources/hydrogen_funder_pass.json,eufabric funder pass,2026-09-17,day,the funder lists of sources/hydrogen_funder_pass.json name no award for this project,fail,true,https://www.lhyfe.com/press/green-and-renewable-hydrogen-producer-lhyfe-to-develop-200-mw-plant-in-delfzijl-netherlands/,owner,2026-09-10,day,no owner-stated start carrying a date precision,fail,true,sources/edges.json,eufabric dependency sweep,2026-09-11,day,"no edge in the dependency graph names this project; the date is the graph's newest statement, not a sweep date",true
hydrogen,iea:2120,2120,smartenergy-porto-torres,"Smartenergy Porto Torres, phase 2 and 3",IT,admitted,Feasibility study,200,MW_input,,2,true,false,pass,true,https://www.smartenergy.net/smartenergy-develops-a-200-mwe-green-hydrogen-plant-in-sardinia-italy/,Smartenergy Group,2026-09-10,day,the admitting source names the site as 'Porto Torres industrial complex',pass,true,https://www.smartenergy.net/smartenergy-develops-a-200-mwe-green-hydrogen-plant-in-sardinia-italy/,owner,2026-09-10,day,200 MW_input as stated,fail,true,https://www.smartenergy.net/smartenergy-develops-a-200-mwe-green-hydrogen-plant-in-sardinia-italy/,owner,2026-09-10,day,no owner statement that FID has been taken,fail,true,sources/hydrogen_funder_pass.json,eufabric funder pass,2026-09-17,day,the funder lists of sources/hydrogen_funder_pass.json name no award for this project,fail,true,https://www.smartenergy.net/smartenergy-develops-a-200-mwe-green-hydrogen-plant-in-sardinia-italy/,owner,2026-09-10,day,no owner-stated start carrying a date precision,fail,true,sources/edges.json,eufabric dependency sweep,2026-09-11,day,"no edge in the dependency graph names this project; the date is the graph's newest statement, not a sweep date",true
hydrogen,iea:2123,2123,,Cobra Cartagena,ESP,named not admitted,Feasibility study,19.92413333,ktH2Y,,1,true,false,pass,true,https://www.cartagena.es/detalle_noticias.asp?id=84902,permit,2026-09-10,day,"{'speaker': 'permit', 'source_type': 'permit', 'domain': 'cartagena.es', 'source_url': 'https://www.cartagena.es/detalle_noticias.asp?id=84902'}",fail,true,sources/hydrogen_gap_search.json,eufabric search,2026-09-10,day,no owner document on file; the admission search is the record of looking,fail,true,sources/hydrogen_gap_search.json,eufabric search,2026-09-10,day,no owner document on file; the admission search is the record of looking,fail,true,sources/hydrogen_funder_pass.json,eufabric funder pass,2026-09-17,day,the funder lists of sources/hydrogen_funder_pass.json name no award for this entry,fail,true,sources/hydrogen_gap_search.json,eufabric search,2026-09-10,day,no owner document on file; the admission search is the record of looking,fail,true,sources/hydrogen_gap_search.json,eufabric search,2026-09-10,day,no owner document on file; the admission search is the record of looking,false
hydrogen,iea:2149,2149,orsted-skovgaard-idomlund,Orsted - Skovgaard Energy project in western Denmark - Phase 1,DK,admitted,Feasibility study,150,MW_input,,2,true,false,pass,true,https://web.archive.org/web/20231002002541/https://orsted.com/en/media/newsroom/news/2022/12/13665899,Orsted,2023-10-02,not_after,"the admitting source names the site as 'Idomlund, near Holstebro'",pass,true,https://web.archive.org/web/20231002002541/https://orsted.com/en/media/newsroom/news/2022/12/13665899,owner,2026-09-10,day,150 MW_input as stated,fail,true,https://web.archive.org/web/20231002002541/https://orsted.com/en/media/newsroom/news/2022/12/13665899,owner,2023-10-02,not_after,no owner statement that FID has been taken,fail,true,sources/hydrogen_funder_pass.json,eufabric funder pass,2026-09-17,day,the funder lists of sources/hydrogen_funder_pass.json name no award for this project,fail,true,https://web.archive.org/web/20231002002541/https://orsted.com/en/media/newsroom/news/2022/12/13665899,owner,2023-10-02,not_after,no owner-stated start carrying a date precision,fail,true,sources/edges.json,eufabric dependency sweep,2026-09-11,day,"no edge in the dependency graph names this project; the date is the graph's newest statement, not a sweep date",true
hydrogen,iea:2154,2154,,Blastr Green Steel - Inkoo,FIN,perimeter exclusion,Feasibility study,138.6026667,ktH2Y,DRI or other perimeter exclusion,0,false,false,not_searched,false,sources/report_benchmark_gap.py,eufabric perimeter,2026-09-10,day,out of perimeter; not scored,not_searched,false,sources/report_benchmark_gap.py,eufabric perimeter,2026-09-10,day,out of perimeter; not scored,not_searched,false,sources/report_benchmark_gap.py,eufabric perimeter,2026-09-10,day,out of perimeter; not scored,not_searched,false,sources/report_benchmark_gap.py,eufabric perimeter,2026-09-10,day,out of perimeter; not scored,not_searched,false,sources/report_benchmark_gap.py,eufabric perimeter,2026-09-10,day,out of perimeter; not scored,not_searched,false,sources/report_benchmark_gap.py,eufabric perimeter,2026-09-10,day,out of perimeter; not scored,false
hydrogen,iea:2163,2163,statera-kintore-hydrogen,Kintore Scotland Hydrogen project - phase 1,GB,admitted,Feasibility study,500,MW_input,,2,true,false,pass,true,https://stateraenergy.co.uk/projects/kintore-hydrogen,Statera Energy,2026-09-10,day,"the admitting source names the site as 'Kintore, Aberdeenshire'",pass,true,https://stateraenergy.co.uk/projects/kintore-hydrogen,owner,2026-09-10,day,500 MW_input as stated,fail,true,https://stateraenergy.co.uk/projects/kintore-hydrogen,owner,2026-09-10,day,no owner statement that FID has been taken,fail,true,sources/hydrogen_funder_pass.json,eufabric funder pass,2026-09-17,day,the funder lists of sources/hydrogen_funder_pass.json name no award for this project,fail,true,https://stateraenergy.co.uk/projects/kintore-hydrogen,owner,2026-09-10,day,no owner-stated start carrying a date precision,fail,true,sources/edges.json,eufabric dependency sweep,2026-09-11,day,"no edge in the dependency graph names this project; the date is the graph's newest statement, not a sweep date",true
hydrogen,iea:2164,2164,statera-kintore-hydrogen,Kintore Scotland Hydrogen project - phase 2,GB,admitted,Concept,500,MW_input,,2,true,false,pass,true,https://stateraenergy.co.uk/projects/kintore-hydrogen,Statera Energy,2026-09-10,day,"the admitting source names the site as 'Kintore, Aberdeenshire'",pass,true,https://stateraenergy.co.uk/projects/kintore-hydrogen,owner,2026-09-10,day,500 MW_input as stated,fail,true,https://stateraenergy.co.uk/projects/kintore-hydrogen,owner,2026-09-10,day,no owner statement that FID has been taken,fail,true,sources/hydrogen_funder_pass.json,eufabric funder pass,2026-09-17,day,the funder lists of sources/hydrogen_funder_pass.json name no award for this project,fail,true,https://stateraenergy.co.uk/projects/kintore-hydrogen,owner,2026-09-10,day,no owner-stated start carrying a date precision,fail,true,sources/edges.json,eufabric dependency sweep,2026-09-11,day,"no edge in the dependency graph names this project; the date is the graph's newest statement, not a sweep date",true
hydrogen,iea:2170,2170,,Alesund green hydrogen project - phase 2 - FjordH2,NOR,unread,Concept,43.31333333,ktH2Y,,0,false,true,unread,true,,,,,company source unreadable; queued for a browser pass,unread,true,,,,,company source unreadable; queued for a browser pass,unread,true,,,,,company source unreadable; queued for a browser pass,unread,true,,,,,company source unreadable; queued for a browser pass,unread,true,,,,,company source unreadable; queued for a browser pass,unread,true,,,,,company source unreadable; queued for a browser pass,false
hydrogen,iea:2173,2173,meld-saltend-hull,Saltend Chemicals Park - Hull - phase 1,GB,admitted,Feasibility study,100,MW_input,,2,true,false,pass,true,https://meld.energy/projects/,Meld Energy,2026-09-10,day,"the admitting source names the site as 'Saltend Chemicals Park, Hull'",pass,true,https://meld.energy/projects/,owner,2026-09-10,day,100 MW_input as stated,fail,true,https://meld.energy/projects/,owner,2026-09-10,day,no owner statement that FID has been taken,fail,true,sources/hydrogen_funder_pass.json,eufabric funder pass,2026-09-17,day,the funder lists of sources/hydrogen_funder_pass.json name no award for this project,fail,true,https://meld.energy/projects/,owner,2026-09-10,day,no owner-stated start carrying a date precision,fail,true,sources/edges.json,eufabric dependency sweep,2026-09-11,day,"no edge in the dependency graph names this project; the date is the graph's newest statement, not a sweep date",true
hydrogen,iea:2185,2185,,Nascar,ESP,none found,Feasibility study,24,ktH2Y,,0,true,false,fail,true,sources/hydrogen_gap_search.json,eufabric search,2026-09-10,day,admission search found no owner or permit source,fail,true,sources/hydrogen_gap_search.json,eufabric search,2026-09-10,day,no owner document on file; the admission search is the record of looking,fail,true,sources/hydrogen_gap_search.json,eufabric search,2026-09-10,day,no owner document on file; the admission search is the record of looking,fail,true,sources/hydrogen_funder_pass.json,eufabric funder pass,2026-09-17,day,the funder lists of sources/hydrogen_funder_pass.json name no award for this entry,fail,true,sources/hydrogen_gap_search.json,eufabric search,2026-09-10,day,no owner document on file; the admission search is the record of looking,fail,true,sources/hydrogen_gap_search.json,eufabric search,2026-09-10,day,no owner document on file; the admission search is the record of looking,false
hydrogen,iea:2193,2193,,"H2 Emden Electrolyzer, phase 2",DEU,named not admitted,Feasibility study,32.91813333,ktH2Y,,1,true,false,pass,true,https://www.ewe.com/en/media-center/press-releases/2025/11/official-start-of-construction-of-320-megawatt-generation-plant-in-emdenewe-ag,owner,2026-09-10,day,"{'speaker': 'company', 'source_type': 'company', 'domain': 'ewe.com', 'source_url': 'https://www.ewe.com/en/media-center/press-releases/2025/11/official-start-of-construction-of-320-megawatt-generation-plant-in-emdenewe-ag'}",fail,true,sources/hydrogen_gap_search.json,eufabric search,2026-09-10,day,no owner document on file; the admission search is the record of looking,fail,true,sources/hydrogen_gap_search.json,eufabric search,2026-09-10,day,no owner document on file; the admission search is the record of looking,fail,true,sources/hydrogen_funder_pass.json,eufabric funder pass,2026-09-17,day,the funder lists of sources/hydrogen_funder_pass.json name no award for this entry,fail,true,sources/hydrogen_gap_search.json,eufabric search,2026-09-10,day,no owner document on file; the admission search is the record of looking,fail,true,sources/hydrogen_gap_search.json,eufabric search,2026-09-10,day,no owner document on file; the admission search is the record of looking,false
hydrogen,iea:2211,2211,,OX2 Neptunus Hub,SWE,none found,Concept,409.0909091,ktH2Y,,0,true,false,fail,true,sources/hydrogen_gap_search.json,eufabric search,2026-09-10,day,admission search found no owner or permit source,fail,true,sources/hydrogen_gap_search.json,eufabric search,2026-09-10,day,no owner document on file; the admission search is the record of looking,fail,true,sources/hydrogen_gap_search.json,eufabric search,2026-09-10,day,no owner document on file; the admission search is the record of looking,fail,true,sources/hydrogen_funder_pass.json,eufabric funder pass,2026-09-17,day,the funder lists of sources/hydrogen_funder_pass.json name no award for this entry,fail,true,sources/hydrogen_gap_search.json,eufabric search,2026-09-10,day,no owner document on file; the admission search is the record of looking,fail,true,sources/hydrogen_gap_search.json,eufabric search,2026-09-10,day,no owner document on file; the admission search is the record of looking,false
hydrogen,iea:2214,2214,edp-green-h2-los-barrios,"Los Barrios coal plant, Cadiz, phase 2",ES,admitted,Feasibility study,130,MW_input,,3,true,false,pass,true,https://edp.com/en/europe/spain/projects/energy-transition/green-h2-los-barrios,EDP,2026-09-10,day,"the admitting source names the site as 'Los Barrios coal-fired power station site, Palmones'",pass,true,https://edp.com/en/europe/spain/projects/energy-transition/green-h2-los-barrios,owner,2026-09-10,day,130 MW_input as stated,fail,true,https://edp.com/en/europe/spain/projects/energy-transition/green-h2-los-barrios,owner,2026-09-10,day,no owner statement that FID has been taken,pass,true,https://ec.europa.eu/competition/state_aid/cases1/202427/SA_64650_439.pdf,European Commission,2022-09-21,day,IPCEI Hy2Use (SA.64650) names 'H2 Los Barrios S.A. (EDP-LB)'; matched on a document naming both,fail,true,https://edp.com/en/europe/spain/projects/energy-transition/green-h2-los-barrios,owner,2026-09-10,day,no owner-stated start carrying a date precision,fail,true,sources/edges.json,eufabric dependency sweep,2026-09-11,day,"no edge in the dependency graph names this project; the date is the graph's newest statement, not a sweep date",true
hydrogen,iea:2215,2215,edp-green-h2-los-barrios,"Los Barrios coal plant, Cadiz, phase 3",ES,admitted,Concept,130,MW_input,,3,true,false,pass,true,https://edp.com/en/europe/spain/projects/energy-transition/green-h2-los-barrios,EDP,2026-09-10,day,"the admitting source names the site as 'Los Barrios coal-fired power station site, Palmones'",pass,true,https://edp.com/en/europe/spain/projects/energy-transition/green-h2-los-barrios,owner,2026-09-10,day,130 MW_input as stated,fail,true,https://edp.com/en/europe/spain/projects/energy-transition/green-h2-los-barrios,owner,2026-09-10,day,no owner statement that FID has been taken,pass,true,https://ec.europa.eu/competition/state_aid/cases1/202427/SA_64650_439.pdf,European Commission,2022-09-21,day,IPCEI Hy2Use (SA.64650) names 'H2 Los Barrios S.A. (EDP-LB)'; matched on a document naming both,fail,true,https://edp.com/en/europe/spain/projects/energy-transition/green-h2-los-barrios,owner,2026-09-10,day,no owner-stated start carrying a date precision,fail,true,sources/edges.json,eufabric dependency sweep,2026-09-11,day,"no edge in the dependency graph names this project; the date is the graph's newest statement, not a sweep date",true
hydrogen,iea:2218,2218,,Holmaneset Project (GAP FFI Holmaneset),NOR,named not admitted,Feasibility study,44.97923077,ktH2Y,,1,true,false,pass,true,https://holmanesetproject.no/en,owner,2026-09-10,day,"{'speaker': 'company', 'source_type': 'company', 'domain': 'holmanesetproject.no', 'source_url': 'https://holmanesetproject.no/en'}",fail,true,sources/hydrogen_gap_search.json,eufabric search,2026-09-10,day,no owner document on file; the admission search is the record of looking,fail,true,sources/hydrogen_gap_search.json,eufabric search,2026-09-10,day,no owner document on file; the admission search is the record of looking,fail,true,sources/hydrogen_funder_pass.json,eufabric funder pass,2026-09-17,day,the funder lists of sources/hydrogen_funder_pass.json name no award for this entry,fail,true,sources/hydrogen_gap_search.json,eufabric search,2026-09-10,day,no owner document on file; the admission search is the record of looking,fail,true,sources/hydrogen_gap_search.json,eufabric search,2026-09-10,day,no owner document on file; the admission search is the record of looking,false
hydrogen,iea:2219,2219,,Onyx plant - Port of Rotterdam,NLD,perimeter exclusion,Feasibility study,300,ktH2Y,blue,0,false,false,not_searched,false,sources/report_benchmark_gap.py,eufabric perimeter,2026-09-10,day,out of perimeter; not scored,not_searched,false,sources/report_benchmark_gap.py,eufabric perimeter,2026-09-10,day,out of perimeter; not scored,not_searched,false,sources/report_benchmark_gap.py,eufabric perimeter,2026-09-10,day,out of perimeter; not scored,not_searched,false,sources/report_benchmark_gap.py,eufabric perimeter,2026-09-10,day,out of perimeter; not scored,not_searched,false,sources/report_benchmark_gap.py,eufabric perimeter,2026-09-10,day,out of perimeter; not scored,not_searched,false,sources/report_benchmark_gap.py,eufabric perimeter,2026-09-10,day,out of perimeter; not scored,false
hydrogen,iea:2227,2227,hive-albamed-albacete,"Hive H2 Albamed, phase 1",ES,admitted,Feasibility study,800,MW_input,,2,true,false,pass,true,https://www.hiveenergy.co.uk/clean-futures/green-hydrogen/albamed-green-hydrogen-project/,Hive Energy,2026-09-10,day,the admitting source names the site as 'Albacete',pass,true,https://www.hiveenergy.co.uk/clean-futures/green-hydrogen/albamed-green-hydrogen-project/,owner,2026-09-10,day,800 MW_input as stated,fail,true,https://www.hiveenergy.co.uk/clean-futures/green-hydrogen/albamed-green-hydrogen-project/,owner,2026-09-10,day,no owner statement that FID has been taken,fail,true,sources/hydrogen_funder_pass.json,eufabric funder pass,2026-09-17,day,the funder lists of sources/hydrogen_funder_pass.json name no award for this project,fail,true,https://www.hiveenergy.co.uk/clean-futures/green-hydrogen/albamed-green-hydrogen-project/,owner,2026-09-10,day,no owner-stated start carrying a date precision,fail,true,sources/edges.json,eufabric dependency sweep,2026-09-11,day,"no edge in the dependency graph names this project; the date is the graph's newest statement, not a sweep date",true
hydrogen,iea:2228,2228,hive-albamed-albacete,"Hive H2 Albamed, phase 2",ES,admitted,Concept,800,MW_input,,2,true,false,pass,true,https://www.hiveenergy.co.uk/clean-futures/green-hydrogen/albamed-green-hydrogen-project/,Hive Energy,2026-09-10,day,the admitting source names the site as 'Albacete',pass,true,https://www.hiveenergy.co.uk/clean-futures/green-hydrogen/albamed-green-hydrogen-project/,owner,2026-09-10,day,800 MW_input as stated,fail,true,https://www.hiveenergy.co.uk/clean-futures/green-hydrogen/albamed-green-hydrogen-project/,owner,2026-09-10,day,no owner statement that FID has been taken,fail,true,sources/hydrogen_funder_pass.json,eufabric funder pass,2026-09-17,day,the funder lists of sources/hydrogen_funder_pass.json name no award for this project,fail,true,https://www.hiveenergy.co.uk/clean-futures/green-hydrogen/albamed-green-hydrogen-project/,owner,2026-09-10,day,no owner-stated start carrying a date precision,fail,true,sources/edges.json,eufabric dependency sweep,2026-09-11,day,"no edge in the dependency graph names this project; the date is the graph's newest statement, not a sweep date",true
hydrogen,iea:2232,2232,power2x-erasmo-saceruela,ErasmoPower2X,ES,admitted,Feasibility study,650,MW_input,,2,true,false,pass,true,https://www.power2x.com/erasmop2x/,Power2X,2026-09-10,day,"the admitting source names the site as 'Saceruela, Ciudad Real'",pass,true,https://www.power2x.com/erasmop2x/,owner,2026-09-10,day,650 MW_input as stated,fail,true,https://www.power2x.com/erasmop2x/,owner,2026-09-10,day,no owner statement that FID has been taken,fail,true,sources/hydrogen_funder_pass.json,eufabric funder pass,2026-09-17,day,the funder lists of sources/hydrogen_funder_pass.json name no award for this project,fail,true,https://www.power2x.com/erasmop2x/,owner,2026-09-10,day,no owner-stated start carrying a date precision,fail,true,sources/edges.json,eufabric dependency sweep,2026-09-11,day,"no edge in the dependency graph names this project; the date is the graph's newest statement, not a sweep date",true
hydrogen,iea:2246,2246,repsol-tarragona,"Repsol Tarragona, phase 1",ES,admitted,Feasibility study,150,MW_input,,2,true,false,pass,true,https://www.repsol.com/en/press-room/press-releases/2026/repsol-installs-second-100-MW-electrolyzer-petronor/index.cshtml,owner,2026-01-26,day,row carries a position from a company or permit source,pass,true,https://www.repsol.com/en/press-room/press-releases/2026/repsol-installs-second-100-MW-electrolyzer-petronor/index.cshtml,owner,2026-01-26,day,150 MW_input as stated,fail,true,https://www.repsol.com/en/press-room/press-releases/2026/repsol-installs-second-100-MW-electrolyzer-petronor/index.cshtml,owner,2026-01-26,day,no owner statement that FID has been taken,fail,true,sources/hydrogen_funder_pass.json,eufabric funder pass,2026-09-17,day,the funder lists of sources/hydrogen_funder_pass.json name no award for this project,fail,true,https://www.repsol.com/en/press-room/press-releases/2026/repsol-installs-second-100-MW-electrolyzer-petronor/index.cshtml,owner,2026-01-26,day,no owner-stated start carrying a date precision,fail,true,https://www.repsol.com/en/press-room/press-releases/2026/repsol-installs-second-100-MW-electrolyzer-petronor/index.cshtml,owner,2026-01-26,day,row edge carries no firmness; brief 9's axis is where rung 6 reads,true
hydrogen,iea:2284,2284,,FertigHy second plant,ESP,perimeter exclusion,Concept,30,ktH2Y,DRI or other perimeter exclusion,0,false,false,not_searched,false,sources/report_benchmark_gap.py,eufabric perimeter,2026-09-10,day,out of perimeter; not scored,not_searched,false,sources/report_benchmark_gap.py,eufabric perimeter,2026-09-10,day,out of perimeter; not scored,not_searched,false,sources/report_benchmark_gap.py,eufabric perimeter,2026-09-10,day,out of perimeter; not scored,not_searched,false,sources/report_benchmark_gap.py,eufabric perimeter,2026-09-10,day,out of perimeter; not scored,not_searched,false,sources/report_benchmark_gap.py,eufabric perimeter,2026-09-10,day,out of perimeter; not scored,not_searched,false,sources/report_benchmark_gap.py,eufabric perimeter,2026-09-10,day,out of perimeter; not scored,false
hydrogen,iea:2316,2316,,Take Kair,FRA,none found,Feasibility study,34.65066667,ktH2Y,,0,true,false,fail,true,sources/hydrogen_gap_search.json,eufabric search,2026-09-10,day,admission search found no owner or permit source,fail,true,sources/hydrogen_gap_search.json,eufabric search,2026-09-10,day,no owner document on file; the admission search is the record of looking,fail,true,sources/hydrogen_gap_search.json,eufabric search,2026-09-10,day,no owner document on file; the admission search is the record of looking,fail,true,sources/hydrogen_funder_pass.json,eufabric funder pass,2026-09-17,day,the funder lists of sources/hydrogen_funder_pass.json name no award for this entry,fail,true,sources/hydrogen_gap_search.json,eufabric search,2026-09-10,day,no owner document on file; the admission search is the record of looking,fail,true,sources/hydrogen_gap_search.json,eufabric search,2026-09-10,day,no owner document on file; the admission search is the record of looking,false
hydrogen,iea:2324,2324,,"Electrolyzers with ""network related function"" in Apulia - Phase 2",ITA,none found,Concept,123.0098667,ktH2Y,,0,true,false,fail,true,sources/hydrogen_gap_search.json,eufabric search,2026-09-10,day,admission search found no owner or permit source,fail,true,sources/hydrogen_gap_search.json,eufabric search,2026-09-10,day,no owner document on file; the admission search is the record of looking,fail,true,sources/hydrogen_gap_search.json,eufabric search,2026-09-10,day,no owner document on file; the admission search is the record of looking,fail,true,sources/hydrogen_funder_pass.json,eufabric funder pass,2026-09-17,day,the funder lists of sources/hydrogen_funder_pass.json name no award for this entry,fail,true,sources/hydrogen_gap_search.json,eufabric search,2026-09-10,day,no owner document on file; the admission search is the record of looking,fail,true,sources/hydrogen_gap_search.json,eufabric search,2026-09-10,day,no owner document on file; the admission search is the record of looking,false
hydrogen,iea:2326,2326,,"Electrolyzers with ""network related function"" in Sicily - Phase 2",ITA,none found,Concept,105.6845333,ktH2Y,,0,true,false,fail,true,sources/hydrogen_gap_search.json,eufabric search,2026-09-10,day,admission search found no owner or permit source,fail,true,sources/hydrogen_gap_search.json,eufabric search,2026-09-10,day,no owner document on file; the admission search is the record of looking,fail,true,sources/hydrogen_gap_search.json,eufabric search,2026-09-10,day,no owner document on file; the admission search is the record of looking,fail,true,sources/hydrogen_funder_pass.json,eufabric funder pass,2026-09-17,day,the funder lists of sources/hydrogen_funder_pass.json name no award for this entry,fail,true,sources/hydrogen_gap_search.json,eufabric search,2026-09-10,day,no owner document on file; the admission search is the record of looking,fail,true,sources/hydrogen_gap_search.json,eufabric search,2026-09-10,day,no owner document on file; the admission search is the record of looking,false
hydrogen,iea:2409,2409,,BioTJet (part of E-CHO),FRA,unread,Feasibility study,45.04586667,ktH2Y,,0,false,true,unread,true,,,,,company source unreadable; queued for a browser pass,unread,true,,,,,company source unreadable; queued for a browser pass,unread,true,,,,,company source unreadable; queued for a browser pass,unread,true,,,,,company source unreadable; queued for a browser pass,unread,true,,,,,company source unreadable; queued for a browser pass,unread,true,,,,,company source unreadable; queued for a browser pass,false
hydrogen,iea:2426,2426,,Koppo Energy Cluster - Kristinestad PtX,FIN,named not admitted,Feasibility study,33.8973913,ktH2Y,,1,true,false,pass,true,https://cpc-finland.com/en/projekt/koppoe-cluster/,owner,2026-09-10,day,"{'speaker': 'company', 'source_type': 'company', 'domain': 'cpc-finland.com', 'source_url': 'https://cpc-finland.com/en/projekt/koppoe-cluster/'}",fail,true,sources/hydrogen_gap_search.json,eufabric search,2026-09-10,day,no owner document on file; the admission search is the record of looking,fail,true,sources/hydrogen_gap_search.json,eufabric search,2026-09-10,day,no owner document on file; the admission search is the record of looking,fail,true,sources/hydrogen_funder_pass.json,eufabric funder pass,2026-09-17,day,the funder lists of sources/hydrogen_funder_pass.json name no award for this entry,fail,true,sources/hydrogen_gap_search.json,eufabric search,2026-09-10,day,no owner document on file; the admission search is the record of looking,fail,true,sources/hydrogen_gap_search.json,eufabric search,2026-09-10,day,no owner document on file; the admission search is the record of looking,false
hydrogen,iea:2427,2427,,Green NortH2 Energy Kemi,FIN,none found,Feasibility study,48.51093333,ktH2Y,,0,true,false,fail,true,sources/hydrogen_gap_search.json,eufabric search,2026-09-10,day,admission search found no owner or permit source,fail,true,sources/hydrogen_gap_search.json,eufabric search,2026-09-10,day,no owner document on file; the admission search is the record of looking,fail,true,sources/hydrogen_gap_search.json,eufabric search,2026-09-10,day,no owner document on file; the admission search is the record of looking,fail,true,sources/hydrogen_funder_pass.json,eufabric funder pass,2026-09-17,day,the funder lists of sources/hydrogen_funder_pass.json name no award for this entry,fail,true,sources/hydrogen_gap_search.json,eufabric search,2026-09-10,day,no owner document on file; the admission search is the record of looking,fail,true,sources/hydrogen_gap_search.json,eufabric search,2026-09-10,day,no owner document on file; the admission search is the record of looking,false
hydrogen,iea:2430,2430,,Ren-Gas  P2X Lahti,FIN,named not admitted,Feasibility study,17.32533333,ktH2Y,,1,true,false,pass,true,https://ren-gas.com/en/projekti/lahti-2/,owner,2026-09-10,day,"{'speaker': 'company', 'source_type': 'company', 'domain': 'ren-gas.com', 'source_url': 'https://ren-gas.com/en/projekti/lahti-2/'}",fail,true,sources/hydrogen_gap_search.json,eufabric search,2026-09-10,day,no owner document on file; the admission search is the record of looking,fail,true,sources/hydrogen_gap_search.json,eufabric search,2026-09-10,day,no owner document on file; the admission search is the record of looking,fail,true,sources/hydrogen_funder_pass.json,eufabric funder pass,2026-09-17,day,the funder lists of sources/hydrogen_funder_pass.json name no award for this entry,fail,true,sources/hydrogen_gap_search.json,eufabric search,2026-09-10,day,no owner document on file; the admission search is the record of looking,fail,true,sources/hydrogen_gap_search.json,eufabric search,2026-09-10,day,no owner document on file; the admission search is the record of looking,false
hydrogen,iea:2434,2434,rengas-pori-kaanaa,Ren-Gas  P2X Pori,FI,admitted,Feasibility study,100,MW_input,,2,true,false,pass,true,https://ren-gas.com/projekti/pori-2/,Ren-Gas,2026-09-10,day,"the admitting source names the site as 'Kirrinsanta and Aittaluoto, Pori'",pass,true,https://ren-gas.com/projekti/pori-2/,owner,2026-09-10,day,100 MW_input as stated,fail,true,https://ren-gas.com/projekti/pori-2/,owner,2026-09-10,day,no owner statement that FID has been taken,fail,true,sources/hydrogen_funder_pass.json,eufabric funder pass,2026-09-17,day,the funder lists of sources/hydrogen_funder_pass.json name no award for this project,fail,true,https://ren-gas.com/projekti/pori-2/,owner,2026-09-10,day,no owner-stated start carrying a date precision,fail,true,sources/edges.json,eufabric dependency sweep,2026-09-11,day,"no edge in the dependency graph names this project; the date is the graph's newest statement, not a sweep date",true
hydrogen,iea:2439,2439,,Hidroelectrica - Sona,ROU,none found,Concept,17.32533333,ktH2Y,,0,true,false,fail,true,sources/hydrogen_gap_search.json,eufabric search,2026-09-10,day,admission search found no owner or permit source,fail,true,sources/hydrogen_gap_search.json,eufabric search,2026-09-10,day,no owner document on file; the admission search is the record of looking,fail,true,sources/hydrogen_gap_search.json,eufabric search,2026-09-10,day,no owner document on file; the admission search is the record of looking,fail,true,sources/hydrogen_funder_pass.json,eufabric funder pass,2026-09-17,day,the funder lists of sources/hydrogen_funder_pass.json name no award for this entry,fail,true,sources/hydrogen_gap_search.json,eufabric search,2026-09-10,day,no owner document on file; the admission search is the record of looking,fail,true,sources/hydrogen_gap_search.json,eufabric search,2026-09-10,day,no owner document on file; the admission search is the record of looking,false
hydrogen,iea:2447,2447,h2apex-lubmin-hh2e,"H2APEX Lubmin, phase 1",DE,admitted,Feasibility study,100,MW_input,,3,true,false,pass,true,https://h2apex.com/en/h2apex-news/closing-of-the-acquisition-of-hh2e-werk-lubmin-gmbh/,H2APEX Group SCA,2025-07-02,day,the admitting source names the site as 'Lubmin',pass,true,https://h2apex.com/en/h2apex-news/closing-of-the-acquisition-of-hh2e-werk-lubmin-gmbh/,owner,2025-07-02,day,100 MW_input as stated,fail,true,https://h2apex.com/en/h2apex-news/closing-of-the-acquisition-of-hh2e-werk-lubmin-gmbh/,owner,2025-07-02,day,no owner statement that FID has been taken,fail,true,sources/hydrogen_funder_pass.json,eufabric funder pass,2026-09-17,day,the funder lists of sources/hydrogen_funder_pass.json name no award for this project,pass,true,https://h2apex.com/en/h2apex-news/closing-of-the-acquisition-of-hh2e-werk-lubmin-gmbh/,company,2025-07-02,day,production_start 2028 at year precision,fail,true,https://h2apex.com/en/h2apex-news/closing-of-the-acquisition-of-hh2e-werk-lubmin-gmbh/,owner,2025-07-02,day,row edge carries no firmness; brief 9's axis is where rung 6 reads,true
hydrogen,iea:2499,2499,enertrag-prignitz-falkenhagen,Enertrag - Prignitz-Falkenhagen industrial park ,DE,admitted,Feasibility study,130,MW_input,,2,true,false,pass,true,https://enertrag.com/news-and-press/pressemitteilungen/enertrag-et-l-arrondissement-de-prignitz-posent-un-nouveau-jalon-pour-la-strategie-de-l-hydrogene-dans-le-brandebourg,ENERTRAG,2026-09-10,day,the admitting source names the site as 'Gewerbepark Prignitz-Falkenhagen',pass,true,https://enertrag.com/news-and-press/pressemitteilungen/enertrag-et-l-arrondissement-de-prignitz-posent-un-nouveau-jalon-pour-la-strategie-de-l-hydrogene-dans-le-brandebourg,owner,2026-09-10,day,130 MW_input as stated,fail,true,https://enertrag.com/news-and-press/pressemitteilungen/enertrag-et-l-arrondissement-de-prignitz-posent-un-nouveau-jalon-pour-la-strategie-de-l-hydrogene-dans-le-brandebourg,owner,2026-09-10,day,no owner statement that FID has been taken,fail,true,sources/hydrogen_funder_pass.json,eufabric funder pass,2026-09-17,day,the funder lists of sources/hydrogen_funder_pass.json name no award for this project,fail,true,https://enertrag.com/news-and-press/pressemitteilungen/enertrag-et-l-arrondissement-de-prignitz-posent-un-nouveau-jalon-pour-la-strategie-de-l-hydrogene-dans-le-brandebourg,owner,2026-09-10,day,no owner-stated start carrying a date precision,fail,true,sources/edges.json,eufabric dependency sweep,2026-09-11,day,"no edge in the dependency graph names this project; the date is the graph's newest statement, not a sweep date",true
hydrogen,iea:2501,2501,,Vanadis Fuels,FIN,none found,Feasibility study,38.2654,ktH2Y,,0,true,false,fail,true,sources/hydrogen_gap_search.json,eufabric search,2026-09-10,day,admission search found no owner or permit source,fail,true,sources/hydrogen_gap_search.json,eufabric search,2026-09-10,day,no owner document on file; the admission search is the record of looking,fail,true,sources/hydrogen_gap_search.json,eufabric search,2026-09-10,day,no owner document on file; the admission search is the record of looking,fail,true,sources/hydrogen_funder_pass.json,eufabric funder pass,2026-09-17,day,the funder lists of sources/hydrogen_funder_pass.json name no award for this entry,fail,true,sources/hydrogen_gap_search.json,eufabric search,2026-09-10,day,no owner document on file; the admission search is the record of looking,fail,true,sources/hydrogen_gap_search.json,eufabric search,2026-09-10,day,no owner document on file; the admission search is the record of looking,false
hydrogen,iea:2504,2504,,HYBRIT expansion,SWE,perimeter exclusion,Concept,86.62666667,ktH2Y,DRI or other perimeter exclusion,0,false,false,not_searched,false,sources/report_benchmark_gap.py,eufabric perimeter,2026-09-10,day,out of perimeter; not scored,not_searched,false,sources/report_benchmark_gap.py,eufabric perimeter,2026-09-10,day,out of perimeter; not scored,not_searched,false,sources/report_benchmark_gap.py,eufabric perimeter,2026-09-10,day,out of perimeter; not scored,not_searched,false,sources/report_benchmark_gap.py,eufabric perimeter,2026-09-10,day,out of perimeter; not scored,not_searched,false,sources/report_benchmark_gap.py,eufabric perimeter,2026-09-10,day,out of perimeter; not scored,not_searched,false,sources/report_benchmark_gap.py,eufabric perimeter,2026-09-10,day,out of perimeter; not scored,false
hydrogen,iea:2512,2512,,e-SAF France Kereauzen project,FRA,perimeter exclusion,Feasibility study,47.64466667,ktH2Y,DRI or other perimeter exclusion,0,false,false,not_searched,false,sources/report_benchmark_gap.py,eufabric perimeter,2026-09-10,day,out of perimeter; not scored,not_searched,false,sources/report_benchmark_gap.py,eufabric perimeter,2026-09-10,day,out of perimeter; not scored,not_searched,false,sources/report_benchmark_gap.py,eufabric perimeter,2026-09-10,day,out of perimeter; not scored,not_searched,false,sources/report_benchmark_gap.py,eufabric perimeter,2026-09-10,day,out of perimeter; not scored,not_searched,false,sources/report_benchmark_gap.py,eufabric perimeter,2026-09-10,day,out of perimeter; not scored,not_searched,false,sources/report_benchmark_gap.py,eufabric perimeter,2026-09-10,day,out of perimeter; not scored,false
hydrogen,iea:2523,2523,,Ratcliffe power station - H2 project - phase 2,GBR,unread,Concept,69.30133333,ktH2Y,,0,false,true,unread,true,,,,,company source unreadable; queued for a browser pass,unread,true,,,,,company source unreadable; queued for a browser pass,unread,true,,,,,company source unreadable; queued for a browser pass,unread,true,,,,,company source unreadable; queued for a browser pass,unread,true,,,,,company source unreadable; queued for a browser pass,unread,true,,,,,company source unreadable; queued for a browser pass,false
hydrogen,iea:2524,2524,,H2 project Lubmin - Deutsche ReGas - phase 1,DEU,unread,Feasibility study,29.98615385,ktH2Y,,0,false,true,unread,true,,,,,company source unreadable; queued for a browser pass,unread,true,,,,,company source unreadable; queued for a browser pass,unread,true,,,,,company source unreadable; queued for a browser pass,unread,true,,,,,company source unreadable; queued for a browser pass,unread,true,,,,,company source unreadable; queued for a browser pass,unread,true,,,,,company source unreadable; queued for a browser pass,false
hydrogen,iea:2534,2534,fuella-skipavika-skiga,Skipavika Green Ammonia - SkiGA,NO,admitted,Feasibility study,120,MW_input,,3,true,false,pass,true,https://fuella.no/projects/project-skipavika/,Fuella,2026-09-10,day,the admitting source names the site as 'Skipavika Havneterminal',pass,true,https://fuella.no/projects/project-skipavika/,owner,2026-09-10,day,120 MW_input as stated,fail,true,https://fuella.no/projects/project-skipavika/,owner,2026-09-10,day,no owner statement that FID has been taken,pass,true,https://cinea.ec.europa.eu/news-events/news/winners-first-eu-wide-renewable-hydrogen-auction-sign-grant-agreements-paving-way-new-european-2024-10-08_en,European Commission (CINEA),2024-10-07,day,Innovation Fund IF23 auction (European Hydrogen Bank) names 'SKIGA'; matched on a document naming both,fail,true,https://fuella.no/projects/project-skipavika/,owner,2026-09-10,day,no owner-stated start carrying a date precision,fail,true,sources/edges.json,eufabric dependency sweep,2026-09-11,day,"no edge in the dependency graph names this project; the date is the graph's newest statement, not a sweep date",true
hydrogen,iea:2538,2538,neogreen-sines,NeoGreen Portugal - Sines projetc,PT,admitted,Feasibility study,500,MW_input,,2,true,false,pass,true,https://globalparques.pt/en/news/neogreen-portugal-develops-a-green-hydrogen-project-in-sines/,aicep Global Parques,2026-09-10,day,"the admitting source names the site as 'ZILS, Zona Industrial e Logistica de Sines'",pass,true,https://globalparques.pt/en/news/neogreen-portugal-develops-a-green-hydrogen-project-in-sines/,owner,2026-09-10,day,500 MW_input as stated,fail,true,https://globalparques.pt/en/news/neogreen-portugal-develops-a-green-hydrogen-project-in-sines/,owner,2026-09-10,day,no owner statement that FID has been taken,fail,true,sources/hydrogen_funder_pass.json,eufabric funder pass,2026-09-17,day,the funder lists of sources/hydrogen_funder_pass.json name no award for this project,fail,true,https://globalparques.pt/en/news/neogreen-portugal-develops-a-green-hydrogen-project-in-sines/,owner,2026-09-10,day,no owner-stated start carrying a date precision,fail,true,sources/edges.json,eufabric dependency sweep,2026-09-11,day,"no edge in the dependency graph names this project; the date is the graph's newest statement, not a sweep date",true
hydrogen,iea:2549,2549,ewe-emden-electrolysis,"EWE - Clean Hydrogen Coastline, project Emdem",DE,admitted,FID/Construction,320,MW_input,,6,true,false,pass,true,https://www.ewe.com/en/media-center/press-releases/2025/11/official-start-of-construction-of-320-megawatt-generation-plant-in-emdenewe-ag,EWE AG,2025-11-28,day,the admitting source names the site as 'Emden',pass,true,https://www.ewe.com/en/media-center/press-releases/2025/11/official-start-of-construction-of-320-megawatt-generation-plant-in-emdenewe-ag,owner,2025-11-28,day,320 MW_input as stated,pass,true,https://www.ewe.com/en/media-center/press-releases/2025/11/official-start-of-construction-of-320-megawatt-generation-plant-in-emdenewe-ag,owner,2025-11-28,day,status_to construction,pass,true,https://ec.europa.eu/competition/state_aid/cases1/202442/SA_102825_1118.pdf,European Commission,2024-02-15,day,IPCEI Hy2Infra (SA.102825) names 'DE43a Clean Hydrogen Coastline H2 supply'; matched on a document naming both,pass,true,https://www.ewe.com/en/media-center/press-releases/2025/11/official-start-of-construction-of-320-megawatt-generation-plant-in-emdenewe-ag,company,2025-11-28,day,production_start 2027 at year precision,pass,true,https://www.siemens-energy.com/global/en/home/press-releases/siemens-energy-wins-contract-for-large-scale-hydrogen-project-fr.html,supplier,2024-07-25,day,equipment_order at firmness contract,true
hydrogen,iea:2563,2563,,Arcadia eFuels - Project ENDOR,DNK,perimeter exclusion,Feasibility study,89.47368421,ktH2Y,DRI or other perimeter exclusion,0,false,false,not_searched,false,sources/report_benchmark_gap.py,eufabric perimeter,2026-09-10,day,out of perimeter; not scored,not_searched,false,sources/report_benchmark_gap.py,eufabric perimeter,2026-09-10,day,out of perimeter; not scored,not_searched,false,sources/report_benchmark_gap.py,eufabric perimeter,2026-09-10,day,out of perimeter; not scored,not_searched,false,sources/report_benchmark_gap.py,eufabric perimeter,2026-09-10,day,out of perimeter; not scored,not_searched,false,sources/report_benchmark_gap.py,eufabric perimeter,2026-09-10,day,out of perimeter; not scored,not_searched,false,sources/report_benchmark_gap.py,eufabric perimeter,2026-09-10,day,out of perimeter; not scored,false
hydrogen,iea:2569,2569,,"Hynet Northwest, phase 2 (Essar Stanlow refinery)",GBR,perimeter exclusion,Feasibility study,170.82,ktH2Y,blue,0,false,false,not_searched,false,sources/report_benchmark_gap.py,eufabric perimeter,2026-09-10,day,out of perimeter; not scored,not_searched,false,sources/report_benchmark_gap.py,eufabric perimeter,2026-09-10,day,out of perimeter; not scored,not_searched,false,sources/report_benchmark_gap.py,eufabric perimeter,2026-09-10,day,out of perimeter; not scored,not_searched,false,sources/report_benchmark_gap.py,eufabric perimeter,2026-09-10,day,out of perimeter; not scored,not_searched,false,sources/report_benchmark_gap.py,eufabric perimeter,2026-09-10,day,out of perimeter; not scored,not_searched,false,sources/report_benchmark_gap.py,eufabric perimeter,2026-09-10,day,out of perimeter; not scored,false
hydrogen,iea:2570,2570,madoqua-power2x-sines,MadoquaPower2X - Sines - phase 2,PT,admitted,Concept,500,MW_input,,3,true,false,pass,true,https://madoquapower2x.com/,MadoquaPower2X,2026-09-10,day,the admitting source names the site as 'Zona Industrial e Logistica de Sines',pass,true,https://madoquapower2x.com/,owner,2026-09-10,day,500 MW_input as stated,fail,true,https://madoquapower2x.com/,owner,2026-09-10,day,no owner statement that FID has been taken,pass,true,https://cinea.ec.europa.eu/news-events/news/winners-first-eu-wide-renewable-hydrogen-auction-sign-grant-agreements-paving-way-new-european-2024-10-08_en,European Commission (CINEA),2024-10-07,day,Innovation Fund IF23 auction (European Hydrogen Bank) names 'MP2X'; matched on a document naming both,fail,true,https://madoquapower2x.com/,owner,2026-09-10,day,no owner-stated start carrying a date precision,fail,true,sources/edges.json,eufabric dependency sweep,2026-09-11,day,"no edge in the dependency graph names this project; the date is the graph's newest statement, not a sweep date",true
hydrogen,iea:2599,2599,eneco-diamond-hydrogen-europoort,Eneco H2 project Rotterdam port area,NL,admitted,Concept,800,MW_input,,1,true,false,fail,true,https://news.eneco.com/eneco-takes-important-step-towards-building-green-hydrogen-plant/,owner,2026-09-10,day,"location_statement is an adjacency (adjacency) to Enecogen, which does not place this row",pass,true,https://news.eneco.com/eneco-takes-important-step-towards-building-green-hydrogen-plant/,owner,2026-09-10,day,800 MW_input as stated,fail,true,https://news.eneco.com/eneco-takes-important-step-towards-building-green-hydrogen-plant/,owner,2026-09-10,day,no owner statement that FID has been taken,fail,true,sources/hydrogen_funder_pass.json,eufabric funder pass,2026-09-17,day,the funder lists of sources/hydrogen_funder_pass.json name no award for this project,fail,true,https://news.eneco.com/eneco-takes-important-step-towards-building-green-hydrogen-plant/,owner,2026-09-10,day,no owner-stated start carrying a date precision,fail,true,sources/edges.json,eufabric dependency sweep,2026-09-11,day,"no edge in the dependency graph names this project; the date is the graph's newest statement, not a sweep date",true
hydrogen,iea:2612,2612,,Moeve la Rábida Energy Park (Huelva) - phase 3- Andalusian Green Hydrogen Valley THARSIS Project (Together with ONUBA: LUXIA project),ESP,named not admitted,Feasibility study,34.65066667,ktH2Y,,1,true,false,pass,true,https://www.moeveglobal.com/en/businesses/commercial-clean-energies/green-hydrogen/green-hydrogen-production-at-moeve,owner,2026-09-10,day,"{'speaker': 'company', 'source_type': 'company', 'domain': 'moeveglobal.com', 'source_url': 'https://www.moeveglobal.com/en/businesses/commercial-clean-energies/green-hydrogen/green-hydrogen-production-at-moeve'}",fail,true,sources/hydrogen_gap_search.json,eufabric search,2026-09-10,day,no owner document on file; the admission search is the record of looking,fail,true,sources/hydrogen_gap_search.json,eufabric search,2026-09-10,day,no owner document on file; the admission search is the record of looking,fail,true,sources/hydrogen_funder_pass.json,eufabric funder pass,2026-09-17,day,the funder lists of sources/hydrogen_funder_pass.json name no award for this entry,fail,true,sources/hydrogen_gap_search.json,eufabric search,2026-09-10,day,no owner document on file; the admission search is the record of looking,fail,true,sources/hydrogen_gap_search.json,eufabric search,2026-09-10,day,no owner document on file; the admission search is the record of looking,false
hydrogen,iea:2630,2630,,Kymijärvi power (Lahti),FIN,named not admitted,Feasibility study,17.32533333,ktH2Y,,1,true,false,pass,true,https://ren-gas.com/en/projekti/lahti-2/,owner,2026-09-10,day,"{'speaker': 'company', 'source_type': 'company', 'domain': 'ren-gas.com', 'source_url': 'https://ren-gas.com/en/projekti/lahti-2/'}",fail,true,sources/hydrogen_gap_search.json,eufabric search,2026-09-10,day,no owner document on file; the admission search is the record of looking,fail,true,sources/hydrogen_gap_search.json,eufabric search,2026-09-10,day,no owner document on file; the admission search is the record of looking,fail,true,sources/hydrogen_funder_pass.json,eufabric funder pass,2026-09-17,day,the funder lists of sources/hydrogen_funder_pass.json name no award for this entry,fail,true,sources/hydrogen_gap_search.json,eufabric search,2026-09-10,day,no owner document on file; the admission search is the record of looking,fail,true,sources/hydrogen_gap_search.json,eufabric search,2026-09-10,day,no owner document on file; the admission search is the record of looking,false
hydrogen,iea:2700,2700,,Zijing Mining Renewable energy project,SRB,none found,Feasibility study,60,ktH2Y,,0,true,false,fail,true,sources/hydrogen_gap_search.json,eufabric search,2026-09-10,day,admission search found no owner or permit source,fail,true,sources/hydrogen_gap_search.json,eufabric search,2026-09-10,day,no owner document on file; the admission search is the record of looking,fail,true,sources/hydrogen_gap_search.json,eufabric search,2026-09-10,day,no owner document on file; the admission search is the record of looking,fail,true,sources/hydrogen_funder_pass.json,eufabric funder pass,2026-09-17,day,the funder lists of sources/hydrogen_funder_pass.json name no award for this entry,fail,true,sources/hydrogen_gap_search.json,eufabric search,2026-09-10,day,no owner document on file; the admission search is the record of looking,fail,true,sources/hydrogen_gap_search.json,eufabric search,2026-09-10,day,no owner document on file; the admission search is the record of looking,false
hydrogen,iea:2707,2707,,eM-Rhone,FRA,unread,Feasibility study,29.98615385,ktH2Y,,0,false,true,unread,true,,,,,company source unreadable; queued for a browser pass,unread,true,,,,,company source unreadable; queued for a browser pass,unread,true,,,,,company source unreadable; queued for a browser pass,unread,true,,,,,company source unreadable; queued for a browser pass,unread,true,,,,,company source unreadable; queued for a browser pass,unread,true,,,,,company source unreadable; queued for a browser pass,false
hydrogen,iea:2728,2728,,Baden-Württemberg SAF Demo plant,DEU,perimeter exclusion,Feasibility study,31.43274854,ktH2Y,DRI or other perimeter exclusion,0,false,false,not_searched,false,sources/report_benchmark_gap.py,eufabric perimeter,2026-09-10,day,out of perimeter; not scored,not_searched,false,sources/report_benchmark_gap.py,eufabric perimeter,2026-09-10,day,out of perimeter; not scored,not_searched,false,sources/report_benchmark_gap.py,eufabric perimeter,2026-09-10,day,out of perimeter; not scored,not_searched,false,sources/report_benchmark_gap.py,eufabric perimeter,2026-09-10,day,out of perimeter; not scored,not_searched,false,sources/report_benchmark_gap.py,eufabric perimeter,2026-09-10,day,out of perimeter; not scored,not_searched,false,sources/report_benchmark_gap.py,eufabric perimeter,2026-09-10,day,out of perimeter; not scored,false
hydrogen,iea:2732,2732,,Carbonshift PtL SAF refinery,GBR,perimeter exclusion,Feasibility study,22.05806915,ktH2Y,DRI or other perimeter exclusion,0,false,false,not_searched,false,sources/report_benchmark_gap.py,eufabric perimeter,2026-09-10,day,out of perimeter; not scored,not_searched,false,sources/report_benchmark_gap.py,eufabric perimeter,2026-09-10,day,out of perimeter; not scored,not_searched,false,sources/report_benchmark_gap.py,eufabric perimeter,2026-09-10,day,out of perimeter; not scored,not_searched,false,sources/report_benchmark_gap.py,eufabric perimeter,2026-09-10,day,out of perimeter; not scored,not_searched,false,sources/report_benchmark_gap.py,eufabric perimeter,2026-09-10,day,out of perimeter; not scored,not_searched,false,sources/report_benchmark_gap.py,eufabric perimeter,2026-09-10,day,out of perimeter; not scored,false
hydrogen,iea:2733,2733,,NABOO,GBR,none found,Feasibility study,71.84628237,ktH2Y,,0,true,false,fail,true,sources/hydrogen_gap_search.json,eufabric search,2026-09-10,day,admission search found no owner or permit source,fail,true,sources/hydrogen_gap_search.json,eufabric search,2026-09-10,day,no owner document on file; the admission search is the record of looking,fail,true,sources/hydrogen_gap_search.json,eufabric search,2026-09-10,day,no owner document on file; the admission search is the record of looking,fail,true,sources/hydrogen_funder_pass.json,eufabric funder pass,2026-09-17,day,the funder lists of sources/hydrogen_funder_pass.json name no award for this entry,fail,true,sources/hydrogen_gap_search.json,eufabric search,2026-09-10,day,no owner document on file; the admission search is the record of looking,fail,true,sources/hydrogen_gap_search.json,eufabric search,2026-09-10,day,no owner document on file; the admission search is the record of looking,false
hydrogen,iea:2735,2735,,Project Starling - Advancing Sustainable Aviation via PtL and Direct Air Capture (ASAP-DAC)  project,GBR,perimeter exclusion,Feasibility study,22.45196324,ktH2Y,DRI or other perimeter exclusion,0,false,false,not_searched,false,sources/report_benchmark_gap.py,eufabric perimeter,2026-09-10,day,out of perimeter; not scored,not_searched,false,sources/report_benchmark_gap.py,eufabric perimeter,2026-09-10,day,out of perimeter; not scored,not_searched,false,sources/report_benchmark_gap.py,eufabric perimeter,2026-09-10,day,out of perimeter; not scored,not_searched,false,sources/report_benchmark_gap.py,eufabric perimeter,2026-09-10,day,out of perimeter; not scored,not_searched,false,sources/report_benchmark_gap.py,eufabric perimeter,2026-09-10,day,out of perimeter; not scored,not_searched,false,sources/report_benchmark_gap.py,eufabric perimeter,2026-09-10,day,out of perimeter; not scored,false
hydrogen,iea:2742,2742,,LH2 Europe Project,GBR,none found,Concept,62.3712,ktH2Y,,0,true,false,fail,true,sources/hydrogen_gap_search.json,eufabric search,2026-09-10,day,admission search found no owner or permit source,fail,true,sources/hydrogen_gap_search.json,eufabric search,2026-09-10,day,no owner document on file; the admission search is the record of looking,fail,true,sources/hydrogen_gap_search.json,eufabric search,2026-09-10,day,no owner document on file; the admission search is the record of looking,fail,true,sources/hydrogen_funder_pass.json,eufabric funder pass,2026-09-17,day,the funder lists of sources/hydrogen_funder_pass.json name no award for this entry,fail,true,sources/hydrogen_gap_search.json,eufabric search,2026-09-10,day,no owner document on file; the admission search is the record of looking,fail,true,sources/hydrogen_gap_search.json,eufabric search,2026-09-10,day,no owner document on file; the admission search is the record of looking,false
hydrogen,iea:2745,2745,,Oulu E-methanol Plant,FIN,perimeter exclusion,Feasibility study,17.32533333,ktH2Y,DRI or other perimeter exclusion,0,false,false,not_searched,false,sources/report_benchmark_gap.py,eufabric perimeter,2026-09-10,day,out of perimeter; not scored,not_searched,false,sources/report_benchmark_gap.py,eufabric perimeter,2026-09-10,day,out of perimeter; not scored,not_searched,false,sources/report_benchmark_gap.py,eufabric perimeter,2026-09-10,day,out of perimeter; not scored,not_searched,false,sources/report_benchmark_gap.py,eufabric perimeter,2026-09-10,day,out of perimeter; not scored,not_searched,false,sources/report_benchmark_gap.py,eufabric perimeter,2026-09-10,day,out of perimeter; not scored,not_searched,false,sources/report_benchmark_gap.py,eufabric perimeter,2026-09-10,day,out of perimeter; not scored,false
hydrogen,iea:2766,2766,rwe-wilton-green-hydrogen,Wilton International Industrial Zone green hydrogen (Wilton Green Hydrogen),GB,admitted,Feasibility study,260,MW_input,,3,true,false,pass,true,https://uk.rwe.com/press-and-news/2024-03-18-wilton-green-hydrogen-project-gains-momentum-in-advancing-sustainable-energy-solutions/,RWE,2026-09-10,day,"the admitting source names the site as 'Wilton International, Teesside'",pass,true,https://uk.rwe.com/press-and-news/2024-03-18-wilton-green-hydrogen-project-gains-momentum-in-advancing-sustainable-energy-solutions/,owner,2026-09-10,day,260 MW_input as stated,fail,true,https://uk.rwe.com/press-and-news/2024-03-18-wilton-green-hydrogen-project-gains-momentum-in-advancing-sustainable-energy-solutions/,owner,2026-09-10,day,no owner statement that FID has been taken,fail,true,sources/hydrogen_funder_pass.json,eufabric funder pass,2026-09-17,day,the funder lists of sources/hydrogen_funder_pass.json name no award for this project,fail,true,https://uk.rwe.com/press-and-news/2024-03-18-wilton-green-hydrogen-project-gains-momentum-in-advancing-sustainable-energy-solutions/,owner,2026-09-10,day,no owner-stated start carrying a date precision,pass,true,https://www.netzeroteesside.co.uk/news/greenlight-for-net-zero-teesside-power/,supplier,2024-12-10,day,co2_storage at firmness contract,true
hydrogen,iea:2775,2775,,Numantia SAF,ESP,perimeter exclusion,Feasibility study,36,ktH2Y,DRI or other perimeter exclusion,0,false,false,not_searched,false,sources/report_benchmark_gap.py,eufabric perimeter,2026-09-10,day,out of perimeter; not scored,not_searched,false,sources/report_benchmark_gap.py,eufabric perimeter,2026-09-10,day,out of perimeter; not scored,not_searched,false,sources/report_benchmark_gap.py,eufabric perimeter,2026-09-10,day,out of perimeter; not scored,not_searched,false,sources/report_benchmark_gap.py,eufabric perimeter,2026-09-10,day,out of perimeter; not scored,not_searched,false,sources/report_benchmark_gap.py,eufabric perimeter,2026-09-10,day,out of perimeter; not scored,not_searched,false,sources/report_benchmark_gap.py,eufabric perimeter,2026-09-10,day,out of perimeter; not scored,false
hydrogen,iea:2793,2793,totalenergies-energhys-vlissingen,EnergHys,NL,admitted,Feasibility study,300,MW_input,,2,true,false,pass,true,https://www.energhys.com/,EnergHys (TotalEnergies),2026-09-10,day,"the admitting source names the site as 'Van Citters harbour, Vlissingen-Oost'",pass,true,https://www.energhys.com/,owner,2026-09-10,day,300 MW_input as stated,fail,true,https://www.energhys.com/,owner,2026-09-10,day,no owner statement that FID has been taken,fail,true,sources/hydrogen_funder_pass.json,eufabric funder pass,2026-09-17,day,the funder lists of sources/hydrogen_funder_pass.json name no award for this project,fail,true,https://www.energhys.com/,owner,2026-09-10,day,no owner-stated start carrying a date precision,fail,true,sources/edges.json,eufabric dependency sweep,2026-09-11,day,"no edge in the dependency graph names this project; the date is the graph's newest statement, not a sweep date",true
hydrogen,iea:2857,2857,,FertigHy first plant,FRA,perimeter exclusion,Concept,30,ktH2Y,DRI or other perimeter exclusion,0,false,false,not_searched,false,sources/report_benchmark_gap.py,eufabric perimeter,2026-09-10,day,out of perimeter; not scored,not_searched,false,sources/report_benchmark_gap.py,eufabric perimeter,2026-09-10,day,out of perimeter; not scored,not_searched,false,sources/report_benchmark_gap.py,eufabric perimeter,2026-09-10,day,out of perimeter; not scored,not_searched,false,sources/report_benchmark_gap.py,eufabric perimeter,2026-09-10,day,out of perimeter; not scored,not_searched,false,sources/report_benchmark_gap.py,eufabric perimeter,2026-09-10,day,out of perimeter; not scored,not_searched,false,sources/report_benchmark_gap.py,eufabric perimeter,2026-09-10,day,out of perimeter; not scored,false
hydrogen,iea:2862,2862,,"P2XFloater and Oksefjorden wind farm
+
P2XFloater and Rubbedalshøgda wind farm",NOR,named not admitted,Feasibility study,199.7162501,ktH2Y,,1,true,false,pass,true,https://www.h2carrier.com/post/h2carrier-to-establish-norway-s-first-integrated-ptx-and-wind-power-project,owner,2026-09-10,day,"{'speaker': 'company', 'source_type': 'company', 'domain': 'h2carrier.com', 'source_url': 'https://www.h2carrier.com/post/h2carrier-to-establish-norway-s-first-integrated-ptx-and-wind-power-project'}",fail,true,sources/hydrogen_gap_search.json,eufabric search,2026-09-10,day,no owner document on file; the admission search is the record of looking,fail,true,sources/hydrogen_gap_search.json,eufabric search,2026-09-10,day,no owner document on file; the admission search is the record of looking,fail,true,sources/hydrogen_funder_pass.json,eufabric funder pass,2026-09-17,day,the funder lists of sources/hydrogen_funder_pass.json name no award for this entry,fail,true,sources/hydrogen_gap_search.json,eufabric search,2026-09-10,day,no owner document on file; the admission search is the record of looking,fail,true,sources/hydrogen_gap_search.json,eufabric search,2026-09-10,day,no owner document on file; the admission search is the record of looking,false
hydrogen,iea:2863,2863,,MetGreenPort,ESP,none found,Feasibility study,138.6026667,ktH2Y,,0,true,false,fail,true,sources/hydrogen_gap_search.json,eufabric search,2026-09-10,day,admission search found no owner or permit source,fail,true,sources/hydrogen_gap_search.json,eufabric search,2026-09-10,day,no owner document on file; the admission search is the record of looking,fail,true,sources/hydrogen_gap_search.json,eufabric search,2026-09-10,day,no owner document on file; the admission search is the record of looking,fail,true,sources/hydrogen_funder_pass.json,eufabric funder pass,2026-09-17,day,the funder lists of sources/hydrogen_funder_pass.json name no award for this entry,fail,true,sources/hydrogen_gap_search.json,eufabric search,2026-09-10,day,no owner document on file; the admission search is the record of looking,fail,true,sources/hydrogen_gap_search.json,eufabric search,2026-09-10,day,no owner document on file; the admission search is the record of looking,false
hydrogen,iea:2875,2875,eneco-diamond-hydrogen-europoort,Eneco Diamond Hydrogen,NL,admitted,Concept,800,MW_input,,1,true,false,fail,true,https://news.eneco.com/eneco-takes-important-step-towards-building-green-hydrogen-plant/,owner,2026-09-10,day,"location_statement is an adjacency (adjacency) to Enecogen, which does not place this row",pass,true,https://news.eneco.com/eneco-takes-important-step-towards-building-green-hydrogen-plant/,owner,2026-09-10,day,800 MW_input as stated,fail,true,https://news.eneco.com/eneco-takes-important-step-towards-building-green-hydrogen-plant/,owner,2026-09-10,day,no owner statement that FID has been taken,fail,true,sources/hydrogen_funder_pass.json,eufabric funder pass,2026-09-17,day,the funder lists of sources/hydrogen_funder_pass.json name no award for this project,fail,true,https://news.eneco.com/eneco-takes-important-step-towards-building-green-hydrogen-plant/,owner,2026-09-10,day,no owner-stated start carrying a date precision,fail,true,sources/edges.json,eufabric dependency sweep,2026-09-11,day,"no edge in the dependency graph names this project; the date is the graph's newest statement, not a sweep date",true
hydrogen,iea:2897,2897,,SIRAM green hydrogen plant in Termoli,ITA,none found,Feasibility study,138.6026667,ktH2Y,,0,true,false,fail,true,sources/hydrogen_gap_search.json,eufabric search,2026-09-10,day,admission search found no owner or permit source,fail,true,sources/hydrogen_gap_search.json,eufabric search,2026-09-10,day,no owner document on file; the admission search is the record of looking,fail,true,sources/hydrogen_gap_search.json,eufabric search,2026-09-10,day,no owner document on file; the admission search is the record of looking,fail,true,sources/hydrogen_funder_pass.json,eufabric funder pass,2026-09-17,day,the funder lists of sources/hydrogen_funder_pass.json name no award for this entry,fail,true,sources/hydrogen_gap_search.json,eufabric search,2026-09-10,day,no owner document on file; the admission search is the record of looking,fail,true,sources/hydrogen_gap_search.json,eufabric search,2026-09-10,day,no owner document on file; the admission search is the record of looking,false
hydrogen,iea:2909,2909,,Power2X Parnu facility,EST,named not admitted,Feasibility study,173.9332096,ktH2Y,,1,true,false,pass,true,https://www.power2x.ee/,owner,2026-09-10,day,"{'speaker': 'company', 'source_type': 'company', 'domain': 'power2x.ee', 'source_url': 'https://www.power2x.ee/'}",fail,true,sources/hydrogen_gap_search.json,eufabric search,2026-09-10,day,no owner document on file; the admission search is the record of looking,fail,true,sources/hydrogen_gap_search.json,eufabric search,2026-09-10,day,no owner document on file; the admission search is the record of looking,fail,true,sources/hydrogen_funder_pass.json,eufabric funder pass,2026-09-17,day,the funder lists of sources/hydrogen_funder_pass.json name no award for this entry,fail,true,sources/hydrogen_gap_search.json,eufabric search,2026-09-10,day,no owner document on file; the admission search is the record of looking,fail,true,sources/hydrogen_gap_search.json,eufabric search,2026-09-10,day,no owner document on file; the admission search is the record of looking,false
hydrogen,iea:2957,2957,,Armonia Green Sevilla phase I,ESP,none found,Feasibility study,34.30416,ktH2Y,,0,true,false,fail,true,sources/hydrogen_gap_search.json,eufabric search,2026-09-10,day,admission search found no owner or permit source,fail,true,sources/hydrogen_gap_search.json,eufabric search,2026-09-10,day,no owner document on file; the admission search is the record of looking,fail,true,sources/hydrogen_gap_search.json,eufabric search,2026-09-10,day,no owner document on file; the admission search is the record of looking,fail,true,sources/hydrogen_funder_pass.json,eufabric funder pass,2026-09-17,day,the funder lists of sources/hydrogen_funder_pass.json name no award for this entry,fail,true,sources/hydrogen_gap_search.json,eufabric search,2026-09-10,day,no owner document on file; the admission search is the record of looking,fail,true,sources/hydrogen_gap_search.json,eufabric search,2026-09-10,day,no owner document on file; the admission search is the record of looking,false
hydrogen,iea:3009,3009,,GalpH2Park-II (Phase II),PRT,unread,Feasibility study,29.98615385,ktH2Y,,0,false,true,unread,true,,,,,company source unreadable; queued for a browser pass,unread,true,,,,,company source unreadable; queued for a browser pass,unread,true,,,,,company source unreadable; queued for a browser pass,unread,true,,,,,company source unreadable; queued for a browser pass,unread,true,,,,,company source unreadable; queued for a browser pass,unread,true,,,,,company source unreadable; queued for a browser pass,false
hydrogen,iea:3010,3010,,Grey2Green,PRT,unread,Concept,29.98615385,ktH2Y,,0,false,true,unread,true,,,,,company source unreadable; queued for a browser pass,unread,true,,,,,company source unreadable; queued for a browser pass,unread,true,,,,,company source unreadable; queued for a browser pass,unread,true,,,,,company source unreadable; queued for a browser pass,unread,true,,,,,company source unreadable; queued for a browser pass,unread,true,,,,,company source unreadable; queued for a browser pass,false
hydrogen,iea:3012,3012,,Armonia Green Castellon Phase I,ESP,none found,Feasibility study,50.96038415,ktH2Y,,0,true,false,fail,true,sources/hydrogen_gap_search.json,eufabric search,2026-09-10,day,admission search found no owner or permit source,fail,true,sources/hydrogen_gap_search.json,eufabric search,2026-09-10,day,no owner document on file; the admission search is the record of looking,fail,true,sources/hydrogen_gap_search.json,eufabric search,2026-09-10,day,no owner document on file; the admission search is the record of looking,fail,true,sources/hydrogen_funder_pass.json,eufabric funder pass,2026-09-17,day,the funder lists of sources/hydrogen_funder_pass.json name no award for this entry,fail,true,sources/hydrogen_gap_search.json,eufabric search,2026-09-10,day,no owner document on file; the admission search is the record of looking,fail,true,sources/hydrogen_gap_search.json,eufabric search,2026-09-10,day,no owner document on file; the admission search is the record of looking,false
hydrogen,iea:3013,3013,,Armonia Green Castellon Phase II,ESP,none found,Concept,51.14045618,ktH2Y,,0,true,false,fail,true,sources/hydrogen_gap_search.json,eufabric search,2026-09-10,day,admission search found no owner or permit source,fail,true,sources/hydrogen_gap_search.json,eufabric search,2026-09-10,day,no owner document on file; the admission search is the record of looking,fail,true,sources/hydrogen_gap_search.json,eufabric search,2026-09-10,day,no owner document on file; the admission search is the record of looking,fail,true,sources/hydrogen_funder_pass.json,eufabric funder pass,2026-09-17,day,the funder lists of sources/hydrogen_funder_pass.json name no award for this entry,fail,true,sources/hydrogen_gap_search.json,eufabric search,2026-09-10,day,no owner document on file; the admission search is the record of looking,fail,true,sources/hydrogen_gap_search.json,eufabric search,2026-09-10,day,no owner document on file; the admission search is the record of looking,false
hydrogen,iea:3014,3014,,Armonia Green Castellon Phase III,ESP,none found,Concept,50.96038415,ktH2Y,,0,true,false,fail,true,sources/hydrogen_gap_search.json,eufabric search,2026-09-10,day,admission search found no owner or permit source,fail,true,sources/hydrogen_gap_search.json,eufabric search,2026-09-10,day,no owner document on file; the admission search is the record of looking,fail,true,sources/hydrogen_gap_search.json,eufabric search,2026-09-10,day,no owner document on file; the admission search is the record of looking,fail,true,sources/hydrogen_funder_pass.json,eufabric funder pass,2026-09-17,day,the funder lists of sources/hydrogen_funder_pass.json name no award for this entry,fail,true,sources/hydrogen_gap_search.json,eufabric search,2026-09-10,day,no owner document on file; the admission search is the record of looking,fail,true,sources/hydrogen_gap_search.json,eufabric search,2026-09-10,day,no owner document on file; the admission search is the record of looking,false
hydrogen,iea:3015,3015,ignis-armonia-green-galicia,Armonia Green Galicia Phase I,ES,admitted,Feasibility study,200,MW_input,,2,true,false,pass,true,https://web.archive.org/web/20260416133218/https://www.ignis.es/en/green-hydrogen-as-a-key-driver-for-decarbonization-and-energy-transformation/,IGNIS,2024-09-23,day,"the admitting source names the site as 'Port of Punta Langosteira, A Coruna'",pass,true,https://web.archive.org/web/20260416133218/https://www.ignis.es/en/green-hydrogen-as-a-key-driver-for-decarbonization-and-energy-transformation/,owner,2026-09-10,day,200 MW_input as stated,fail,true,https://web.archive.org/web/20260416133218/https://www.ignis.es/en/green-hydrogen-as-a-key-driver-for-decarbonization-and-energy-transformation/,owner,2024-09-23,day,no owner statement that FID has been taken,fail,true,sources/hydrogen_funder_pass.json,eufabric funder pass,2026-09-17,day,the funder lists of sources/hydrogen_funder_pass.json name no award for this project,fail,true,https://web.archive.org/web/20260416133218/https://www.ignis.es/en/green-hydrogen-as-a-key-driver-for-decarbonization-and-energy-transformation/,owner,2024-09-23,day,no owner-stated start carrying a date precision,fail,true,sources/edges.json,eufabric dependency sweep,2026-09-11,day,"no edge in the dependency graph names this project; the date is the graph's newest statement, not a sweep date",true
hydrogen,iea:3019,3019,,"Moeve San Roque Energy Park (Algeciras) - Andalusian Green Hydrogen Valley 
CARTEIA Project - Phase 2",ESP,named not admitted,Concept,86.62666667,ktH2Y,,1,true,false,pass,true,https://www.moeveglobal.com/en/businesses/commercial-clean-energies/green-hydrogen/green-hydrogen-production-at-moeve,owner,2026-09-10,day,"{'speaker': 'company', 'source_type': 'company', 'domain': 'moeveglobal.com', 'source_url': 'https://www.moeveglobal.com/en/businesses/commercial-clean-energies/green-hydrogen/green-hydrogen-production-at-moeve'}",fail,true,sources/hydrogen_gap_search.json,eufabric search,2026-09-10,day,no owner document on file; the admission search is the record of looking,fail,true,sources/hydrogen_gap_search.json,eufabric search,2026-09-10,day,no owner document on file; the admission search is the record of looking,fail,true,sources/hydrogen_funder_pass.json,eufabric funder pass,2026-09-17,day,the funder lists of sources/hydrogen_funder_pass.json name no award for this entry,fail,true,sources/hydrogen_gap_search.json,eufabric search,2026-09-10,day,no owner document on file; the admission search is the record of looking,fail,true,sources/hydrogen_gap_search.json,eufabric search,2026-09-10,day,no owner document on file; the admission search is the record of looking,false
hydrogen,iea:3051,3051,,Markinch Green Hydrogen,GBR,named not admitted,Feasibility study,17.32533333,ktH2Y,,1,true,false,pass,true,https://www.rwe.com/en/press/rwe-generation/2022-06-14-rwe-and-sgn-announce-green-hydrogen-partnership-for-domestic-heat-in-scotland/,owner,2026-09-10,day,"{'speaker': 'company', 'source_type': 'company', 'domain': 'rwe.com', 'source_url': 'https://www.rwe.com/en/press/rwe-generation/2022-06-14-rwe-and-sgn-announce-green-hydrogen-partnership-for-domestic-heat-in-scotland/'}",fail,true,sources/hydrogen_gap_search.json,eufabric search,2026-09-10,day,no owner document on file; the admission search is the record of looking,fail,true,sources/hydrogen_gap_search.json,eufabric search,2026-09-10,day,no owner document on file; the admission search is the record of looking,fail,true,sources/hydrogen_funder_pass.json,eufabric funder pass,2026-09-17,day,the funder lists of sources/hydrogen_funder_pass.json name no award for this entry,fail,true,sources/hydrogen_gap_search.json,eufabric search,2026-09-10,day,no owner document on file; the admission search is the record of looking,fail,true,sources/hydrogen_gap_search.json,eufabric search,2026-09-10,day,no owner document on file; the admission search is the record of looking,false
hydrogen,iea:3053,3053,rwe-pembroke-green-hydrogen,Pembroke power station - Pembroke Green Hydrogen/Net Zero Centre (Phase 2),GB,admitted,Feasibility study,100,MW_input,,1,true,false,fail,true,https://uk.rwe.com/innovation/pembroke-net-zero-centre-pnzc/pembroke-green-hydrogen/,owner,2026-09-10,day,"location_statement is an adjacency (adjacency) to Pembroke Power Station, which does not place this row",pass,true,https://uk.rwe.com/innovation/pembroke-net-zero-centre-pnzc/pembroke-green-hydrogen/,owner,2026-09-10,day,100 MW_input as stated,fail,true,https://uk.rwe.com/innovation/pembroke-net-zero-centre-pnzc/pembroke-green-hydrogen/,owner,2026-09-10,day,no owner statement that FID has been taken,fail,true,sources/hydrogen_funder_pass.json,eufabric funder pass,2026-09-17,day,the funder lists of sources/hydrogen_funder_pass.json name no award for this project,fail,true,https://uk.rwe.com/innovation/pembroke-net-zero-centre-pnzc/pembroke-green-hydrogen/,owner,2026-09-10,day,no owner-stated start carrying a date precision,fail,true,sources/edges.json,eufabric dependency sweep,2026-09-11,day,"no edge in the dependency graph names this project; the date is the graph's newest statement, not a sweep date",true
hydrogen,iea:3056,3056,,RWE Grangemouth,GBR,named not admitted,Feasibility study,34.65066667,ktH2Y,,1,true,false,pass,true,https://uk.rwe.com/project-proposals/grangemouth-green-hydrogen/,owner,2026-09-10,day,"{'speaker': 'company', 'source_type': 'company', 'domain': 'rwe.com', 'source_url': 'https://uk.rwe.com/project-proposals/grangemouth-green-hydrogen/'}",fail,true,sources/hydrogen_gap_search.json,eufabric search,2026-09-10,day,no owner document on file; the admission search is the record of looking,fail,true,sources/hydrogen_gap_search.json,eufabric search,2026-09-10,day,no owner document on file; the admission search is the record of looking,fail,true,sources/hydrogen_funder_pass.json,eufabric funder pass,2026-09-17,day,the funder lists of sources/hydrogen_funder_pass.json name no award for this entry,fail,true,sources/hydrogen_gap_search.json,eufabric search,2026-09-10,day,no owner document on file; the admission search is the record of looking,fail,true,sources/hydrogen_gap_search.json,eufabric search,2026-09-10,day,no owner document on file; the admission search is the record of looking,false
hydrogen,iea:3060,3060,,"Dolphyn 1, phase 3",GBR,none found,Concept,675.688,ktH2Y,,0,true,false,fail,true,sources/hydrogen_gap_search.json,eufabric search,2026-09-10,day,admission search found no owner or permit source,fail,true,sources/hydrogen_gap_search.json,eufabric search,2026-09-10,day,no owner document on file; the admission search is the record of looking,fail,true,sources/hydrogen_gap_search.json,eufabric search,2026-09-10,day,no owner document on file; the admission search is the record of looking,fail,true,sources/hydrogen_funder_pass.json,eufabric funder pass,2026-09-17,day,the funder lists of sources/hydrogen_funder_pass.json name no award for this entry,fail,true,sources/hydrogen_gap_search.json,eufabric search,2026-09-10,day,no owner document on file; the admission search is the record of looking,fail,true,sources/hydrogen_gap_search.json,eufabric search,2026-09-10,day,no owner document on file; the admission search is the record of looking,false
hydrogen,iea:3070,3070,,H2H/Easington Hydrogen Production Green,GBR,named not admitted,Feasibility study,34.65066667,ktH2Y,,1,true,false,pass,true,https://www.equinor.com/news/uk/h2heasingtonhumberhydrogenhublaunch,owner,2026-09-10,day,"{'speaker': 'company', 'source_type': 'company', 'domain': 'equinor.com', 'source_url': 'https://www.equinor.com/news/uk/h2heasingtonhumberhydrogenhublaunch'}",fail,true,sources/hydrogen_gap_search.json,eufabric search,2026-09-10,day,no owner document on file; the admission search is the record of looking,fail,true,sources/hydrogen_gap_search.json,eufabric search,2026-09-10,day,no owner document on file; the admission search is the record of looking,fail,true,sources/hydrogen_funder_pass.json,eufabric funder pass,2026-09-17,day,the funder lists of sources/hydrogen_funder_pass.json name no award for this entry,fail,true,sources/hydrogen_gap_search.json,eufabric search,2026-09-10,day,no owner document on file; the admission search is the record of looking,fail,true,sources/hydrogen_gap_search.json,eufabric search,2026-09-10,day,no owner document on file; the admission search is the record of looking,false
hydrogen,iea:3076,3076,meld-saltend-hull,Saltend Chemicals Park - Hull - phase 2,GB,admitted,Concept,100,MW_input,,2,true,false,pass,true,https://meld.energy/projects/,Meld Energy,2026-09-10,day,"the admitting source names the site as 'Saltend Chemicals Park, Hull'",pass,true,https://meld.energy/projects/,owner,2026-09-10,day,100 MW_input as stated,fail,true,https://meld.energy/projects/,owner,2026-09-10,day,no owner statement that FID has been taken,fail,true,sources/hydrogen_funder_pass.json,eufabric funder pass,2026-09-17,day,the funder lists of sources/hydrogen_funder_pass.json name no award for this project,fail,true,https://meld.energy/projects/,owner,2026-09-10,day,no owner-stated start carrying a date precision,fail,true,sources/edges.json,eufabric dependency sweep,2026-09-11,day,"no edge in the dependency graph names this project; the date is the graph's newest statement, not a sweep date",true
hydrogen,iea:3080,3080,,Tees Green Methanol (phase 3),GBR,perimeter exclusion,Concept,34.65066667,ktH2Y,DRI or other perimeter exclusion,0,false,false,not_searched,false,sources/report_benchmark_gap.py,eufabric perimeter,2026-09-10,day,out of perimeter; not scored,not_searched,false,sources/report_benchmark_gap.py,eufabric perimeter,2026-09-10,day,out of perimeter; not scored,not_searched,false,sources/report_benchmark_gap.py,eufabric perimeter,2026-09-10,day,out of perimeter; not scored,not_searched,false,sources/report_benchmark_gap.py,eufabric perimeter,2026-09-10,day,out of perimeter; not scored,not_searched,false,sources/report_benchmark_gap.py,eufabric perimeter,2026-09-10,day,out of perimeter; not scored,not_searched,false,sources/report_benchmark_gap.py,eufabric perimeter,2026-09-10,day,out of perimeter; not scored,false
hydrogen,iea:3083,3083,,Sullom Voe Terminal Hydrogen Project (Phase 2),GBR,named not admitted,Concept,43.31333333,ktH2Y,,1,true,false,pass,true,https://verienergy.com/pages/hydrogen,owner,2026-09-10,day,"{'speaker': 'company', 'source_type': 'company', 'domain': 'verienergy.com', 'source_url': 'https://verienergy.com/pages/hydrogen'}",fail,true,sources/hydrogen_gap_search.json,eufabric search,2026-09-10,day,no owner document on file; the admission search is the record of looking,fail,true,sources/hydrogen_gap_search.json,eufabric search,2026-09-10,day,no owner document on file; the admission search is the record of looking,fail,true,sources/hydrogen_funder_pass.json,eufabric funder pass,2026-09-17,day,the funder lists of sources/hydrogen_funder_pass.json name no award for this entry,fail,true,sources/hydrogen_gap_search.json,eufabric search,2026-09-10,day,no owner document on file; the admission search is the record of looking,fail,true,sources/hydrogen_gap_search.json,eufabric search,2026-09-10,day,no owner document on file; the admission search is the record of looking,false
hydrogen,iea:3086,3086,,Kvinesdal Ammonia A Energi,NOR,named not admitted,Concept,103.952,ktH2Y,,1,true,false,pass,true,https://www.aenergi.no/no/fornybar-energi/ammoniakk,owner,2026-09-10,day,"{'speaker': 'company', 'source_type': 'company', 'domain': 'aenergi.no', 'source_url': 'https://www.aenergi.no/no/fornybar-energi/ammoniakk'}",fail,true,sources/hydrogen_gap_search.json,eufabric search,2026-09-10,day,no owner document on file; the admission search is the record of looking,fail,true,sources/hydrogen_gap_search.json,eufabric search,2026-09-10,day,no owner document on file; the admission search is the record of looking,fail,true,sources/hydrogen_funder_pass.json,eufabric funder pass,2026-09-17,day,the funder lists of sources/hydrogen_funder_pass.json name no award for this entry,fail,true,sources/hydrogen_gap_search.json,eufabric search,2026-09-10,day,no owner document on file; the admission search is the record of looking,fail,true,sources/hydrogen_gap_search.json,eufabric search,2026-09-10,day,no owner document on file; the admission search is the record of looking,false
hydrogen,iea:3087,3087,,Hyperion H2 Alandroal- Phase 2,PRT,none found,Concept,17.32533333,ktH2Y,,0,true,false,fail,true,sources/hydrogen_gap_search.json,eufabric search,2026-09-10,day,admission search found no owner or permit source,fail,true,sources/hydrogen_gap_search.json,eufabric search,2026-09-10,day,no owner document on file; the admission search is the record of looking,fail,true,sources/hydrogen_gap_search.json,eufabric search,2026-09-10,day,no owner document on file; the admission search is the record of looking,fail,true,sources/hydrogen_funder_pass.json,eufabric funder pass,2026-09-17,day,the funder lists of sources/hydrogen_funder_pass.json name no award for this entry,fail,true,sources/hydrogen_gap_search.json,eufabric search,2026-09-10,day,no owner document on file; the admission search is the record of looking,fail,true,sources/hydrogen_gap_search.json,eufabric search,2026-09-10,day,no owner document on file; the admission search is the record of looking,false
hydrogen,iea:3088,3088,,Hyperion H2 Alandroal- Phase 3,PRT,none found,Concept,17.32533333,ktH2Y,,0,true,false,fail,true,sources/hydrogen_gap_search.json,eufabric search,2026-09-10,day,admission search found no owner or permit source,fail,true,sources/hydrogen_gap_search.json,eufabric search,2026-09-10,day,no owner document on file; the admission search is the record of looking,fail,true,sources/hydrogen_gap_search.json,eufabric search,2026-09-10,day,no owner document on file; the admission search is the record of looking,fail,true,sources/hydrogen_funder_pass.json,eufabric funder pass,2026-09-17,day,the funder lists of sources/hydrogen_funder_pass.json name no award for this entry,fail,true,sources/hydrogen_gap_search.json,eufabric search,2026-09-10,day,no owner document on file; the admission search is the record of looking,fail,true,sources/hydrogen_gap_search.json,eufabric search,2026-09-10,day,no owner document on file; the admission search is the record of looking,false
hydrogen,iea:3091,3091,,ETFuels - Ranua,FIN,unread,Feasibility study,51.976,ktH2Y,,0,false,true,unread,true,,,,,company source unreadable; queued for a browser pass,unread,true,,,,,company source unreadable; queued for a browser pass,unread,true,,,,,company source unreadable; queued for a browser pass,unread,true,,,,,company source unreadable; queued for a browser pass,unread,true,,,,,company source unreadable; queued for a browser pass,unread,true,,,,,company source unreadable; queued for a browser pass,false
hydrogen,iea:3095,3095,,Green NortH2 Energy Naantali,FIN,named not admitted,Feasibility study,41.98061538,ktH2Y,,1,true,false,pass,true,https://www.greennorth.energy/en/project/,owner,2026-09-10,day,"{'speaker': 'company', 'source_type': 'company', 'domain': 'greennorth.energy', 'source_url': 'https://www.greennorth.energy/en/project/'}",fail,true,sources/hydrogen_gap_search.json,eufabric search,2026-09-10,day,no owner document on file; the admission search is the record of looking,fail,true,sources/hydrogen_gap_search.json,eufabric search,2026-09-10,day,no owner document on file; the admission search is the record of looking,fail,true,sources/hydrogen_funder_pass.json,eufabric funder pass,2026-09-17,day,the funder lists of sources/hydrogen_funder_pass.json name no award for this entry,fail,true,sources/hydrogen_gap_search.json,eufabric search,2026-09-10,day,no owner document on file; the admission search is the record of looking,fail,true,sources/hydrogen_gap_search.json,eufabric search,2026-09-10,day,no owner document on file; the admission search is the record of looking,false
hydrogen,iea:3096,3096,,Green NortH2 Energy Pori,FIN,none found,Feasibility study,48.51093333,ktH2Y,,0,true,false,fail,true,sources/hydrogen_gap_search.json,eufabric search,2026-09-10,day,admission search found no owner or permit source,fail,true,sources/hydrogen_gap_search.json,eufabric search,2026-09-10,day,no owner document on file; the admission search is the record of looking,fail,true,sources/hydrogen_gap_search.json,eufabric search,2026-09-10,day,no owner document on file; the admission search is the record of looking,fail,true,sources/hydrogen_funder_pass.json,eufabric funder pass,2026-09-17,day,the funder lists of sources/hydrogen_funder_pass.json name no award for this entry,fail,true,sources/hydrogen_gap_search.json,eufabric search,2026-09-10,day,no owner document on file; the admission search is the record of looking,fail,true,sources/hydrogen_gap_search.json,eufabric search,2026-09-10,day,no owner document on file; the admission search is the record of looking,false
hydrogen,iea:3101,3101,,H2Enable (Phase 2),PRT,named not admitted,Concept,81.42906667,ktH2Y,,1,true,false,pass,true,https://www.bondalti.com/en/bondalti/media/projeto-de-hidrogenio-aprovado-na-europa,owner,2026-09-10,day,"{'speaker': 'company', 'source_type': 'company', 'domain': 'bondalti.com', 'source_url': 'https://www.bondalti.com/en/bondalti/media/projeto-de-hidrogenio-aprovado-na-europa'}",fail,true,sources/hydrogen_gap_search.json,eufabric search,2026-09-10,day,no owner document on file; the admission search is the record of looking,fail,true,sources/hydrogen_gap_search.json,eufabric search,2026-09-10,day,no owner document on file; the admission search is the record of looking,fail,true,sources/hydrogen_funder_pass.json,eufabric funder pass,2026-09-17,day,the funder lists of sources/hydrogen_funder_pass.json name no award for this entry,fail,true,sources/hydrogen_gap_search.json,eufabric search,2026-09-10,day,no owner document on file; the admission search is the record of looking,fail,true,sources/hydrogen_gap_search.json,eufabric search,2026-09-10,day,no owner document on file; the admission search is the record of looking,false
hydrogen,iea:3102,3102,,H2Enable (Phase 3),PRT,named not admitted,Concept,69.30133333,ktH2Y,,1,true,false,pass,true,https://www.bondalti.com/en/bondalti/media/projeto-de-hidrogenio-aprovado-na-europa,owner,2026-09-10,day,"{'speaker': 'company', 'source_type': 'company', 'domain': 'bondalti.com', 'source_url': 'https://www.bondalti.com/en/bondalti/media/projeto-de-hidrogenio-aprovado-na-europa'}",fail,true,sources/hydrogen_gap_search.json,eufabric search,2026-09-10,day,no owner document on file; the admission search is the record of looking,fail,true,sources/hydrogen_gap_search.json,eufabric search,2026-09-10,day,no owner document on file; the admission search is the record of looking,fail,true,sources/hydrogen_funder_pass.json,eufabric funder pass,2026-09-17,day,the funder lists of sources/hydrogen_funder_pass.json name no award for this entry,fail,true,sources/hydrogen_gap_search.json,eufabric search,2026-09-10,day,no owner document on file; the admission search is the record of looking,fail,true,sources/hydrogen_gap_search.json,eufabric search,2026-09-10,day,no owner document on file; the admission search is the record of looking,false
hydrogen,iea:3103,3103,,H2Enable (Phase 4),PRT,named not admitted,Concept,103.952,ktH2Y,,1,true,false,pass,true,https://www.bondalti.com/en/bondalti/media/projeto-de-hidrogenio-aprovado-na-europa,owner,2026-09-10,day,"{'speaker': 'company', 'source_type': 'company', 'domain': 'bondalti.com', 'source_url': 'https://www.bondalti.com/en/bondalti/media/projeto-de-hidrogenio-aprovado-na-europa'}",fail,true,sources/hydrogen_gap_search.json,eufabric search,2026-09-10,day,no owner document on file; the admission search is the record of looking,fail,true,sources/hydrogen_gap_search.json,eufabric search,2026-09-10,day,no owner document on file; the admission search is the record of looking,fail,true,sources/hydrogen_funder_pass.json,eufabric funder pass,2026-09-17,day,the funder lists of sources/hydrogen_funder_pass.json name no award for this entry,fail,true,sources/hydrogen_gap_search.json,eufabric search,2026-09-10,day,no owner document on file; the admission search is the record of looking,fail,true,sources/hydrogen_gap_search.json,eufabric search,2026-09-10,day,no owner document on file; the admission search is the record of looking,false
hydrogen,iea:3118,3118,,WinPower - PtX Sines project,PRT,named not admitted,Concept,27.72053333,ktH2Y,,1,true,false,pass,true,https://winpowersa.com/winpower-wins-eu-funding-for-hy2infra/,owner,2026-09-10,day,"{'speaker': 'company', 'source_type': 'company', 'domain': 'winpowersa.com', 'source_url': 'https://winpowersa.com/winpower-wins-eu-funding-for-hy2infra/'}",fail,true,sources/hydrogen_gap_search.json,eufabric search,2026-09-10,day,no owner document on file; the admission search is the record of looking,fail,true,sources/hydrogen_gap_search.json,eufabric search,2026-09-10,day,no owner document on file; the admission search is the record of looking,fail,true,sources/hydrogen_funder_pass.json,eufabric funder pass,2026-09-17,day,the funder lists of sources/hydrogen_funder_pass.json name no award for this entry,fail,true,sources/hydrogen_gap_search.json,eufabric search,2026-09-10,day,no owner document on file; the admission search is the record of looking,fail,true,sources/hydrogen_gap_search.json,eufabric search,2026-09-10,day,no owner document on file; the admission search is the record of looking,false
hydrogen,iea:3125,3125,lhyfe-lubmin,Lhyfe Lubmin,DE,admitted,Concept,800,MW_input,,2,true,false,pass,true,https://www.lhyfe.com/press/lhyfe-at-the-cutting-edge-of-hydrogen-strategies-with-a-new-800mw-project-in-lubmin-germany-to-supply-the-future-european-hydrogen-backbone-network/,Lhyfe,2026-09-10,day,the admitting source names the site as 'Site of the decommissioned Lubmin nuclear power station',pass,true,https://www.lhyfe.com/press/lhyfe-at-the-cutting-edge-of-hydrogen-strategies-with-a-new-800mw-project-in-lubmin-germany-to-supply-the-future-european-hydrogen-backbone-network/,owner,2026-09-10,day,800 MW_input as stated,fail,true,https://www.lhyfe.com/press/lhyfe-at-the-cutting-edge-of-hydrogen-strategies-with-a-new-800mw-project-in-lubmin-germany-to-supply-the-future-european-hydrogen-backbone-network/,owner,2026-09-10,day,no owner statement that FID has been taken,fail,true,sources/hydrogen_funder_pass.json,eufabric funder pass,2026-09-17,day,the funder lists of sources/hydrogen_funder_pass.json name no award for this project,fail,true,https://www.lhyfe.com/press/lhyfe-at-the-cutting-edge-of-hydrogen-strategies-with-a-new-800mw-project-in-lubmin-germany-to-supply-the-future-european-hydrogen-backbone-network/,owner,2026-09-10,day,no owner-stated start carrying a date precision,fail,true,sources/edges.json,eufabric dependency sweep,2026-09-11,day,"no edge in the dependency graph names this project; the date is the graph's newest statement, not a sweep date",true
hydrogen,iea:3132,3132,,RVO- Holland coast project 1,NLD,unread,Concept,17.32533333,ktH2Y,,0,false,true,unread,true,,,,,company source unreadable; queued for a browser pass,unread,true,,,,,company source unreadable; queued for a browser pass,unread,true,,,,,company source unreadable; queued for a browser pass,unread,true,,,,,company source unreadable; queued for a browser pass,unread,true,,,,,company source unreadable; queued for a browser pass,unread,true,,,,,company source unreadable; queued for a browser pass,false
hydrogen,iea:3133,3133,,RVO- Holland coast project 2,NLD,unread,Concept,86.62666667,ktH2Y,,0,false,true,unread,true,,,,,company source unreadable; queued for a browser pass,unread,true,,,,,company source unreadable; queued for a browser pass,unread,true,,,,,company source unreadable; queued for a browser pass,unread,true,,,,,company source unreadable; queued for a browser pass,unread,true,,,,,company source unreadable; queued for a browser pass,unread,true,,,,,company source unreadable; queued for a browser pass,false
hydrogen,iea:3147,3147,,Liepaja Special Economic Zone (SEZ),LVA,named not admitted,Concept,173.2533333,ktH2Y,,1,true,false,pass,true,https://liepaja-sez.lv/en/home/a-sustainable-industry-hub-is-being-created-in-liepaja,permit,2026-09-10,day,"{'speaker': 'permit', 'source_type': 'permit', 'domain': 'liepaja-sez.lv', 'source_url': 'https://liepaja-sez.lv/en/home/a-sustainable-industry-hub-is-being-created-in-liepaja'}",fail,true,sources/hydrogen_gap_search.json,eufabric search,2026-09-10,day,no owner document on file; the admission search is the record of looking,fail,true,sources/hydrogen_gap_search.json,eufabric search,2026-09-10,day,no owner document on file; the admission search is the record of looking,fail,true,sources/hydrogen_funder_pass.json,eufabric funder pass,2026-09-17,day,the funder lists of sources/hydrogen_funder_pass.json name no award for this entry,fail,true,sources/hydrogen_gap_search.json,eufabric search,2026-09-10,day,no owner document on file; the admission search is the record of looking,fail,true,sources/hydrogen_gap_search.json,eufabric search,2026-09-10,day,no owner document on file; the admission search is the record of looking,false
hydrogen,iea:3165,3165,h2u-reni,H2U Hydrogen Valley – Reni - phase 1,UA,admitted,Concept,100,MW_input,,2,true,false,pass,true,https://h2u.ua/en/projects/,Hydrogen Ukraine,2026-09-10,day,"the admitting source names the site as 'Reni, Odesa region'",pass,true,https://h2u.ua/en/projects/,owner,2026-09-10,day,100 MW_input as stated,fail,true,https://h2u.ua/en/projects/,owner,2026-09-10,day,no owner statement that FID has been taken,fail,true,sources/hydrogen_funder_pass.json,eufabric funder pass,2026-09-17,day,the funder lists of sources/hydrogen_funder_pass.json name no award for this project,fail,true,https://h2u.ua/en/projects/,owner,2026-09-10,day,no owner-stated start carrying a date precision,fail,true,sources/edges.json,eufabric dependency sweep,2026-09-11,day,"no edge in the dependency graph names this project; the date is the graph's newest statement, not a sweep date",true
hydrogen,iea:3166,3166,h2u-reni,H2U Hydrogen Valley – Reni - phase 2,UA,admitted,Concept,100,MW_input,,2,true,false,pass,true,https://h2u.ua/en/projects/,Hydrogen Ukraine,2026-09-10,day,"the admitting source names the site as 'Reni, Odesa region'",pass,true,https://h2u.ua/en/projects/,owner,2026-09-10,day,100 MW_input as stated,fail,true,https://h2u.ua/en/projects/,owner,2026-09-10,day,no owner statement that FID has been taken,fail,true,sources/hydrogen_funder_pass.json,eufabric funder pass,2026-09-17,day,the funder lists of sources/hydrogen_funder_pass.json name no award for this project,fail,true,https://h2u.ua/en/projects/,owner,2026-09-10,day,no owner-stated start carrying a date precision,fail,true,sources/edges.json,eufabric dependency sweep,2026-09-11,day,"no edge in the dependency graph names this project; the date is the graph's newest statement, not a sweep date",true
hydrogen,iea:3181,3181,,"Eternal Power hydrogen project, Hamburg, phase 2",DEU,none found,Concept,55.44106667,ktH2Y,,0,true,false,fail,true,sources/hydrogen_gap_search.json,eufabric search,2026-09-10,day,admission search found no owner or permit source,fail,true,sources/hydrogen_gap_search.json,eufabric search,2026-09-10,day,no owner document on file; the admission search is the record of looking,fail,true,sources/hydrogen_gap_search.json,eufabric search,2026-09-10,day,no owner document on file; the admission search is the record of looking,fail,true,sources/hydrogen_funder_pass.json,eufabric funder pass,2026-09-17,day,the funder lists of sources/hydrogen_funder_pass.json name no award for this entry,fail,true,sources/hydrogen_gap_search.json,eufabric search,2026-09-10,day,no owner document on file; the admission search is the record of looking,fail,true,sources/hydrogen_gap_search.json,eufabric search,2026-09-10,day,no owner document on file; the admission search is the record of looking,false
hydrogen,iea:3182,3182,,e-SAF hub in the Port of Rotterdam,NLD,perimeter exclusion,Feasibility study,393.894092,ktH2Y,DRI or other perimeter exclusion,0,false,false,not_searched,false,sources/report_benchmark_gap.py,eufabric perimeter,2026-09-10,day,out of perimeter; not scored,not_searched,false,sources/report_benchmark_gap.py,eufabric perimeter,2026-09-10,day,out of perimeter; not scored,not_searched,false,sources/report_benchmark_gap.py,eufabric perimeter,2026-09-10,day,out of perimeter; not scored,not_searched,false,sources/report_benchmark_gap.py,eufabric perimeter,2026-09-10,day,out of perimeter; not scored,not_searched,false,sources/report_benchmark_gap.py,eufabric perimeter,2026-09-10,day,out of perimeter; not scored,not_searched,false,sources/report_benchmark_gap.py,eufabric perimeter,2026-09-10,day,out of perimeter; not scored,false
hydrogen,iea:3213,3213,ricenergy-besaya-torrelavega,"Besaya H2, phase 2",ES,admitted,Concept,500,MW_input,,2,true,false,pass,true,https://ric.energy/besaya-h2-proyecto-ric-energy-impulsara-descarbonizacion-cantabria/,owner,2026-09-10,day,row carries a position from a company or permit source,pass,true,https://ric.energy/besaya-h2-proyecto-ric-energy-impulsara-descarbonizacion-cantabria/,owner,2026-09-10,day,500 MW_input as stated,fail,true,https://ric.energy/besaya-h2-proyecto-ric-energy-impulsara-descarbonizacion-cantabria/,owner,2026-09-10,day,no owner statement that FID has been taken,fail,true,sources/hydrogen_funder_pass.json,eufabric funder pass,2026-09-17,day,the funder lists of sources/hydrogen_funder_pass.json name no award for this project,fail,true,https://ric.energy/besaya-h2-proyecto-ric-energy-impulsara-descarbonizacion-cantabria/,owner,2026-09-10,day,no owner-stated start carrying a date precision,fail,true,sources/edges.json,eufabric dependency sweep,2026-09-11,day,"no edge in the dependency graph names this project; the date is the graph's newest statement, not a sweep date",true
hydrogen,iea:3251,3251,,"Freija e-methane project in Nokia (Tampere), phase 1",FIN,perimeter exclusion,Feasibility study,31.38528139,ktH2Y,DRI or other perimeter exclusion,0,false,false,not_searched,false,sources/report_benchmark_gap.py,eufabric perimeter,2026-09-10,day,out of perimeter; not scored,not_searched,false,sources/report_benchmark_gap.py,eufabric perimeter,2026-09-10,day,out of perimeter; not scored,not_searched,false,sources/report_benchmark_gap.py,eufabric perimeter,2026-09-10,day,out of perimeter; not scored,not_searched,false,sources/report_benchmark_gap.py,eufabric perimeter,2026-09-10,day,out of perimeter; not scored,not_searched,false,sources/report_benchmark_gap.py,eufabric perimeter,2026-09-10,day,out of perimeter; not scored,not_searched,false,sources/report_benchmark_gap.py,eufabric perimeter,2026-09-10,day,out of perimeter; not scored,false
hydrogen,iea:3266,3266,vng-hycc-greenroot-wittenberg,VNG - HyCC Green H2 plant,DE,admitted,Concept,500,MW_input,,2,true,false,pass,true,https://www.vng.de/en/newsroom/2024-12-04-vng-and-hycc-plan-produce-green-hydrogen-lutherstadt-wittenberg,VNG,2026-09-10,day,"the admitting source names the site as 'Former waterworks, Lutherstadt Wittenberg'",pass,true,https://www.vng.de/en/newsroom/2024-12-04-vng-and-hycc-plan-produce-green-hydrogen-lutherstadt-wittenberg,owner,2026-09-10,day,500 MW_input as stated,fail,true,https://www.vng.de/en/newsroom/2024-12-04-vng-and-hycc-plan-produce-green-hydrogen-lutherstadt-wittenberg,owner,2026-09-10,day,no owner statement that FID has been taken,fail,true,sources/hydrogen_funder_pass.json,eufabric funder pass,2026-09-17,day,the funder lists of sources/hydrogen_funder_pass.json name no award for this project,fail,true,https://www.vng.de/en/newsroom/2024-12-04-vng-and-hycc-plan-produce-green-hydrogen-lutherstadt-wittenberg,owner,2026-09-10,day,no owner-stated start carrying a date precision,fail,true,sources/edges.json,eufabric dependency sweep,2026-09-11,day,"no edge in the dependency graph names this project; the date is the graph's newest statement, not a sweep date",true
hydrogen,iea:3319,3319,,Norsk-e project Alby,SWE,named not admitted,Feasibility study,71.84628237,ktH2Y,,1,true,false,pass,true,https://www.norsk-e-fuel.com/articles/project-alby,owner,2026-09-10,day,"{'speaker': 'company', 'source_type': 'company', 'domain': 'norsk-e-fuel.com', 'source_url': 'https://www.norsk-e-fuel.com/articles/project-alby'}",fail,true,sources/hydrogen_gap_search.json,eufabric search,2026-09-10,day,no owner document on file; the admission search is the record of looking,fail,true,sources/hydrogen_gap_search.json,eufabric search,2026-09-10,day,no owner document on file; the admission search is the record of looking,fail,true,sources/hydrogen_funder_pass.json,eufabric funder pass,2026-09-17,day,the funder lists of sources/hydrogen_funder_pass.json name no award for this entry,fail,true,sources/hydrogen_gap_search.json,eufabric search,2026-09-10,day,no owner document on file; the admission search is the record of looking,fail,true,sources/hydrogen_gap_search.json,eufabric search,2026-09-10,day,no owner document on file; the admission search is the record of looking,false
hydrogen,iea:3326,3326,totalenergies-airliquide-zeeland,TotalEnergies - Air Liquide JV for electrolyser near Zeeland Refinery,NL,admitted,Feasibility study,250,MW_input,,1,true,false,fail,true,https://totalenergies.com/newsroom/totalenergies-joins-forces-air-liquide-decarbonize-its-refineries-northern/?lang=eng,owner,2026-09-10,day,"location_statement is an adjacency (adjacency) to Zeeland Refinery, which does not place this row",pass,true,https://totalenergies.com/newsroom/totalenergies-joins-forces-air-liquide-decarbonize-its-refineries-northern/?lang=eng,owner,2026-09-10,day,250 MW_input as stated,fail,true,https://totalenergies.com/newsroom/totalenergies-joins-forces-air-liquide-decarbonize-its-refineries-northern/?lang=eng,owner,2026-09-10,day,no owner statement that FID has been taken,fail,true,sources/hydrogen_funder_pass.json,eufabric funder pass,2026-09-17,day,the funder lists of sources/hydrogen_funder_pass.json name no award for this project,fail,true,https://totalenergies.com/newsroom/totalenergies-joins-forces-air-liquide-decarbonize-its-refineries-northern/?lang=eng,owner,2026-09-10,day,no owner-stated start carrying a date precision,fail,true,sources/edges.json,eufabric dependency sweep,2026-09-11,day,"no edge in the dependency graph names this project; the date is the graph's newest statement, not a sweep date",true
hydrogen,iea:3328,3328,,H2APEX H2ERO,DEU,none found,Feasibility study,17.32533333,ktH2Y,,0,true,false,fail,true,sources/hydrogen_gap_search.json,eufabric search,2026-09-10,day,admission search found no owner or permit source,fail,true,sources/hydrogen_gap_search.json,eufabric search,2026-09-10,day,no owner document on file; the admission search is the record of looking,fail,true,sources/hydrogen_gap_search.json,eufabric search,2026-09-10,day,no owner document on file; the admission search is the record of looking,fail,true,sources/hydrogen_funder_pass.json,eufabric funder pass,2026-09-17,day,the funder lists of sources/hydrogen_funder_pass.json name no award for this entry,fail,true,sources/hydrogen_gap_search.json,eufabric search,2026-09-10,day,no owner document on file; the admission search is the record of looking,fail,true,sources/hydrogen_gap_search.json,eufabric search,2026-09-10,day,no owner document on file; the admission search is the record of looking,false
hydrogen,iea:3331,3331,,DEZiR project,FRA,named not admitted,Feasibility study,60.63866667,ktH2Y,,1,true,false,pass,true,https://concertation-dezir.eu/description-du-projet/,permit,2026-09-10,day,"{'speaker': 'permit', 'source_type': 'permit', 'domain': 'concertation-dezir.eu', 'source_url': 'https://concertation-dezir.eu/description-du-projet/'}",fail,true,sources/hydrogen_gap_search.json,eufabric search,2026-09-10,day,no owner document on file; the admission search is the record of looking,fail,true,sources/hydrogen_gap_search.json,eufabric search,2026-09-10,day,no owner document on file; the admission search is the record of looking,fail,true,sources/hydrogen_funder_pass.json,eufabric funder pass,2026-09-17,day,the funder lists of sources/hydrogen_funder_pass.json name no award for this entry,fail,true,sources/hydrogen_gap_search.json,eufabric search,2026-09-10,day,no owner document on file; the admission search is the record of looking,fail,true,sources/hydrogen_gap_search.json,eufabric search,2026-09-10,day,no owner document on file; the admission search is the record of looking,false
hydrogen,iea:3351,3351,,Universal Kraft As Pontes de Garcia Rodriguez project,ESP,none found,Feasibility study,20.7904,ktH2Y,,0,true,false,fail,true,sources/hydrogen_gap_search.json,eufabric search,2026-09-10,day,admission search found no owner or permit source,fail,true,sources/hydrogen_gap_search.json,eufabric search,2026-09-10,day,no owner document on file; the admission search is the record of looking,fail,true,sources/hydrogen_gap_search.json,eufabric search,2026-09-10,day,no owner document on file; the admission search is the record of looking,fail,true,sources/hydrogen_funder_pass.json,eufabric funder pass,2026-09-17,day,the funder lists of sources/hydrogen_funder_pass.json name no award for this entry,fail,true,sources/hydrogen_gap_search.json,eufabric search,2026-09-10,day,no owner document on file; the admission search is the record of looking,fail,true,sources/hydrogen_gap_search.json,eufabric search,2026-09-10,day,no owner document on file; the admission search is the record of looking,false
hydrogen,iea:3419,3419,omv-bruck-an-der-leitha,"UpHy, large",AT,admitted,FID/Construction,140,MW_input,,4,true,false,pass,true,https://www.omv.com/en/media/press-releases/2026/260107-omv-receives-eur-123-mn-in-funding-for-the-largest-green-hydrogen-project-in-austria,OMV,2026-01-07,day,the admitting source names the site as 'Bruck an der Leitha',pass,true,https://www.omv.com/en/media/press-releases/2025/250929-omv-builds-one-of-the-largest-electrolysis-plants-for-green-hydrogen-in-europe,owner,2025-09-29,day,140 MW_input as stated,pass,true,https://www.omv.com/en/media/press-releases/2026/260107-omv-receives-eur-123-mn-in-funding-for-the-largest-green-hydrogen-project-in-austria,owner,2026-01-07,day,status_to construction,fail,true,sources/hydrogen_funder_pass.json,eufabric funder pass,2026-09-17,day,the funder lists of sources/hydrogen_funder_pass.json name no award for this project,pass,true,https://www.omv.com/en/media/press-releases/2025/250929-omv-builds-one-of-the-largest-electrolysis-plants-for-green-hydrogen-in-europe,company,2025-09-29,day,production_start 2027 at year precision,fail,true,https://www.omv.com/en/media/press-releases/2026/260107-omv-receives-eur-123-mn-in-funding-for-the-largest-green-hydrogen-project-in-austria,owner,2026-01-07,day,row edge carries no firmness; brief 9's axis is where rung 6 reads,true
hydrogen,iea:3427,3427,,Electrolysis Corridor East Germany (H2 Corridor) Phase II,DEU,none found,Feasibility study,20.7904,ktH2Y,,0,true,false,fail,true,sources/hydrogen_gap_search.json,eufabric search,2026-09-10,day,admission search found no owner or permit source,fail,true,sources/hydrogen_gap_search.json,eufabric search,2026-09-10,day,no owner document on file; the admission search is the record of looking,fail,true,sources/hydrogen_gap_search.json,eufabric search,2026-09-10,day,no owner document on file; the admission search is the record of looking,fail,true,sources/hydrogen_funder_pass.json,eufabric funder pass,2026-09-17,day,the funder lists of sources/hydrogen_funder_pass.json name no award for this entry,fail,true,sources/hydrogen_gap_search.json,eufabric search,2026-09-10,day,no owner document on file; the admission search is the record of looking,fail,true,sources/hydrogen_gap_search.json,eufabric search,2026-09-10,day,no owner document on file; the admission search is the record of looking,false
hydrogen,iea:3433,3433,la-robla-green,La Robla Green,ES,admitted,FID/Construction,200,MW_input,,2,true,false,pass,true,https://laroblagreen.com/en/proyecto/,Reolum,2026-09-09,day,"the admitting source names the site as 'El Crispín, La Robla, León'",pass,true,https://laroblagreen.com/en/proyecto/,owner,2026-09-09,day,200 MW_input as stated,fail,true,https://laroblagreen.com/en/proyecto/,owner,2026-09-09,day,no owner statement that FID has been taken,fail,true,sources/hydrogen_funder_pass.json,eufabric funder pass,2026-09-17,day,the funder lists of sources/hydrogen_funder_pass.json name no award for this project,fail,true,https://laroblagreen.com/en/proyecto/,owner,2026-09-09,day,no owner-stated start carrying a date precision,fail,true,https://laroblagreen.com/en/proyecto/,owner,2026-09-09,day,row edge carries no firmness; brief 9's axis is where rung 6 reads,true
hydrogen,iea:3558,3558,,H2Next,NLD,named not admitted,Feasibility study,43.31333333,ktH2Y,,1,true,false,pass,true,https://www.hycc.com/en/projects/h2next,owner,2026-09-10,day,"{'speaker': 'company', 'source_type': 'company', 'domain': 'hycc.com', 'source_url': 'https://www.hycc.com/en/projects/h2next'}",fail,true,sources/hydrogen_gap_search.json,eufabric search,2026-09-10,day,no owner document on file; the admission search is the record of looking,fail,true,sources/hydrogen_gap_search.json,eufabric search,2026-09-10,day,no owner document on file; the admission search is the record of looking,fail,true,sources/hydrogen_funder_pass.json,eufabric funder pass,2026-09-17,day,the funder lists of sources/hydrogen_funder_pass.json name no award for this entry,fail,true,sources/hydrogen_gap_search.json,eufabric search,2026-09-10,day,no owner document on file; the admission search is the record of looking,fail,true,sources/hydrogen_gap_search.json,eufabric search,2026-09-10,day,no owner document on file; the admission search is the record of looking,false
hydrogen,iea:3566,3566,,"Fawley Green Hydrogen project, phase 1",GBR,unread,Feasibility study,20.7904,ktH2Y,,0,false,true,unread,true,,,,,company source unreadable; queued for a browser pass,unread,true,,,,,company source unreadable; queued for a browser pass,unread,true,,,,,company source unreadable; queued for a browser pass,unread,true,,,,,company source unreadable; queued for a browser pass,unread,true,,,,,company source unreadable; queued for a browser pass,unread,true,,,,,company source unreadable; queued for a browser pass,false
hydrogen,iea:3666,3666,,Zeevonk Hydrogen Project,NLD,named not admitted,Feasibility study,87.66618667,ktH2Y,,1,true,false,pass,true,https://group.vattenfall.com/press-and-media/pressreleases/2024/vattenfall-and-copenhagen-infrastructure-partners-awarded-ijmuiden-ver-beta-offshore-wind-farm/,owner,2026-09-10,day,"{'speaker': 'company', 'source_type': 'company', 'domain': 'vattenfall.com', 'source_url': 'https://group.vattenfall.com/press-and-media/pressreleases/2024/vattenfall-and-copenhagen-infrastructure-partners-awarded-ijmuiden-ver-beta-offshore-wind-farm/'}",fail,true,sources/hydrogen_gap_search.json,eufabric search,2026-09-10,day,no owner document on file; the admission search is the record of looking,fail,true,sources/hydrogen_gap_search.json,eufabric search,2026-09-10,day,no owner document on file; the admission search is the record of looking,fail,true,sources/hydrogen_funder_pass.json,eufabric funder pass,2026-09-17,day,the funder lists of sources/hydrogen_funder_pass.json name no award for this entry,fail,true,sources/hydrogen_gap_search.json,eufabric search,2026-09-10,day,no owner document on file; the admission search is the record of looking,fail,true,sources/hydrogen_gap_search.json,eufabric search,2026-09-10,day,no owner document on file; the admission search is the record of looking,false
hydrogen,iea:3667,3667,,COMPOSTILLA GREEN – PLANTA DE H2 y eSAF,ESP,perimeter exclusion,Feasibility study,36.90296,ktH2Y,DRI or other perimeter exclusion,0,false,false,not_searched,false,sources/report_benchmark_gap.py,eufabric perimeter,2026-09-10,day,out of perimeter; not scored,not_searched,false,sources/report_benchmark_gap.py,eufabric perimeter,2026-09-10,day,out of perimeter; not scored,not_searched,false,sources/report_benchmark_gap.py,eufabric perimeter,2026-09-10,day,out of perimeter; not scored,not_searched,false,sources/report_benchmark_gap.py,eufabric perimeter,2026-09-10,day,out of perimeter; not scored,not_searched,false,sources/report_benchmark_gap.py,eufabric perimeter,2026-09-10,day,out of perimeter; not scored,not_searched,false,sources/report_benchmark_gap.py,eufabric perimeter,2026-09-10,day,out of perimeter; not scored,false
hydrogen,iea:3677,3677,,"Energiequelle  green hydrogen project in Oulu, phases 2 and 3",FIN,named not admitted,Concept,85.7604,ktH2Y,,1,true,false,pass,true,https://www.ouka.fi/en/news/three-new-hydrogen-plants-planned-oulu,permit,2026-09-10,day,"{'speaker': 'permit', 'source_type': 'permit', 'domain': 'ouka.fi', 'source_url': 'https://www.ouka.fi/en/news/three-new-hydrogen-plants-planned-oulu'}",fail,true,sources/hydrogen_gap_search.json,eufabric search,2026-09-10,day,no owner document on file; the admission search is the record of looking,fail,true,sources/hydrogen_gap_search.json,eufabric search,2026-09-10,day,no owner document on file; the admission search is the record of looking,fail,true,sources/hydrogen_funder_pass.json,eufabric funder pass,2026-09-17,day,the funder lists of sources/hydrogen_funder_pass.json name no award for this entry,fail,true,sources/hydrogen_gap_search.json,eufabric search,2026-09-10,day,no owner document on file; the admission search is the record of looking,fail,true,sources/hydrogen_gap_search.json,eufabric search,2026-09-10,day,no owner document on file; the admission search is the record of looking,false
hydrogen,iea:3678,3678,,ECO2FLY,ESP,named not admitted,Feasibility study,157.5576368,ktH2Y,,1,true,false,pass,true,https://ignis.es/ignis-p2x-holcim-y-exolum-presentan-eco2fly-un-proyecto-pionero-para-descarbonizar-la-industria-de-los-materiales-de-construccion-y-el-transporte-aereo/,owner,2026-09-10,day,"{'speaker': 'company', 'source_type': 'company', 'domain': 'ignis.es', 'source_url': 'https://ignis.es/ignis-p2x-holcim-y-exolum-presentan-eco2fly-un-proyecto-pionero-para-descarbonizar-la-industria-de-los-materiales-de-construccion-y-el-transporte-aereo/'}",fail,true,sources/hydrogen_gap_search.json,eufabric search,2026-09-10,day,no owner document on file; the admission search is the record of looking,fail,true,sources/hydrogen_gap_search.json,eufabric search,2026-09-10,day,no owner document on file; the admission search is the record of looking,fail,true,sources/hydrogen_funder_pass.json,eufabric funder pass,2026-09-17,day,the funder lists of sources/hydrogen_funder_pass.json name no award for this entry,fail,true,sources/hydrogen_gap_search.json,eufabric search,2026-09-10,day,no owner document on file; the admission search is the record of looking,fail,true,sources/hydrogen_gap_search.json,eufabric search,2026-09-10,day,no owner document on file; the admission search is the record of looking,false
hydrogen,iea:3684,3684,,"Metafuels - Evos eSAF plant in Rotterdam, phase 2",NLD,perimeter exclusion,Concept,49.873704,ktH2Y,DRI or other perimeter exclusion,0,false,false,not_searched,false,sources/report_benchmark_gap.py,eufabric perimeter,2026-09-10,day,out of perimeter; not scored,not_searched,false,sources/report_benchmark_gap.py,eufabric perimeter,2026-09-10,day,out of perimeter; not scored,not_searched,false,sources/report_benchmark_gap.py,eufabric perimeter,2026-09-10,day,out of perimeter; not scored,not_searched,false,sources/report_benchmark_gap.py,eufabric perimeter,2026-09-10,day,out of perimeter; not scored,not_searched,false,sources/report_benchmark_gap.py,eufabric perimeter,2026-09-10,day,out of perimeter; not scored,not_searched,false,sources/report_benchmark_gap.py,eufabric perimeter,2026-09-10,day,out of perimeter; not scored,false
hydrogen,iea:3685,3685,aboenergy-pyyryvainen-oulu,ABO Energy plant in Oulu,FI,admitted,Concept,600,MW_input,,2,true,false,pass,true,https://www.ouka.fi/en/news/three-new-hydrogen-plants-planned-oulu,City of Oulu,2026-09-10,day,"the admitting source names the site as 'Pyyryvainen, Oulu'",pass,true,https://www.ouka.fi/en/news/three-new-hydrogen-plants-planned-oulu,owner,2026-09-10,day,600 MW_input as stated,fail,true,https://www.ouka.fi/en/news/three-new-hydrogen-plants-planned-oulu,owner,2026-09-10,day,no owner statement that FID has been taken,fail,true,sources/hydrogen_funder_pass.json,eufabric funder pass,2026-09-17,day,the funder lists of sources/hydrogen_funder_pass.json name no award for this project,fail,true,https://www.ouka.fi/en/news/three-new-hydrogen-plants-planned-oulu,owner,2026-09-10,day,no owner-stated start carrying a date precision,fail,true,sources/edges.json,eufabric dependency sweep,2026-09-11,day,"no edge in the dependency graph names this project; the date is the graph's newest statement, not a sweep date",true
hydrogen,iea:3700,3700,,Kaskade,DEU,none found,Feasibility study,63.6706,ktH2Y,,0,true,false,fail,true,sources/hydrogen_gap_search.json,eufabric search,2026-09-10,day,admission search found no owner or permit source,fail,true,sources/hydrogen_gap_search.json,eufabric search,2026-09-10,day,no owner document on file; the admission search is the record of looking,fail,true,sources/hydrogen_gap_search.json,eufabric search,2026-09-10,day,no owner document on file; the admission search is the record of looking,fail,true,sources/hydrogen_funder_pass.json,eufabric funder pass,2026-09-17,day,the funder lists of sources/hydrogen_funder_pass.json name no award for this entry,fail,true,sources/hydrogen_gap_search.json,eufabric search,2026-09-10,day,no owner document on file; the admission search is the record of looking,fail,true,sources/hydrogen_gap_search.json,eufabric search,2026-09-10,day,no owner document on file; the admission search is the record of looking,false
hydrogen,iea:3723,3723,qair-methavert-le-havre,Methavert,FR,admitted,Concept,300,MW_input,,2,true,false,pass,true,https://france.qair.energy/realisations/methavert/,Qair,2026-09-10,day,"the admitting source names the site as 'Rogerville, Le Havre industrial and port zone'",pass,true,https://france.qair.energy/realisations/methavert/,owner,2026-09-10,day,300 MW_input as stated,fail,true,https://france.qair.energy/realisations/methavert/,owner,2026-09-10,day,no owner statement that FID has been taken,fail,true,sources/hydrogen_funder_pass.json,eufabric funder pass,2026-09-17,day,the funder lists of sources/hydrogen_funder_pass.json name no award for this project,fail,true,https://france.qair.energy/realisations/methavert/,owner,2026-09-10,day,no owner-stated start carrying a date precision,fail,true,sources/edges.json,eufabric dependency sweep,2026-09-11,day,"no edge in the dependency graph names this project; the date is the graph's newest statement, not a sweep date",true
hydrogen,iea:3724,3724,,Occi'Jet_T1,FRA,none found,Concept,27.72053333,ktH2Y,,0,true,false,fail,true,sources/hydrogen_gap_search.json,eufabric search,2026-09-10,day,admission search found no owner or permit source,fail,true,sources/hydrogen_gap_search.json,eufabric search,2026-09-10,day,no owner document on file; the admission search is the record of looking,fail,true,sources/hydrogen_gap_search.json,eufabric search,2026-09-10,day,no owner document on file; the admission search is the record of looking,fail,true,sources/hydrogen_funder_pass.json,eufabric funder pass,2026-09-17,day,the funder lists of sources/hydrogen_funder_pass.json name no award for this entry,fail,true,sources/hydrogen_gap_search.json,eufabric search,2026-09-10,day,no owner document on file; the admission search is the record of looking,fail,true,sources/hydrogen_gap_search.json,eufabric search,2026-09-10,day,no owner document on file; the admission search is the record of looking,false
hydrogen,iea:3725,3725,,LICHEN,FRA,named not admitted,Concept,103.952,ktH2Y,,1,true,false,pass,true,https://concertation-lichen.eu/vos-questions/,permit,2026-09-10,day,"{'speaker': 'permit', 'source_type': 'permit', 'domain': 'concertation-lichen.eu', 'source_url': 'https://concertation-lichen.eu/vos-questions/'}",fail,true,sources/hydrogen_gap_search.json,eufabric search,2026-09-10,day,no owner document on file; the admission search is the record of looking,fail,true,sources/hydrogen_gap_search.json,eufabric search,2026-09-10,day,no owner document on file; the admission search is the record of looking,fail,true,sources/hydrogen_funder_pass.json,eufabric funder pass,2026-09-17,day,the funder lists of sources/hydrogen_funder_pass.json name no award for this entry,fail,true,sources/hydrogen_gap_search.json,eufabric search,2026-09-10,day,no owner document on file; the admission search is the record of looking,fail,true,sources/hydrogen_gap_search.json,eufabric search,2026-09-10,day,no owner document on file; the admission search is the record of looking,false
hydrogen,iea:3726,3726,,ReSTart,FRA,named not admitted,Concept,60.63866667,ktH2Y,,1,true,false,pass,true,https://restart-concertation.eu/,permit,2026-09-10,day,"{'speaker': 'permit', 'source_type': 'permit', 'domain': 'restart-concertation.eu', 'source_url': 'https://restart-concertation.eu/'}",fail,true,sources/hydrogen_gap_search.json,eufabric search,2026-09-10,day,no owner document on file; the admission search is the record of looking,fail,true,sources/hydrogen_gap_search.json,eufabric search,2026-09-10,day,no owner document on file; the admission search is the record of looking,fail,true,sources/hydrogen_funder_pass.json,eufabric funder pass,2026-09-17,day,the funder lists of sources/hydrogen_funder_pass.json name no award for this entry,fail,true,sources/hydrogen_gap_search.json,eufabric search,2026-09-10,day,no owner document on file; the admission search is the record of looking,fail,true,sources/hydrogen_gap_search.json,eufabric search,2026-09-10,day,no owner document on file; the admission search is the record of looking,false
hydrogen,iea:3727,3727,,OrCHyDé ,FRA,named not admitted,Concept,29.45306667,ktH2Y,,1,true,false,pass,true,https://concertation-orchyde.eu/,permit,2026-09-10,day,"{'speaker': 'permit', 'source_type': 'permit', 'domain': 'concertation-orchyde.eu', 'source_url': 'https://concertation-orchyde.eu/'}",fail,true,sources/hydrogen_gap_search.json,eufabric search,2026-09-10,day,no owner document on file; the admission search is the record of looking,fail,true,sources/hydrogen_gap_search.json,eufabric search,2026-09-10,day,no owner document on file; the admission search is the record of looking,fail,true,sources/hydrogen_funder_pass.json,eufabric funder pass,2026-09-17,day,the funder lists of sources/hydrogen_funder_pass.json name no award for this entry,fail,true,sources/hydrogen_gap_search.json,eufabric search,2026-09-10,day,no owner document on file; the admission search is the record of looking,fail,true,sources/hydrogen_gap_search.json,eufabric search,2026-09-10,day,no owner document on file; the admission search is the record of looking,false
hydrogen,iea:3729,3729,,EpHyne,FRA,named not admitted,Concept,60.63866667,ktH2Y,,1,true,false,pass,true,https://www.debatpublic.fr/usine-de-production-de-carburant-de-synthese-pour-laviation-chavelot-ephyne-6703,permit,2026-09-10,day,"{'speaker': 'permit', 'source_type': 'permit', 'domain': 'debatpublic.fr', 'source_url': 'https://www.debatpublic.fr/usine-de-production-de-carburant-de-synthese-pour-laviation-chavelot-ephyne-6703'}",fail,true,sources/hydrogen_gap_search.json,eufabric search,2026-09-10,day,no owner document on file; the admission search is the record of looking,fail,true,sources/hydrogen_gap_search.json,eufabric search,2026-09-10,day,no owner document on file; the admission search is the record of looking,fail,true,sources/hydrogen_funder_pass.json,eufabric funder pass,2026-09-17,day,the funder lists of sources/hydrogen_funder_pass.json name no award for this entry,fail,true,sources/hydrogen_gap_search.json,eufabric search,2026-09-10,day,no owner document on file; the admission search is the record of looking,fail,true,sources/hydrogen_gap_search.json,eufabric search,2026-09-10,day,no owner document on file; the admission search is the record of looking,false
hydrogen,iea:3732,3732,,NeoCarb_Kerosène,FRA,named not admitted,Concept,51.976,ktH2Y,,1,true,false,pass,true,https://www.debatpublic.fr/coordination-des-concertations-carbon-h2v-gravithy-deos-medhyterra-et-neocarb-4495,permit,2026-09-10,day,"{'speaker': 'permit', 'source_type': 'permit', 'domain': 'debatpublic.fr', 'source_url': 'https://www.debatpublic.fr/coordination-des-concertations-carbon-h2v-gravithy-deos-medhyterra-et-neocarb-4495'}",fail,true,sources/hydrogen_gap_search.json,eufabric search,2026-09-10,day,no owner document on file; the admission search is the record of looking,fail,true,sources/hydrogen_gap_search.json,eufabric search,2026-09-10,day,no owner document on file; the admission search is the record of looking,fail,true,sources/hydrogen_funder_pass.json,eufabric funder pass,2026-09-17,day,the funder lists of sources/hydrogen_funder_pass.json name no award for this entry,fail,true,sources/hydrogen_gap_search.json,eufabric search,2026-09-10,day,no owner document on file; the admission search is the record of looking,fail,true,sources/hydrogen_gap_search.json,eufabric search,2026-09-10,day,no owner document on file; the admission search is the record of looking,false
hydrogen,iea:3734,3734,,Elyfos,FRA,none found,Concept,17.32533333,ktH2Y,,0,true,false,fail,true,sources/hydrogen_gap_search.json,eufabric search,2026-09-10,day,admission search found no owner or permit source,fail,true,sources/hydrogen_gap_search.json,eufabric search,2026-09-10,day,no owner document on file; the admission search is the record of looking,fail,true,sources/hydrogen_gap_search.json,eufabric search,2026-09-10,day,no owner document on file; the admission search is the record of looking,fail,true,sources/hydrogen_funder_pass.json,eufabric funder pass,2026-09-17,day,the funder lists of sources/hydrogen_funder_pass.json name no award for this entry,fail,true,sources/hydrogen_gap_search.json,eufabric search,2026-09-10,day,no owner document on file; the admission search is the record of looking,fail,true,sources/hydrogen_gap_search.json,eufabric search,2026-09-10,day,no owner document on file; the admission search is the record of looking,false
hydrogen,iea:3736,3736,versoenergy-carlhyng-carling,CarlHYng - Phases 2 and 3,FR,admitted,Feasibility study,300,MW_input,,2,true,false,pass,true,https://www.concertation-carlhyng.eu/fr/le-projet-carlhyng,Verso Energy,2026-09-10,day,"the admitting source names the site as 'Carling, Moselle'",pass,true,https://www.concertation-carlhyng.eu/fr/le-projet-carlhyng,owner,2026-09-10,day,300 MW_input as stated,fail,true,https://www.concertation-carlhyng.eu/fr/le-projet-carlhyng,owner,2026-09-10,day,no owner statement that FID has been taken,fail,true,sources/hydrogen_funder_pass.json,eufabric funder pass,2026-09-17,day,the funder lists of sources/hydrogen_funder_pass.json name no award for this project,fail,true,https://www.concertation-carlhyng.eu/fr/le-projet-carlhyng,owner,2026-09-10,day,no owner-stated start carrying a date precision,fail,true,sources/edges.json,eufabric dependency sweep,2026-09-11,day,"no edge in the dependency graph names this project; the date is the graph's newest statement, not a sweep date",true
hydrogen,iea:3742,3742,luoto-energia-rauma,Luoto Energia,FI,admitted,Feasibility study,500,MW_input,,2,true,false,pass,true,https://tes-h2.com/news/tes-and-cpc-finland-to-develop-500mw-e-ng-project-at-the-port-of-rauma-in-finland,Tree Energy Solutions,2026-09-10,day,"the admitting source names the site as 'Iso Jarviluoto, Port of Rauma'",pass,true,https://tes-h2.com/news/tes-and-cpc-finland-to-develop-500mw-e-ng-project-at-the-port-of-rauma-in-finland,owner,2026-09-10,day,500 MW_input as stated,fail,true,https://tes-h2.com/news/tes-and-cpc-finland-to-develop-500mw-e-ng-project-at-the-port-of-rauma-in-finland,owner,2026-09-10,day,no owner statement that FID has been taken,fail,true,sources/hydrogen_funder_pass.json,eufabric funder pass,2026-09-17,day,the funder lists of sources/hydrogen_funder_pass.json name no award for this project,fail,true,https://tes-h2.com/news/tes-and-cpc-finland-to-develop-500mw-e-ng-project-at-the-port-of-rauma-in-finland,owner,2026-09-10,day,no owner-stated start carrying a date precision,fail,true,sources/edges.json,eufabric dependency sweep,2026-09-11,day,"no edge in the dependency graph names this project; the date is the graph's newest statement, not a sweep date",true
hydrogen,iea:3776,3776,,Zamora e-Methanol plant,ESP,perimeter exclusion,Feasibility study,53.57142857,ktH2Y,DRI or other perimeter exclusion,0,false,false,not_searched,false,sources/report_benchmark_gap.py,eufabric perimeter,2026-09-10,day,out of perimeter; not scored,not_searched,false,sources/report_benchmark_gap.py,eufabric perimeter,2026-09-10,day,out of perimeter; not scored,not_searched,false,sources/report_benchmark_gap.py,eufabric perimeter,2026-09-10,day,out of perimeter; not scored,not_searched,false,sources/report_benchmark_gap.py,eufabric perimeter,2026-09-10,day,out of perimeter; not scored,not_searched,false,sources/report_benchmark_gap.py,eufabric perimeter,2026-09-10,day,out of perimeter; not scored,not_searched,false,sources/report_benchmark_gap.py,eufabric perimeter,2026-09-10,day,out of perimeter; not scored,false
hydrogen,iea:3777,3777,,Villadangos Green e-Methanol plant,ESP,perimeter exclusion,Feasibility study,34.65066667,ktH2Y,DRI or other perimeter exclusion,0,false,false,not_searched,false,sources/report_benchmark_gap.py,eufabric perimeter,2026-09-10,day,out of perimeter; not scored,not_searched,false,sources/report_benchmark_gap.py,eufabric perimeter,2026-09-10,day,out of perimeter; not scored,not_searched,false,sources/report_benchmark_gap.py,eufabric perimeter,2026-09-10,day,out of perimeter; not scored,not_searched,false,sources/report_benchmark_gap.py,eufabric perimeter,2026-09-10,day,out of perimeter; not scored,not_searched,false,sources/report_benchmark_gap.py,eufabric perimeter,2026-09-10,day,out of perimeter; not scored,not_searched,false,sources/report_benchmark_gap.py,eufabric perimeter,2026-09-10,day,out of perimeter; not scored,false
hydrogen,iea:3784,3784,,Outokumpu - Norsk e-Fuel eSAF MoU,FIN,perimeter exclusion,Concept,51.19047619,ktH2Y,DRI or other perimeter exclusion,0,false,false,not_searched,false,sources/report_benchmark_gap.py,eufabric perimeter,2026-09-10,day,out of perimeter; not scored,not_searched,false,sources/report_benchmark_gap.py,eufabric perimeter,2026-09-10,day,out of perimeter; not scored,not_searched,false,sources/report_benchmark_gap.py,eufabric perimeter,2026-09-10,day,out of perimeter; not scored,not_searched,false,sources/report_benchmark_gap.py,eufabric perimeter,2026-09-10,day,out of perimeter; not scored,not_searched,false,sources/report_benchmark_gap.py,eufabric perimeter,2026-09-10,day,out of perimeter; not scored,not_searched,false,sources/report_benchmark_gap.py,eufabric perimeter,2026-09-10,day,out of perimeter; not scored,false
hydrogen,iea:3786,3786,,Norsk e-fuel Project Rauma eSAF,FIN,perimeter exclusion,Feasibility study,71.84628237,ktH2Y,DRI or other perimeter exclusion,0,false,false,not_searched,false,sources/report_benchmark_gap.py,eufabric perimeter,2026-09-10,day,out of perimeter; not scored,not_searched,false,sources/report_benchmark_gap.py,eufabric perimeter,2026-09-10,day,out of perimeter; not scored,not_searched,false,sources/report_benchmark_gap.py,eufabric perimeter,2026-09-10,day,out of perimeter; not scored,not_searched,false,sources/report_benchmark_gap.py,eufabric perimeter,2026-09-10,day,out of perimeter; not scored,not_searched,false,sources/report_benchmark_gap.py,eufabric perimeter,2026-09-10,day,out of perimeter; not scored,not_searched,false,sources/report_benchmark_gap.py,eufabric perimeter,2026-09-10,day,out of perimeter; not scored,false
hydrogen,iea:3795,3795,,VolagHy Kuopio,FIN,named not admitted,Feasibility study,55.14517287,ktH2Y,,1,true,false,pass,true,https://volaghy.com/volaghy-publishes-eia-programme-kuopio/,owner,2026-09-10,day,"{'speaker': 'company', 'source_type': 'company', 'domain': 'volaghy.com', 'source_url': 'https://volaghy.com/volaghy-publishes-eia-programme-kuopio/'}",fail,true,sources/hydrogen_gap_search.json,eufabric search,2026-09-10,day,no owner document on file; the admission search is the record of looking,fail,true,sources/hydrogen_gap_search.json,eufabric search,2026-09-10,day,no owner document on file; the admission search is the record of looking,fail,true,sources/hydrogen_funder_pass.json,eufabric funder pass,2026-09-17,day,the funder lists of sources/hydrogen_funder_pass.json name no award for this entry,fail,true,sources/hydrogen_gap_search.json,eufabric search,2026-09-10,day,no owner document on file; the admission search is the record of looking,fail,true,sources/hydrogen_gap_search.json,eufabric search,2026-09-10,day,no owner document on file; the admission search is the record of looking,false
hydrogen,iea:3796,3796,aboenergy-nivala,Kurunpuhto hydrogen project ,FI,admitted,Concept,200,MW_input,,2,true,false,pass,true,https://www.aboenergy.com/en/development-construction/green-hydrogen.html,ABO Energy,2026-09-10,day,the admitting source names the site as 'Nivala',pass,true,https://www.aboenergy.com/en/development-construction/green-hydrogen.html,owner,2026-09-10,day,200 MW_input as stated,fail,true,https://www.aboenergy.com/en/development-construction/green-hydrogen.html,owner,2026-09-10,day,no owner statement that FID has been taken,fail,true,sources/hydrogen_funder_pass.json,eufabric funder pass,2026-09-17,day,the funder lists of sources/hydrogen_funder_pass.json name no award for this project,fail,true,https://www.aboenergy.com/en/development-construction/green-hydrogen.html,owner,2026-09-10,day,no owner-stated start carrying a date precision,fail,true,sources/edges.json,eufabric dependency sweep,2026-09-11,day,"no edge in the dependency graph names this project; the date is the graph's newest statement, not a sweep date",true
hydrogen,iea:3822,3822,,"Moeve La Rábida Energy Park (Huelva) - phase 1 (expansion) - Andalusian Green Hydrogen Valley
ONUBA I Project (Together with THARSIS: LUXIA project)",ESP,named not admitted,Feasibility study,17.32533333,ktH2Y,,1,true,false,pass,true,https://www.moeveglobal.com/en/businesses/commercial-clean-energies/green-hydrogen/green-hydrogen-production-at-moeve,owner,2026-09-10,day,"{'speaker': 'company', 'source_type': 'company', 'domain': 'moeveglobal.com', 'source_url': 'https://www.moeveglobal.com/en/businesses/commercial-clean-energies/green-hydrogen/green-hydrogen-production-at-moeve'}",fail,true,sources/hydrogen_gap_search.json,eufabric search,2026-09-10,day,no owner document on file; the admission search is the record of looking,fail,true,sources/hydrogen_gap_search.json,eufabric search,2026-09-10,day,no owner document on file; the admission search is the record of looking,fail,true,sources/hydrogen_funder_pass.json,eufabric funder pass,2026-09-17,day,the funder lists of sources/hydrogen_funder_pass.json name no award for this entry,fail,true,sources/hydrogen_gap_search.json,eufabric search,2026-09-10,day,no owner document on file; the admission search is the record of looking,fail,true,sources/hydrogen_gap_search.json,eufabric search,2026-09-10,day,no owner document on file; the admission search is the record of looking,false
hydrogen,iea:3901,3901,,Equilibrion nuclear-derived e-SAF,GBR,perimeter exclusion,Feasibility study,144.2314119,ktH2Y,DRI or other perimeter exclusion,0,false,false,not_searched,false,sources/report_benchmark_gap.py,eufabric perimeter,2026-09-10,day,out of perimeter; not scored,not_searched,false,sources/report_benchmark_gap.py,eufabric perimeter,2026-09-10,day,out of perimeter; not scored,not_searched,false,sources/report_benchmark_gap.py,eufabric perimeter,2026-09-10,day,out of perimeter; not scored,not_searched,false,sources/report_benchmark_gap.py,eufabric perimeter,2026-09-10,day,out of perimeter; not scored,not_searched,false,sources/report_benchmark_gap.py,eufabric perimeter,2026-09-10,day,out of perimeter; not scored,not_searched,false,sources/report_benchmark_gap.py,eufabric perimeter,2026-09-10,day,out of perimeter; not scored,false
hydrogen,iea:3904,3904,,Fjord PtX,DNK,named not admitted,Feasibility study,56.57894737,ktH2Y,,1,true,false,pass,true,https://www.fjord-ptx.com/about-the-plant/,owner,2026-09-10,day,"{'speaker': 'company', 'source_type': 'company', 'domain': 'fjord-ptx.com', 'source_url': 'https://www.fjord-ptx.com/about-the-plant/'}",fail,true,sources/hydrogen_gap_search.json,eufabric search,2026-09-10,day,no owner document on file; the admission search is the record of looking,fail,true,sources/hydrogen_gap_search.json,eufabric search,2026-09-10,day,no owner document on file; the admission search is the record of looking,fail,true,sources/hydrogen_funder_pass.json,eufabric funder pass,2026-09-17,day,the funder lists of sources/hydrogen_funder_pass.json name no award for this entry,fail,true,sources/hydrogen_gap_search.json,eufabric search,2026-09-10,day,no owner document on file; the admission search is the record of looking,fail,true,sources/hydrogen_gap_search.json,eufabric search,2026-09-10,day,no owner document on file; the admission search is the record of looking,false
hydrogen,iea:3906,3906,,Verso Energy SAF Tornio project,FIN,perimeter exclusion,Feasibility study,36.47251827,ktH2Y,DRI or other perimeter exclusion,0,false,false,not_searched,false,sources/report_benchmark_gap.py,eufabric perimeter,2026-09-10,day,out of perimeter; not scored,not_searched,false,sources/report_benchmark_gap.py,eufabric perimeter,2026-09-10,day,out of perimeter; not scored,not_searched,false,sources/report_benchmark_gap.py,eufabric perimeter,2026-09-10,day,out of perimeter; not scored,not_searched,false,sources/report_benchmark_gap.py,eufabric perimeter,2026-09-10,day,out of perimeter; not scored,not_searched,false,sources/report_benchmark_gap.py,eufabric perimeter,2026-09-10,day,out of perimeter; not scored,not_searched,false,sources/report_benchmark_gap.py,eufabric perimeter,2026-09-10,day,out of perimeter; not scored,false
hydrogen,iea:3907,3907,, Project SkyKraft,SWE,named not admitted,Feasibility study,179.6157059,ktH2Y,,1,true,false,pass,true,https://skynrg.com/producing-saf/esaf-production-plant-in-skelleftea/,owner,2026-09-10,day,"{'speaker': 'company', 'source_type': 'company', 'domain': 'skynrg.com', 'source_url': 'https://skynrg.com/producing-saf/esaf-production-plant-in-skelleftea/'}",fail,true,sources/hydrogen_gap_search.json,eufabric search,2026-09-10,day,no owner document on file; the admission search is the record of looking,fail,true,sources/hydrogen_gap_search.json,eufabric search,2026-09-10,day,no owner document on file; the admission search is the record of looking,fail,true,sources/hydrogen_funder_pass.json,eufabric funder pass,2026-09-17,day,the funder lists of sources/hydrogen_funder_pass.json name no award for this entry,fail,true,sources/hydrogen_gap_search.json,eufabric search,2026-09-10,day,no owner document on file; the admission search is the record of looking,fail,true,sources/hydrogen_gap_search.json,eufabric search,2026-09-10,day,no owner document on file; the admission search is the record of looking,false
hydrogen,iea:3945,3945,,L’Ardoise e-SAF,FRA,perimeter exclusion,Feasibility study,51.976,ktH2Y,DRI or other perimeter exclusion,0,false,false,not_searched,false,sources/report_benchmark_gap.py,eufabric perimeter,2026-09-10,day,out of perimeter; not scored,not_searched,false,sources/report_benchmark_gap.py,eufabric perimeter,2026-09-10,day,out of perimeter; not scored,not_searched,false,sources/report_benchmark_gap.py,eufabric perimeter,2026-09-10,day,out of perimeter; not scored,not_searched,false,sources/report_benchmark_gap.py,eufabric perimeter,2026-09-10,day,out of perimeter; not scored,not_searched,false,sources/report_benchmark_gap.py,eufabric perimeter,2026-09-10,day,out of perimeter; not scored,not_searched,false,sources/report_benchmark_gap.py,eufabric perimeter,2026-09-10,day,out of perimeter; not scored,false
hydrogen,iea:3963,3963,,Turboleta SAF,ESP,perimeter exclusion,Feasibility study,47.14912281,ktH2Y,DRI or other perimeter exclusion,0,false,false,not_searched,false,sources/report_benchmark_gap.py,eufabric perimeter,2026-09-10,day,out of perimeter; not scored,not_searched,false,sources/report_benchmark_gap.py,eufabric perimeter,2026-09-10,day,out of perimeter; not scored,not_searched,false,sources/report_benchmark_gap.py,eufabric perimeter,2026-09-10,day,out of perimeter; not scored,not_searched,false,sources/report_benchmark_gap.py,eufabric perimeter,2026-09-10,day,out of perimeter; not scored,not_searched,false,sources/report_benchmark_gap.py,eufabric perimeter,2026-09-10,day,out of perimeter; not scored,not_searched,false,sources/report_benchmark_gap.py,eufabric perimeter,2026-09-10,day,out of perimeter; not scored,false
hydrogen,iea:3973,3973,,"Moeve La Rábida Energy Park (Huelva) - Andalusian Green Hydrogen Valley
LUXIA Project - 100 MW + new methanol plant + ammonia plant revamping ",ESP,perimeter exclusion,Feasibility study,17.32533333,ktH2Y,DRI or other perimeter exclusion,0,false,false,not_searched,false,sources/report_benchmark_gap.py,eufabric perimeter,2026-09-10,day,out of perimeter; not scored,not_searched,false,sources/report_benchmark_gap.py,eufabric perimeter,2026-09-10,day,out of perimeter; not scored,not_searched,false,sources/report_benchmark_gap.py,eufabric perimeter,2026-09-10,day,out of perimeter; not scored,not_searched,false,sources/report_benchmark_gap.py,eufabric perimeter,2026-09-10,day,out of perimeter; not scored,not_searched,false,sources/report_benchmark_gap.py,eufabric perimeter,2026-09-10,day,out of perimeter; not scored,not_searched,false,sources/report_benchmark_gap.py,eufabric perimeter,2026-09-10,day,out of perimeter; not scored,false
hydrogen,row:rwe-get-h2-nukleus-lingen,,rwe-get-h2-nukleus-lingen,RWE Generation SE Lingen (Ems),DE,admitted,,300,MW_input,,6,true,false,pass,true,https://www.rwe.com/en/press/rwe-generation/2026-08-04-get-h2-nukleus-gains-momentum/,owner,2026-08-04,day,row carries a position from a company or permit source,pass,true,https://www.rwe.com/en/press/rwe-ag/2024-07-15-german-and-state-governments-grant-funding-for-large-hydrogen-projects-by-rwe/,owner,2024-07-15,day,300 MW_input as stated,pass,true,https://www.rwe.com/en/press/rwe-generation/2026-08-04-get-h2-nukleus-gains-momentum/,owner,2026-08-04,day,status_to commissioning,pass,true,https://ec.europa.eu/competition/state_aid/cases1/202442/SA_102825_1118.pdf,European Commission,2024-02-15,day,IPCEI Hy2Infra (SA.102825) names 'DE34 RWE Nukleus Green H2 GmbH'; matched on a document naming both,pass,true,https://www.rwe.com/en/press/rwe-generation/2026-08-04-get-h2-nukleus-gains-momentum/,company,2026-08-04,day,commissioning 2026 at year precision,pass,true,https://itm-power.com/news/first-hydrogen-from-lingen-reaches-customer,supplier,2026-08-04,day,equipment_order at firmness contract,true
hydrogen,row:bp-lingen-green-hydrogen,,bp-lingen-green-hydrogen,BP Europa SE Lingen (Ems),DE,admitted,,100,MW_input,,5,true,false,pass,true,https://www.bp.com/de_de/germany/home/presse/nachrichten/2026-07-23-lingen-green-hydrogen-grosskomponenten-erreichen-den-standort.html,owner,2026-07-23,day,row carries a position from a company or permit source,pass,true,https://www.bp.com/de_de/germany/home/presse/pressemeldungen/pm-2024-12-18-bp-verkuendet-investitionsentscheidung-fuer-projekt-lingen-green-hydrogen.html,owner,2024-12-18,day,100 MW_input as stated,pass,true,https://www.bp.com/de_de/germany/home/presse/nachrichten/2026-07-23-lingen-green-hydrogen-grosskomponenten-erreichen-den-standort.html,owner,2026-07-23,day,status_to construction,pass,true,https://ec.europa.eu/competition/state_aid/cases1/202442/SA_102825_1118.pdf,European Commission,2024-02-15,day,IPCEI Hy2Infra (SA.102825) names 'DE38 Lingen Green Hydrogen project (LGH2)'; matched on a document naming both,pass,true,https://www.bp.com/de_de/germany/home/presse/nachrichten/2026-07-23-lingen-green-hydrogen-grosskomponenten-erreichen-den-standort.html,company,2026-07-23,day,production_start 2027-H2 at half precision,fail,true,https://www.bp.com/de_de/germany/home/presse/nachrichten/2026-07-23-lingen-green-hydrogen-grosskomponenten-erreichen-den-standort.html,owner,2026-07-23,day,row edge carries no firmness; brief 9's axis is where rung 6 reads,true
hydrogen,row:shell-refhyne-2-wesseling,,shell-refhyne-2-wesseling,Shell Deutschland GmbH Wesseling,DE,admitted,,100,MW_input,,4,true,false,pass,true,https://www.refhyne.eu/refhyne-2/,owner,2026-09-09,day,row carries a position from a company or permit source,pass,true,https://www.refhyne.eu/final-investment-decision-taken-by-shell-for-refhyne-2/,owner,2024-07-29,day,100 MW_input as stated,pass,true,https://www.refhyne.eu/final-investment-decision-taken-by-shell-for-refhyne-2/,owner,2024-07-29,day,status_to fid,fail,true,sources/hydrogen_funder_pass.json,eufabric funder pass,2026-09-17,day,the funder lists of sources/hydrogen_funder_pass.json name no award for this project,fail,true,https://www.refhyne.eu/refhyne-2/,owner,2026-09-09,day,no owner-stated start carrying a date precision,pass,true,https://itm-power.com/news/100mw-refhyne-ii-contract-signed,supplier,2024-08-13,day,equipment_order at firmness contract,true
hydrogen,row:repsol-petronor-muskiz,,repsol-petronor-muskiz,Repsol Muskiz,ES,admitted,,100,MW_input,,5,true,false,pass,true,https://www.repsol.com/en/press-room/press-releases/2026/repsol-installs-second-100-MW-electrolyzer-petronor/index.cshtml,owner,2026-01-26,day,row carries a position from a company or permit source,pass,true,https://www.repsol.com/en/press-room/press-releases/2026/repsol-installs-second-100-MW-electrolyzer-petronor/index.cshtml,owner,2026-01-26,day,100 MW_input as stated,pass,true,https://www.repsol.com/en/press-room/press-releases/2026/repsol-installs-second-100-MW-electrolyzer-petronor/index.cshtml,owner,2026-01-26,day,status_to fid,pass,true,https://competition-policy.ec.europa.eu/document/download/6285ce86-e51d-449e-a003-c88319a9a9d9_en?filename=2022_IPCEI_Hy2Use_en.pdf,European Commission,2022-09-21,day,IPCEI Hy2Use (SA.64650) names 'Bay of Biscay Hydrogen S.L. (Petronor)'; matched on identifier,pass,true,https://www.repsol.com/en/press-room/press-releases/2026/repsol-installs-second-100-MW-electrolyzer-petronor/index.cshtml,company,2026-01-26,day,commissioning 2029 at year precision,fail,true,https://www.repsol.com/en/press-room/press-releases/2026/repsol-installs-second-100-MW-electrolyzer-petronor/index.cshtml,owner,2026-01-26,day,row edge carries no firmness; brief 9's axis is where rung 6 reads,true
hydrogen,row:galp-sines-electrolyser,,galp-sines-electrolyser,Galp Sines,PT,admitted,,100,MW_input,,6,true,false,pass,true,https://www.galp.com/corp/en/about-us/what-we-do/industrial-and-midstream/green-hydrogen,owner,2026-09-09,day,row carries a position from a company or permit source,pass,true,https://www.galp.com/corp/en/about-us/what-we-do/industrial-and-midstream/green-hydrogen,owner,2023-01-01,year,100 MW_input as stated,pass,true,https://www.eib.org/en/press/all/2025-107-eib-finances-galp-s-renewable-hydrogen-and-biofuels-projects-in-sines-with-eur430-million,owner,2025-09-29,day,status_to construction,pass,true,https://cinea.ec.europa.eu/news-events/news/winners-first-eu-wide-renewable-hydrogen-auction-sign-grant-agreements-paving-way-new-european-2024-10-08_en,European Commission (CINEA),2024-10-07,day,Innovation Fund IF23 auction (European Hydrogen Bank) names 'Grey2Green-II'; matched on a document naming both,pass,true,https://www.eib.org/en/press/all/2025-107-eib-finances-galp-s-renewable-hydrogen-and-biofuels-projects-in-sines-with-eur430-million,eu,2025-09-29,day,production_start 2026 at year precision,pass,true,https://www.ir.plugpower.com/feed/PressRelease.svc/GetPressReleaseList?LanguageId=1&bodyType=1&pressReleaseDateFilter=3&categoryId=00000000-0000-0000-0000-000000000000&pageSize=200&pageNumber=0&year=2026&excludeSelection=1,supplier,2026-01-23,day,equipment_order at firmness contract,true
hydrogen,row:hghh-moorburg,,hghh-moorburg,Hamburg Green Hydrogen Hub GmbH & Co. KG Hamburg-Moorburg,DE,admitted,,100,MW_input,,5,true,false,pass,true,https://hghh.eu/,owner,2026-09-09,day,row carries a position from a company or permit source,pass,true,https://www.hamburger-energiewerke.de/ueber-uns/presse/hamburg-green-hydrogen-hub-feiert-grundsteinlegung-fuer-100-mw-elektrolyseur,owner,2025-12-01,day,100 MW_input as stated,pass,true,https://www.hamburger-energiewerke.de/ueber-uns/presse/hamburg-green-hydrogen-hub-feiert-grundsteinlegung-fuer-100-mw-elektrolyseur,owner,2025-12-01,day,status_to construction,pass,true,https://ec.europa.eu/competition/state_aid/cases1/202442/SA_102825_1118.pdf,European Commission,2024-02-15,day,IPCEI Hy2Infra (SA.102825) names 'DE45 Hamburg Green Hydrogen Hub (HGHH)'; matched on a document naming both,pass,true,https://www.hamburger-energiewerke.de/ueber-uns/presse/hamburg-green-hydrogen-hub-feiert-grundsteinlegung-fuer-100-mw-elektrolyseur,company,2025-12-01,day,production_start 2027-H2 at half precision,fail,true,https://www.hamburger-energiewerke.de/ueber-uns/presse/hamburg-green-hydrogen-hub-feiert-grundsteinlegung-fuer-100-mw-elektrolyseur,owner,2025-12-01,day,row edge carries no firmness; brief 9's axis is where rung 6 reads,true
hydrogen,row:repsol-cartagena,,repsol-cartagena,Repsol Cartagena,ES,admitted,,100,MW_input,,5,true,false,pass,true,https://www.repsol.com/en/press-room/press-releases/2025/repsol-to-build-its-first-large-scale-renewable-hydrogen-plant-cartagena/index.cshtml,Repsol,2025-09-30,day,the admitting source names the site as 'Cartagena',pass,true,https://www.repsol.com/en/press-room/press-releases/2025/repsol-to-build-its-first-large-scale-renewable-hydrogen-plant-cartagena/index.cshtml,owner,2025-09-30,day,100 MW_input as stated,pass,true,https://www.repsol.com/en/press-room/press-releases/2025/repsol-to-build-its-first-large-scale-renewable-hydrogen-plant-cartagena/index.cshtml,owner,2025-09-30,day,status_to fid,pass,true,https://competition-policy.ec.europa.eu/document/download/6285ce86-e51d-449e-a003-c88319a9a9d9_en?filename=2022_IPCEI_Hy2Use_en.pdf,European Commission,2022-09-21,day,IPCEI Hy2Use (SA.64650) names 'Cartagena Hydrogen NetWork S.L. (Repsol)'; matched on a document naming both,pass,true,https://www.repsol.com/en/press-room/press-releases/2025/repsol-to-build-its-first-large-scale-renewable-hydrogen-plant-cartagena/index.cshtml,company,2025-09-30,day,production_start 2029 at year precision,fail,true,https://www.repsol.com/en/press-room/press-releases/2025/repsol-to-build-its-first-large-scale-renewable-hydrogen-plant-cartagena/index.cshtml,owner,2025-09-30,day,row edge carries no firmness; brief 9's axis is where rung 6 reads,true
hydrogen,row:gigastack-humber,,gigastack-humber,"Phillips 66 Humber Refinery, South Killingholme",GB,admitted,,100,MW_input,,3,true,false,pass,true,https://www.offshore-energy.biz/two-offshore-wind-to-hydrogen-projects-withdraw-from-uks-first-electrolytic-allocation-round/,owner,2023-08-18,day,row carries a position from a company or permit source,pass,true,https://itm-power.com/news/gigastack-project-one-step-closer-to-renewable-hydrogen-at-industrial-scale-as-phase-2-concludes,owner,2021-11-01,month,100 MW_input as stated,fail,true,https://www.offshore-energy.biz/two-offshore-wind-to-hydrogen-projects-withdraw-from-uks-first-electrolytic-allocation-round/,owner,2023-08-18,day,"owner states an FID target, which is a future decision",fail,true,sources/hydrogen_funder_pass.json,eufabric funder pass,2026-09-17,day,the funder lists of sources/hydrogen_funder_pass.json name no award for this project,pass,true,https://itm-power.com/news/gigastack-project-one-step-closer-to-renewable-hydrogen-at-industrial-scale-as-phase-2-concludes,company,2021-11-01,month,production_start 2025 at year precision,fail,true,https://itm-power.com/news/gigastack-project-one-step-closer-to-renewable-hydrogen-at-industrial-scale-as-phase-2-concludes,owner,2021-11-01,day,row edge carries no firmness; brief 9's axis is where rung 6 reads,true
batteries,row:lges-wroclaw,lges-wroclaw,lges-wroclaw,LG Energy Solution Wroclaw,PL,held,,90,GWh_per_year,,4,true,false,pass,true,https://news.lgensol.com/insights/from-our-experts/3071/,owner,2023-07-27,day,row carries a position from a company or permit source,pass,true,https://news.lgensol.com/insights/from-our-experts/3071/,owner,2023-07-27,day,90 GWh_per_year as stated,pass,true,https://news.lgensol.com/insights/from-our-experts/3071/,owner,2023-07-27,day,status_to operating,pass,true,https://ec.europa.eu/assets/cinea/project_fiches/innovation_fund/101251513.pdf,"European Commission (CINEA), Innovation Fund",2024,year,"Innovation Fund, IF24 Battery Call - Electric vehicle battery cell production names '46inEU: Powering the Future: 46 Cylinders, Infinite Possibilities in Europe' at EUR 90,833,000; the funder's own status is Grant signed; matched on the fiche's coordinator is LG ENERGY SOLUTION WROCLAW and the row is LG Energy Solution's Wrocław cell plant",fail,true,https://news.lgensol.com/insights/from-our-experts/3071/,owner,2023-07-27,day,no owner-stated start carrying a date precision,fail,true,sources/edges.json,eufabric dependency sweep,2026-09-11,day,"no edge in the dependency graph names this project; the date is the graph's newest statement, not a sweep date",true
batteries,row:tesla-gruenheide-cells,tesla-gruenheide-cells,tesla-gruenheide-cells,Tesla Berlin,DE,held,,X,GWh a year,,2,true,false,pass,true,https://www.sec.gov/Archives/edgar/data/1318605/000162828026049213/exhibit991.htm,owner,2026-07-22,day,row carries a position from a company or permit source,fail,true,https://www.sec.gov/Archives/edgar/data/1318605/000162828026049213/exhibit991.htm,owner,2026-07-22,day,no capacity stated by the owner on file,pass,true,https://www.sec.gov/Archives/edgar/data/1318605/000162828026049213/exhibit991.htm,owner,2026-07-22,day,status_to construction,fail,true,sources/funder_pass.json,eufabric funder pass,2026-09-19,day,the funder lists of sources/funder_pass.json — the Innovation Fund's own project table of 413 projects and 163 of its factsheets — name no award for this entry,fail,true,https://www.sec.gov/Archives/edgar/data/1318605/000162828026049213/exhibit991.htm,owner,2026-07-22,day,no owner-stated start carrying a date precision,fail,true,sources/edges.json,eufabric dependency sweep,2026-09-11,day,"no edge in the dependency graph names this project; the date is the graph's newest statement, not a sweep date",true
batteries,row:catl-debrecen,catl-debrecen,catl-debrecen,CATL Debrecen,HU,held,,100,GWh_per_year,,3,true,false,pass,true,https://www.catl.com/en/news/983.html,owner,2022-08-12,day,row carries a position from a company or permit source,pass,true,https://www.catl.com/en/news/983.html,owner,2022-08-12,day,100 GWh_per_year as stated,pass,true,https://www.catl.com/en/news/983.html,owner,2022-08-12,day,status_to construction,fail,true,sources/funder_pass.json,eufabric funder pass,2026-09-19,day,the funder lists of sources/funder_pass.json — the Innovation Fund's own project table of 413 projects and 163 of its factsheets — name no award for this entry,fail,true,https://www.catl.com/en/news/983.html,owner,2022-08-12,day,no owner-stated start carrying a date precision,fail,true,sources/edges.json,eufabric dependency sweep,2026-09-11,day,"no edge in the dependency graph names this project; the date is the graph's newest statement, not a sweep date",true
batteries,row:envision-aesc-extremadura,envision-aesc-extremadura,envision-aesc-extremadura,Envision AESC Navalmoral de la Mata,ES,held,,94.24,GWh_per_year,,4,true,false,pass,true,https://www.laportadadeextremadura.com/economia/empresas/gigafactoria-baterias-navalmoral-mata-proyecta-inicio-produccion-celdas-diciembre-2028_5773_102.html,owner,2026-06-08,day,row carries a position from a company or permit source,pass,true,https://doe.juntaex.es/pdfs/doe/2023/970o/xml/2023061930.xml,owner,2023-05-23,day,94.24 GWh_per_year as stated,pass,true,https://web.archive.org/web/20241002033752/https://www.aesc-group.com/en/item/668bf854f7fe5a27254fcc59/,owner,2024-07-08,day,status_to construction,fail,true,sources/funder_pass.json,eufabric funder pass,2026-09-19,day,the funder lists of sources/funder_pass.json — the Innovation Fund's own project table of 413 projects and 163 of its factsheets — name no award for this entry,pass,true,https://www.laportadadeextremadura.com/economia/empresas/gigafactoria-baterias-navalmoral-mata-proyecta-inicio-produccion-celdas-diciembre-2028_5773_102.html,host_government,2026-06-08,day,production_start 2028-12 at month precision,fail,true,sources/edges.json,eufabric dependency sweep,2026-09-11,day,"no edge in the dependency graph names this project; the date is the graph's newest statement, not a sweep date",true
batteries,te24:West Midlands Gigafactory Coventry,West Midlands Gigafactory Coventry,,West Midlands Gigafactory Coventry,,searched none found,,,,,0,true,false,fail,true,sources/batteries_benchmark.json,eufabric census,2026-09-12,day,the census read the owner's own sources and none names a site for this project,fail,true,sources/batteries_benchmark.json,eufabric census,2026-09-12,day,no owner document on file; the census is the record of looking,fail,true,sources/batteries_benchmark.json,eufabric census,2026-09-12,day,no owner document on file; the census is the record of looking,fail,true,sources/funder_pass.json,eufabric funder pass,2026-09-19,day,the funder lists of sources/funder_pass.json — the Innovation Fund's own project table of 413 projects and 163 of its factsheets — name no award for this entry,fail,true,sources/batteries_benchmark.json,eufabric census,2026-09-12,day,no owner document on file; the census is the record of looking,not_searched,false,sources/edges.json,eufabric dependency sweep,2026-09-11,day,"no register row, so no owner side to sweep; the graph names no edge for this entry",false
batteries,row:northvolt-ett-skelleftea,northvolt-ett-skelleftea,northvolt-ett-skelleftea,Northvolt Skellefteå,SE,held,,16,GWh_per_year,,3,true,false,pass,true,https://lyten.com/2026/02/26/lyten-completes-acquisition-of-northvolt-sweden-and-establishes-its-first-lyten-industrial-hub-in-sweden/,owner,2026-02-26,day,row carries a position from a company or permit source,pass,true,https://lyten.com/2026/02/26/lyten-completes-acquisition-of-northvolt-sweden-and-establishes-its-first-lyten-industrial-hub-in-sweden/,owner,2026-02-26,day,16 GWh_per_year as stated,fail,true,https://lyten.com/2026/02/26/lyten-completes-acquisition-of-northvolt-sweden-and-establishes-its-first-lyten-industrial-hub-in-sweden/,owner,2026-02-26,day,no owner statement that FID has been taken,fail,true,sources/funder_pass.json,eufabric funder pass,2026-09-19,day,the funder lists of sources/funder_pass.json — the Innovation Fund's own project table of 413 projects and 163 of its factsheets — name no award for this entry,pass,true,https://lyten.com/2026/02/26/lyten-completes-acquisition-of-northvolt-sweden-and-establishes-its-first-lyten-industrial-hub-in-sweden/,company,2026-02-26,day,production_start 2026-H2 at half precision,fail,true,sources/edges.json,eufabric dependency sweep,2026-09-11,day,"no edge in the dependency graph names this project; the date is the graph's newest statement, not a sweep date",true
batteries,row:lyten-heide,lyten-heide,lyten-heide,Northvolt Heide,DE,held,,15,GWh_per_year,,4,true,false,pass,true,https://lyten.com/2026/07/01/lyten-signs-exclusive-mou-to-progress-acquisition-of-northvolt-drei-assets-in-germany/,owner,2026-07-01,day,row carries a position from a company or permit source,pass,true,https://lyten.com/2026/07/01/lyten-signs-exclusive-mou-to-progress-acquisition-of-northvolt-drei-assets-in-germany/,owner,2026-07-01,day,15 GWh_per_year as stated,pass,true,https://northvolt.com/articles/start-of-construction-at-northvolt-drei/,owner,2024-03-25,day,status_to construction,fail,true,sources/funder_pass.json,eufabric funder pass,2026-09-19,day,the funder lists of sources/funder_pass.json — the Innovation Fund's own project table of 413 projects and 163 of its factsheets — name no award for this entry,pass,true,https://northvolt.com/articles/start-of-construction-at-northvolt-drei/,company,2024-03-25,day,production_start 2026 at year precision,fail,true,sources/edges.json,eufabric dependency sweep,2026-09-11,day,"no edge in the dependency graph names this project; the date is the graph's newest statement, not a sweep date",true
batteries,row:novo-energy-gothenburg,novo-energy-gothenburg,novo-energy-gothenburg,Volvo & Northvolt Gothenburg,SE,held,,50,GWh_per_year,,3,true,false,pass,true,https://www.novoenergy.se/about-us,NOVO Energy AB,2026-09-07,day,the admitting source names the site as 'Gothenburg',pass,true,https://www.novoenergy.se/about-us,owner,2026-09-07,day,50 GWh_per_year as stated,fail,true,https://www.novoenergy.se/about-us,owner,2026-09-07,day,no owner statement that FID has been taken,pass,true,https://ec.europa.eu/assets/cinea/project_fiches/innovation_fund/101251644.pdf,"European Commission (CINEA), Innovation Fund",2024,year,"Innovation Fund, IF24 Battery Call - Electric vehicle battery cell production names 'NOVO One: NOVO One Gigafactory' at EUR 201,500,000; the funder's own status is Grant signed; matched on the fiche names a gigafactory 'in Gothenburg, Sweden' and the coordinator is NOVO Energy AB",fail,true,https://www.novoenergy.se/about-us,owner,2026-09-07,day,no owner-stated start carrying a date precision,fail,true,sources/edges.json,eufabric dependency sweep,2026-09-11,day,"no edge in the dependency graph names this project; the date is the graph's newest statement, not a sweep date",true
batteries,row:verkor-dunkirk,verkor-dunkirk,verkor-dunkirk,Verkor Dunkirk,FR,held,,50,GWh_per_year,,5,true,false,pass,true,https://verkor.com/en/verkor-reaches-a-decisive-milestone-and-opens-its-first-gigafactory/,owner,2025-12-11,day,row carries a position from a company or permit source,pass,true,https://verkor.com/en/verkor-reaches-a-decisive-milestone-and-opens-its-first-gigafactory/,owner,2025-12-11,day,50 GWh_per_year as stated,pass,true,https://verkor.com/en/verkor-reaches-a-decisive-milestone-and-opens-its-first-gigafactory/,owner,2025-12-11,day,status_to operating,pass,true,https://ec.europa.eu/assets/cinea/project_fiches/innovation_fund/101251807.pdf,"European Commission (CINEA), Innovation Fund",2024,year,"Innovation Fund, IF24 Battery Call - Electric vehicle battery cell production names 'AGATHE: Advanced Gigafactory Aiming at Tempering greenHouse gases Emissions' at EUR 76,282,817; the funder's own status is Grant signed; matched on the fiche names ""Verkor's gigafactory in Dunkirk, France"" — the coordinator and the site both",pass,true,https://verkor.com/en/verkor-reaches-a-decisive-milestone-and-opens-its-first-gigafactory/,company,2025-12-11,day,production_start 2026 at year precision,fail,true,sources/edges.json,eufabric dependency sweep,2026-09-11,day,"no edge in the dependency graph names this project; the date is the graph's newest statement, not a sweep date",true
batteries,te24:SVOLT Finland,SVOLT Finland,,SVOLT Finland,,named not admitted,,,,,1,true,false,pass,true,sources/batteries_benchmark.json,owner or permit source,2026-09-12,day,the census read an owner or permit source that names the site and the perimeter still refuses the entry,fail,true,sources/batteries_benchmark.json,eufabric census,2026-09-12,day,no owner document on file; the census is the record of looking,fail,true,sources/batteries_benchmark.json,eufabric census,2026-09-12,day,no owner document on file; the census is the record of looking,fail,true,sources/funder_pass.json,eufabric funder pass,2026-09-19,day,the funder lists of sources/funder_pass.json — the Innovation Fund's own project table of 413 projects and 163 of its factsheets — name no award for this entry,fail,true,sources/batteries_benchmark.json,eufabric census,2026-09-12,day,no owner document on file; the census is the record of looking,not_searched,false,sources/edges.json,eufabric dependency sweep,2026-09-11,day,"no register row, so no owner side to sweep; the graph names no edge for this entry",false
batteries,te24:Prologium Dunkirk,Prologium Dunkirk,,Prologium Dunkirk,,searched none found,,,,,0,true,false,fail,true,sources/batteries_benchmark.json,eufabric census,2026-09-12,day,the census read the owner's own sources and none names a site for this project,fail,true,sources/batteries_benchmark.json,eufabric census,2026-09-12,day,no owner document on file; the census is the record of looking,fail,true,sources/batteries_benchmark.json,eufabric census,2026-09-12,day,no owner document on file; the census is the record of looking,fail,true,sources/funder_pass.json,eufabric funder pass,2026-09-19,day,the funder lists of sources/funder_pass.json — the Innovation Fund's own project table of 413 projects and 163 of its factsheets — name no award for this entry,fail,true,sources/batteries_benchmark.json,eufabric census,2026-09-12,day,no owner document on file; the census is the record of looking,not_searched,false,sources/edges.json,eufabric dependency sweep,2026-09-11,day,"no register row, so no owner side to sweep; the graph names no edge for this entry",false
batteries,row:elevenes-subotica,elevenes-subotica,elevenes-subotica,ElevenEs Subotica,RS,held,,48,GWh a year,,0,true,false,fail,true,sources/batteries_benchmark.json,eufabric census,2026-09-12,day,the census read the owner's own sources and none names a site for this project,fail,true,sources/batteries_benchmark.json,eufabric census,2026-09-12,day,no owner document on file; the census is the record of looking,fail,true,sources/batteries_benchmark.json,eufabric census,2026-09-12,day,no owner document on file; the census is the record of looking,fail,true,sources/funder_pass.json,eufabric funder pass,2026-09-19,day,the funder lists of sources/funder_pass.json — the Innovation Fund's own project table of 413 projects and 163 of its factsheets — name no award for this entry,fail,true,sources/batteries_benchmark.json,eufabric census,2026-09-12,day,no owner document on file; the census is the record of looking,not_searched,false,sources/edges.json,eufabric dependency sweep,2026-09-11,day,"no register row, so no owner side to sweep; the graph names no edge for this entry",false
batteries,row:morrow-arendal,morrow-arendal,morrow-arendal,Morrow Arendal,NO,held,,43,GWh_per_year,,3,true,false,pass,true,https://www.energy-storage.news/european-ess-battery-company-morrow-files-for-bankruptcy/,owner,2026-05-06,day,row carries a position from a company or permit source,pass,true,https://news.morrowbatteries.com/pressreleases/jonas-gahr-stoere-prime-minister-of-norway-officially-inaugurates-europes-first-lfp-battery-gigafactory-3337609,owner,2024-08-16,day,43 GWh_per_year as stated,pass,true,https://news.morrowbatteries.com/pressreleases/jonas-gahr-stoere-prime-minister-of-norway-officially-inaugurates-europes-first-lfp-battery-gigafactory-3337609,owner,2024-08-16,day,status_to operating,fail,true,sources/funder_pass.json,eufabric funder pass,2026-09-19,day,the funder lists of sources/funder_pass.json — the Innovation Fund's own project table of 413 projects and 163 of its factsheets — name no award for this entry,fail,true,https://www.energy-storage.news/european-ess-battery-company-morrow-files-for-bankruptcy/,owner,2026-05-06,day,no owner-stated start carrying a date precision,fail,true,sources/edges.json,eufabric dependency sweep,2026-09-11,day,"no edge in the dependency graph names this project; the date is the graph's newest statement, not a sweep date",true
batteries,row:powerco-salzgitter,powerco-salzgitter,powerco-salzgitter,VW PowerCo Salzgitter,DE,held,,40,GWh_per_year,,3,true,false,pass,true,https://www.volkswagen-group.com/en/press-releases/start-of-european-battery-cell-production-powerco-commissions-salzgitter-gigafactory-20045,owner,2025-12-17,day,row carries a position from a company or permit source,pass,true,https://www.volkswagen-group.com/en/press-releases/start-of-european-battery-cell-production-powerco-commissions-salzgitter-gigafactory-20045,owner,2025-12-17,day,40 GWh_per_year as stated,pass,true,https://www.volkswagen-group.com/en/press-releases/start-of-european-battery-cell-production-powerco-commissions-salzgitter-gigafactory-20045,owner,2025-12-17,day,status_to operating,fail,true,sources/funder_pass.json,eufabric funder pass,2026-09-19,day,the funder lists of sources/funder_pass.json — the Innovation Fund's own project table of 413 projects and 163 of its factsheets — name no award for this entry,fail,true,https://www.volkswagen-group.com/en/press-releases/start-of-european-battery-cell-production-powerco-commissions-salzgitter-gigafactory-20045,owner,2025-12-17,day,no owner-stated start carrying a date precision,fail,true,sources/edges.json,eufabric dependency sweep,2026-09-11,day,"no edge in the dependency graph names this project; the date is the graph's newest statement, not a sweep date",true
batteries,row:powerco-sagunto,powerco-sagunto,powerco-sagunto,VW PowerCo Sagunto,ES,held,,40,GWh_per_year,,3,true,false,pass,true,https://www.volkswagen-group.com/en/press-releases/gigafactory-valencia-powerco-gives-starting-signal-for-construction-of-second-cell-factory-17033,owner,2023-03-17,day,row carries a position from a company or permit source,pass,true,https://www.volkswagen-group.com/en/press-releases/gigafactory-valencia-powerco-gives-starting-signal-for-construction-of-second-cell-factory-17033,owner,2023-03-17,day,40 GWh_per_year as stated,pass,true,https://www.volkswagen-group.com/en/press-releases/gigafactory-valencia-powerco-gives-starting-signal-for-construction-of-second-cell-factory-17033,owner,2023-03-17,day,status_to construction,fail,true,sources/funder_pass.json,eufabric funder pass,2026-09-19,day,the funder lists of sources/funder_pass.json — the Innovation Fund's own project table of 413 projects and 163 of its factsheets — name no award for this entry,fail,true,https://www.volkswagen-group.com/en/press-releases/gigafactory-valencia-powerco-gives-starting-signal-for-construction-of-second-cell-factory-17033,owner,2023-03-17,day,no owner-stated start carrying a date precision,fail,true,sources/edges.json,eufabric dependency sweep,2026-09-11,day,"no edge in the dependency graph names this project; the date is the graph's newest statement, not a sweep date",true
batteries,row:agratas-bridgwater,agratas-bridgwater,agratas-bridgwater,Tata Group/JLR Bridgwater,GB,held,,40,GWh_per_year,,4,true,false,pass,true,https://www.agratas.com/news/bridgwater-july-site-progress-update,owner,2025-08-22,day,row carries a position from a company or permit source,pass,true,https://www.tata.com/newsroom/business/battery-gigafactory-uk,owner,2023-07-19,day,40 GWh_per_year as stated,pass,true,https://www.agratas.com/news/bridgwater-july-site-progress-update,owner,2025-08-22,day,status_to construction,fail,true,sources/funder_pass.json,eufabric funder pass,2026-09-19,day,the funder lists of sources/funder_pass.json — the Innovation Fund's own project table of 413 projects and 163 of its factsheets — name no award for this entry,pass,true,https://www.tata.com/newsroom/business/battery-gigafactory-uk,company,2023-07-19,day,production_start 2026 at year precision,fail,true,sources/edges.json,eufabric dependency sweep,2026-09-11,day,"no edge in the dependency graph names this project; the date is the graph's newest statement, not a sweep date",true
batteries,row:samsung-sdi-god,samsung-sdi-god,samsung-sdi-god,Samsung SDI Göd,HU,held,,40,GWh a year,,2,true,false,pass,true,https://www.samsungsdi.com/about-sdi/global-network.html,owner,2026-09-02,day,row carries a position from a company or permit source,fail,true,https://www.samsungsdi.com/about-sdi/global-network.html,owner,2026-09-02,day,no capacity stated by the owner on file,pass,true,https://news.samsungsdi.com/global/articleView?seq=8,owner,2022-08-01,month,status_to operating,fail,true,sources/funder_pass.json,eufabric funder pass,2026-09-19,day,the funder lists of sources/funder_pass.json — the Innovation Fund's own project table of 413 projects and 163 of its factsheets — name no award for this entry,fail,true,https://www.samsungsdi.com/about-sdi/global-network.html,owner,2026-09-02,day,no owner-stated start carrying a date precision,fail,true,sources/edges.json,eufabric dependency sweep,2026-09-11,day,"no edge in the dependency graph names this project; the date is the graph's newest statement, not a sweep date",true
batteries,te24:Elinor Batteries Orkland,Elinor Batteries Orkland,,Elinor Batteries Orkland,,searched none found,,,,,0,true,false,fail,true,sources/batteries_benchmark.json,eufabric census,2026-09-12,day,the census read the owner's own sources and none names a site for this project,fail,true,sources/batteries_benchmark.json,eufabric census,2026-09-12,day,no owner document on file; the census is the record of looking,fail,true,sources/batteries_benchmark.json,eufabric census,2026-09-12,day,no owner document on file; the census is the record of looking,fail,true,sources/funder_pass.json,eufabric funder pass,2026-09-19,day,the funder lists of sources/funder_pass.json — the Innovation Fund's own project table of 413 projects and 163 of its factsheets — name no award for this entry,fail,true,sources/batteries_benchmark.json,eufabric census,2026-09-12,day,no owner document on file; the census is the record of looking,not_searched,false,sources/edges.json,eufabric dependency sweep,2026-09-11,day,"no register row, so no owner side to sweep; the graph names no edge for this entry",false
batteries,row:acc-termoli,acc-termoli,acc-termoli,ACC Termoli,,held,,40,GWh_per_year,,2,true,false,pass,true,https://www.acc-emotion.com/stories/acc-announces-opening-3rd-gigafactory-termoli-italy,owner,2026-09-07,day,row carries a position from a company or permit source,pass,true,https://www.acc-emotion.com/stories/acc-announces-opening-3rd-gigafactory-termoli-italy,owner,2026-09-07,day,40 GWh_per_year as stated,fail,true,https://www.acc-emotion.com/stories/acc-announces-opening-3rd-gigafactory-termoli-italy,owner,2026-09-07,day,no owner statement that FID has been taken,fail,true,sources/funder_pass.json,eufabric funder pass,2026-09-19,day,the funder lists of sources/funder_pass.json — the Innovation Fund's own project table of 413 projects and 163 of its factsheets — name no award for this entry,fail,true,https://www.acc-emotion.com/stories/acc-announces-opening-3rd-gigafactory-termoli-italy,owner,2026-09-07,day,no owner-stated start carrying a date precision,fail,true,sources/edges.json,eufabric dependency sweep,2026-09-11,day,"no edge in the dependency graph names this project; the date is the graph's newest statement, not a sweep date",true
batteries,row:acc-kaiserslautern,acc-kaiserslautern,acc-kaiserslautern,ACC Kaiserslautern,,held,,40,GWh_per_year,,3,true,false,pass,true,https://www.acc-emotion.com/stories/kaiserslautern-acc-actively-preparing-its-deployment-germany,Automotive Cells Company,2026-09-07,day,the admitting source names the site as 'Kaiserslautern',pass,true,https://www.acc-emotion.com/stories/kaiserslautern-acc-actively-preparing-its-deployment-germany,owner,2026-09-07,day,40 GWh_per_year as stated,fail,true,https://www.acc-emotion.com/stories/kaiserslautern-acc-actively-preparing-its-deployment-germany,owner,2026-09-07,day,no owner statement that FID has been taken,fail,true,sources/funder_pass.json,eufabric funder pass,2026-09-19,day,the funder lists of sources/funder_pass.json — the Innovation Fund's own project table of 413 projects and 163 of its factsheets — name no award for this entry,pass,true,https://www.acc-emotion.com/stories/kaiserslautern-acc-actively-preparing-its-deployment-germany,company,2026-09-07,day,production_start 2025 at year precision,fail,true,sources/edges.json,eufabric dependency sweep,2026-09-11,day,"no edge in the dependency graph names this project; the date is the graph's newest statement, not a sweep date",true
batteries,row:acc-billy-berclau,acc-billy-berclau,acc-billy-berclau,ACC Douvrin,FR,held,,40,GWh_per_year,,5,true,false,pass,true,https://www.acc-emotion.com/media/bbd-press-release,owner,2023-05-30,day,row carries a position from a company or permit source,pass,true,https://www.acc-emotion.com/media/bbd-press-release,owner,2023-05-30,day,40 GWh_per_year as stated,pass,true,https://www.acc-emotion.com/media/bbd-press-release,owner,2023-05-30,day,status_to operating,pass,true,https://ec.europa.eu/assets/cinea/project_fiches/innovation_fund/101250958.pdf,"European Commission (CINEA), Innovation Fund",2024,year,"Innovation Fund, IF24 Battery Call - Electric vehicle battery cell production names 'ACCEPT: Automotive Cells Company European Production Take-off' at EUR 200,000,000; the funder's own status is Grant signed; matched on the fiche names 'Automotive Cells Company Factories in Billy-Berclau Douvrin in France' — the coordinator and the site both",pass,true,https://www.acc-emotion.com/media/bbd-press-release,company,2023-05-30,day,production_start 2023 at year precision,fail,true,sources/edges.json,eufabric dependency sweep,2026-09-11,day,"no edge in the dependency graph names this project; the date is the graph's newest statement, not a sweep date",true
batteries,te24:BMZ/TerraE Karlstein am Main,BMZ/TerraE Karlstein am Main,,BMZ/TerraE Karlstein am Main,,named not admitted,,,,,1,true,false,pass,true,sources/batteries_benchmark.json,owner or permit source,2026-09-12,day,the census read an owner or permit source that names the site and the perimeter still refuses the entry,fail,true,sources/batteries_benchmark.json,eufabric census,2026-09-12,day,no owner document on file; the census is the record of looking,fail,true,sources/batteries_benchmark.json,eufabric census,2026-09-12,day,no owner document on file; the census is the record of looking,fail,true,sources/funder_pass.json,eufabric funder pass,2026-09-19,day,the funder lists of sources/funder_pass.json — the Innovation Fund's own project table of 413 projects and 163 of its factsheets — name no award for this entry,fail,true,sources/batteries_benchmark.json,eufabric census,2026-09-12,day,no owner document on file; the census is the record of looking,not_searched,false,sources/edges.json,eufabric dependency sweep,2026-09-11,day,"no register row, so no owner side to sweep; the graph names no edge for this entry",false
batteries,te24:InoBat Cuprija,InoBat Cuprija,,InoBat Cuprija,,searched none found,,,,,0,true,false,fail,true,sources/batteries_benchmark.json,eufabric census,2026-09-12,day,the census read the owner's own sources and none names a site for this project,fail,true,sources/batteries_benchmark.json,eufabric census,2026-09-12,day,no owner document on file; the census is the record of looking,fail,true,sources/batteries_benchmark.json,eufabric census,2026-09-12,day,no owner document on file; the census is the record of looking,fail,true,sources/funder_pass.json,eufabric funder pass,2026-09-19,day,the funder lists of sources/funder_pass.json — the Innovation Fund's own project table of 413 projects and 163 of its factsheets — name no award for this entry,fail,true,sources/batteries_benchmark.json,eufabric census,2026-09-12,day,no owner document on file; the census is the record of looking,not_searched,false,sources/edges.json,eufabric dependency sweep,2026-09-11,day,"no register row, so no owner side to sweep; the graph names no edge for this entry",false
batteries,row:envision-aesc-sunderland,envision-aesc-sunderland,envision-aesc-sunderland,Envision AESC Sunderland,GB,held,,15.8,GWh_per_year,,3,true,false,pass,true,https://www.aesc-group.com/newsInfo?id=aesc-launches-its-new-uk-battery-gigafactory,owner,2025-12-16,day,row carries a position from a company or permit source,pass,true,https://www.aesc-group.com/newsInfo?id=aesc-launches-its-new-uk-battery-gigafactory,owner,2025-12-16,day,15.8 GWh_per_year as stated,pass,true,https://www.aesc-group.com/newsInfo?id=aesc-launches-its-new-uk-battery-gigafactory,owner,2025-12-16,day,status_to operating,fail,true,sources/funder_pass.json,eufabric funder pass,2026-09-19,day,the funder lists of sources/funder_pass.json — the Innovation Fund's own project table of 413 projects and 163 of its factsheets — name no award for this entry,fail,true,https://www.aesc-group.com/newsInfo?id=aesc-launches-its-new-uk-battery-gigafactory,owner,2025-12-16,day,no owner-stated start carrying a date precision,fail,true,sources/edges.json,eufabric dependency sweep,2026-09-11,day,"no edge in the dependency graph names this project; the date is the graph's newest statement, not a sweep date",true
batteries,row:sk-on-ivancsa,sk-on-ivancsa,sk-on-ivancsa,SK On Ivancsa,,held,,30,GWh_per_year,,3,true,false,pass,true,https://skonhungary.com/,owner,2026-09-05,day,row carries a position from a company or permit source,pass,true,https://www.electrive.com/2022/03/23/sk-on-receives-funding-for-battery-cell-plant-in-hungary/,owner,2022-03-23,day,30 GWh_per_year as stated,pass,true,https://www.electrive.com/2022/03/23/sk-on-receives-funding-for-battery-cell-plant-in-hungary/,owner,2022-03-23,day,status_to construction,fail,true,sources/funder_pass.json,eufabric funder pass,2026-09-19,day,the funder lists of sources/funder_pass.json — the Innovation Fund's own project table of 413 projects and 163 of its factsheets — name no award for this entry,fail,true,https://skonhungary.com/,owner,2026-09-05,day,no owner-stated start carrying a date precision,fail,true,sources/edges.json,eufabric dependency sweep,2026-09-11,day,"no edge in the dependency graph names this project; the date is the graph's newest statement, not a sweep date",true
batteries,row:envision-aesc-douai,envision-aesc-douai,envision-aesc-douai,Envision AESC Douai,FR,held,,10,GWh_per_year,,3,true,false,pass,true,https://www.aesc-group.com/newsInfo?id=at-start-of-production-aesc-hosts-president-macron-at-douai-battery-gigafactory,owner,2025-06-03,day,row carries a position from a company or permit source,pass,true,https://www.aesc-group.com/newsInfo?id=at-start-of-production-aesc-hosts-president-macron-at-douai-battery-gigafactory,owner,2025-06-03,day,10 GWh_per_year as stated,pass,true,https://www.aesc-group.com/newsInfo?id=at-start-of-production-aesc-hosts-president-macron-at-douai-battery-gigafactory,owner,2025-06-03,day,status_to operating,fail,true,sources/funder_pass.json,eufabric funder pass,2026-09-19,day,the funder lists of sources/funder_pass.json — the Innovation Fund's own project table of 413 projects and 163 of its factsheets — name no award for this entry,fail,true,https://www.aesc-group.com/newsInfo?id=at-start-of-production-aesc-hosts-president-macron-at-douai-battery-gigafactory,owner,2025-06-03,day,no owner-stated start carrying a date precision,fail,true,sources/edges.json,eufabric dependency sweep,2026-09-11,day,"no edge in the dependency graph names this project; the date is the graph's newest statement, not a sweep date",true
batteries,row:freyr-mo-i-rana,freyr-mo-i-rana,freyr-mo-i-rana,Freyr Mo i Rana,,held,,,,,3,true,false,pass,true,https://data.sec.gov/submissions/CIK0001992243.json,U.S. Securities and Exchange Commission,2026-09-06,day,the admitting source names the site as 'Mo i Rana',fail,true,https://data.sec.gov/submissions/CIK0001992243.json,owner,2026-09-06,day,no capacity stated by the owner on file,pass,true,https://www.sec.gov/Archives/edgar/data/1992243/000199224324000066/frey-20231231.htm,owner,2024-02-29,day,status_to construction,pass,true,https://ec.europa.eu/assets/cinea/project_fiches/innovation_fund/101133106.pdf,"European Commission (CINEA), Innovation Fund",2022,year,"Innovation Fund, 2022 Large-scale names 'Giga Arctic: Building a European future for clean batteries to accelerate the renewable energy transition' at EUR 100,000,000; the funder's own status is Terminated; matched on the fiche names a battery gigafactory 'in Mo I Rana, Norway' and the coordinator is FREYR BATTERY GIGA ARCTIC AS",fail,true,https://data.sec.gov/submissions/CIK0001992243.json,owner,2026-09-06,day,no owner-stated start carrying a date precision,fail,true,sources/edges.json,eufabric dependency sweep,2026-09-11,day,"no edge in the dependency graph names this project; the date is the graph's newest statement, not a sweep date",true
batteries,row:eve-power-debrecen,eve-power-debrecen,eve-power-debrecen,EVE Energy Debrecen,HU,held,,30,GWh_per_year,,3,true,false,pass,true,https://www.evebattery.com/en/news-1873,owner,2025-09-29,day,row carries a position from a company or permit source,pass,true,https://miakoegyesulet.hu/wp-content/uploads/2025/05/EVE_Power_Hungary_osszevont_KHV_IPPC_anonim.pdf,owner,2025-05-01,month,30 GWh_per_year as stated,fail,true,https://www.evebattery.com/en/news-1873,owner,2025-09-29,day,no owner statement that FID has been taken,fail,true,sources/funder_pass.json,eufabric funder pass,2026-09-19,day,the funder lists of sources/funder_pass.json — the Innovation Fund's own project table of 413 projects and 163 of its factsheets — name no award for this entry,pass,true,https://www.evebattery.com/en/news-1873,company,2025-09-29,day,production_start 2026 at year precision,fail,true,sources/edges.json,eufabric dependency sweep,2026-09-11,day,"no edge in the dependency graph names this project; the date is the graph's newest statement, not a sweep date",true
batteries,te24:FMG Group Kotka,FMG Group Kotka,,FMG Group Kotka,,perimeter exclusion,,,,,0,false,false,not_searched,false,sources/batteries_benchmark.json,eufabric census,2026-09-12,day,out of perimeter; not scored,not_searched,false,sources/batteries_benchmark.json,eufabric census,2026-09-12,day,out of perimeter; not scored,not_searched,false,sources/batteries_benchmark.json,eufabric census,2026-09-12,day,out of perimeter; not scored,not_searched,false,sources/batteries_benchmark.json,eufabric census,2026-09-12,day,out of perimeter; not scored,not_searched,false,sources/batteries_benchmark.json,eufabric census,2026-09-12,day,out of perimeter; not scored,not_searched,false,sources/batteries_benchmark.json,eufabric census,2026-09-12,day,out of perimeter; not scored,false
batteries,row:svolt-uberherrn,svolt-uberherrn,svolt-uberherrn,SVOLT Überherrn,,held,,24,GWh_per_year,,2,true,false,pass,true,https://geoportal.saarland.de/gdi-sl/inspirewfs_Flurstuecke_Grundstuecke_ALKIS?SERVICE=WFS&REQUEST=GetCapabilities&VERSION=2.0.0,owner,2026-09-05,day,row carries a position from a company or permit source,pass,true,https://web.archive.org/web/20240724080837/https://www.svolt-eu.com/en/eu-locations/,owner,2024-07-24,day,24 GWh_per_year as stated,fail,true,https://geoportal.saarland.de/gdi-sl/inspirewfs_Flurstuecke_Grundstuecke_ALKIS?SERVICE=WFS&REQUEST=GetCapabilities&VERSION=2.0.0,owner,2026-09-05,day,no owner statement that FID has been taken,fail,true,sources/funder_pass.json,eufabric funder pass,2026-09-19,day,the funder lists of sources/funder_pass.json — the Innovation Fund's own project table of 413 projects and 163 of its factsheets — name no award for this entry,fail,true,https://geoportal.saarland.de/gdi-sl/inspirewfs_Flurstuecke_Grundstuecke_ALKIS?SERVICE=WFS&REQUEST=GetCapabilities&VERSION=2.0.0,owner,2026-09-05,day,no owner-stated start carrying a date precision,fail,true,sources/edges.json,eufabric dependency sweep,2026-09-11,day,"no edge in the dependency graph names this project; the date is the graph's newest statement, not a sweep date",true
batteries,te24:InoBat Valladolid,InoBat Valladolid,,InoBat Valladolid,,named not admitted,,,,,1,true,false,pass,true,sources/batteries_benchmark.json,owner or permit source,2026-09-12,day,the census read an owner or permit source that names the site and the perimeter still refuses the entry,fail,true,sources/batteries_benchmark.json,eufabric census,2026-09-12,day,no owner document on file; the census is the record of looking,fail,true,sources/batteries_benchmark.json,eufabric census,2026-09-12,day,no owner document on file; the census is the record of looking,fail,true,sources/funder_pass.json,eufabric funder pass,2026-09-19,day,the funder lists of sources/funder_pass.json — the Innovation Fund's own project table of 413 projects and 163 of its factsheets — name no award for this entry,fail,true,sources/batteries_benchmark.json,eufabric census,2026-09-12,day,no owner document on file; the census is the record of looking,not_searched,false,sources/edges.json,eufabric dependency sweep,2026-09-11,day,"no register row, so no owner side to sweep; the graph names no edge for this entry",false
batteries,te24:Romvolt (ABEE) Galati,Romvolt (ABEE) Galati,,Romvolt (ABEE) Galati,,unreadable,,,,,0,false,true,unread,true,,,,,the publisher could not be read; queued for a browser pass,unread,true,,,,,the publisher could not be read; queued for a browser pass,unread,true,,,,,the publisher could not be read; queued for a browser pass,unread,true,,,,,the publisher could not be read; queued for a browser pass,unread,true,,,,,the publisher could not be read; queued for a browser pass,unread,true,,,,,the publisher could not be read; queued for a browser pass,false
batteries,te24:QuantumScape Salzgitter,QuantumScape Salzgitter,,QuantumScape Salzgitter,,perimeter exclusion,,,,,0,false,false,not_searched,false,sources/batteries_benchmark.json,eufabric census,2026-09-12,day,out of perimeter; not scored,not_searched,false,sources/batteries_benchmark.json,eufabric census,2026-09-12,day,out of perimeter; not scored,not_searched,false,sources/batteries_benchmark.json,eufabric census,2026-09-12,day,out of perimeter; not scored,not_searched,false,sources/batteries_benchmark.json,eufabric census,2026-09-12,day,out of perimeter; not scored,not_searched,false,sources/batteries_benchmark.json,eufabric census,2026-09-12,day,out of perimeter; not scored,not_searched,false,sources/batteries_benchmark.json,eufabric census,2026-09-12,day,out of perimeter; not scored,false
batteries,row:gib-surany,gib-surany,gib-surany,InoBat & Gotion Surany,SK,held,,60,GWh_per_year,,2,true,false,pass,true,https://www.inobat.eu/newsroom/gib-to-build-an-advanced-gigafactory-in-slovakia/,owner,2024-06-20,day,row carries a position from a company or permit source,pass,true,https://www.inobat.eu/newsroom/gib-to-build-an-advanced-gigafactory-in-slovakia/,owner,2024-06-20,day,60 GWh_per_year as stated,fail,true,https://www.inobat.eu/newsroom/gib-to-build-an-advanced-gigafactory-in-slovakia/,owner,2024-06-20,day,no owner statement that FID has been taken,fail,true,sources/funder_pass.json,eufabric funder pass,2026-09-19,day,the funder lists of sources/funder_pass.json — the Innovation Fund's own project table of 413 projects and 163 of its factsheets — name no award for this entry,fail,true,https://www.inobat.eu/newsroom/gib-to-build-an-advanced-gigafactory-in-slovakia/,owner,2024-06-20,day,no owner-stated start carrying a date precision,fail,true,sources/edges.json,eufabric dependency sweep,2026-09-11,day,"no edge in the dependency graph names this project; the date is the graph's newest statement, not a sweep date",true
batteries,row:sk-on-komarom,sk-on-komarom,sk-on-komarom,SK On Komarom,,held,,,,,2,true,false,pass,true,https://skonhungary.com/,owner,2026-09-05,day,row carries a position from a company or permit source,fail,true,https://skonhungary.com/,owner,2026-09-05,day,no capacity stated by the owner on file,pass,true,https://kormany.hu/hirek/szijjarto-magyarorszag-tortenetenek-legnagyobb-zoldmezos-beruhazasat-valositja-meg-a-del-koreai-sk-innovation-ivancsan,owner,2021-01-29,day,status_to operating,fail,true,sources/funder_pass.json,eufabric funder pass,2026-09-19,day,the funder lists of sources/funder_pass.json — the Innovation Fund's own project table of 413 projects and 163 of its factsheets — name no award for this entry,fail,true,https://skonhungary.com/,owner,2026-09-05,day,no owner-stated start carrying a date precision,fail,true,sources/edges.json,eufabric dependency sweep,2026-09-11,day,"no edge in the dependency graph names this project; the date is the graph's newest statement, not a sweep date",true
batteries,te24:CTAG Vigo,CTAG Vigo,,CTAG Vigo,,searched none found,,,,,0,true,false,fail,true,sources/batteries_benchmark.json,eufabric census,2026-09-12,day,the census read the owner's own sources and none names a site for this project,fail,true,sources/batteries_benchmark.json,eufabric census,2026-09-12,day,no owner document on file; the census is the record of looking,fail,true,sources/batteries_benchmark.json,eufabric census,2026-09-12,day,no owner document on file; the census is the record of looking,fail,true,sources/funder_pass.json,eufabric funder pass,2026-09-19,day,the funder lists of sources/funder_pass.json — the Innovation Fund's own project table of 413 projects and 163 of its factsheets — name no award for this entry,fail,true,sources/batteries_benchmark.json,eufabric census,2026-09-12,day,no owner document on file; the census is the record of looking,not_searched,false,sources/edges.json,eufabric dependency sweep,2026-09-11,day,"no register row, so no owner side to sweep; the graph names no edge for this entry",false
batteries,te24:MES Horní Suchá,MES Horní Suchá,,MES Horní Suchá,,unreadable,,,,,0,false,true,unread,true,,,,,the publisher could not be read; queued for a browser pass,unread,true,,,,,the publisher could not be read; queued for a browser pass,unread,true,,,,,the publisher could not be read; queued for a browser pass,unread,true,,,,,the publisher could not be read; queued for a browser pass,unread,true,,,,,the publisher could not be read; queued for a browser pass,unread,true,,,,,the publisher could not be read; queued for a browser pass,false
batteries,row:calb-sines,calb-sines,calb-sines,CALB Sines,PT,held,,15,GWh_per_year,,4,true,false,pass,true,https://www.openstreetmap.org/way/1262719042,owner,2026-09-05,day,row carries a position from a company or permit source,pass,true,https://portugal.gov.pt/gc24/comunicacao/noticias/fabrica-de-ultima-geracao-de-baterias-de-litio-lancada-em-sines,owner,2025-02-24,day,15 GWh_per_year as stated,pass,true,http://en.calb-tech.com/news_detail/5.html,owner,2025-02-24,day,status_to construction,fail,true,sources/funder_pass.json,eufabric funder pass,2026-09-19,day,the funder lists of sources/funder_pass.json — the Innovation Fund's own project table of 413 projects and 163 of its factsheets — name no award for this entry,pass,true,http://en.calb-tech.com/news_detail/5.html,company,2025-02-24,day,production_start 2027 at year precision,fail,true,sources/edges.json,eufabric dependency sweep,2026-09-11,day,"no edge in the dependency graph names this project; the date is the graph's newest statement, not a sweep date",true
batteries,row:catl-arnstadt,catl-arnstadt,catl-arnstadt,CATL Arnstadt,DE,held,,14,GWh_per_year,,3,true,false,pass,true,https://www.prnewswire.com/news-releases/catls-german-plant-kicks-off-cell-production-301708032.html,owner,2022-12-21,day,row carries a position from a company or permit source,pass,true,https://www.prnewswire.com/news-releases/catls-german-plant-kicks-off-cell-production-301708032.html,owner,2022-12-21,day,14 GWh_per_year as stated,pass,true,https://www.prnewswire.com/news-releases/catls-german-plant-kicks-off-cell-production-301708032.html,owner,2022-12-21,day,status_to operating,fail,true,sources/funder_pass.json,eufabric funder pass,2026-09-19,day,the funder lists of sources/funder_pass.json — the Innovation Fund's own project table of 413 projects and 163 of its factsheets — name no award for this entry,fail,true,https://www.prnewswire.com/news-releases/catls-german-plant-kicks-off-cell-production-301708032.html,owner,2022-12-21,day,no owner-stated start carrying a date precision,fail,true,sources/edges.json,eufabric dependency sweep,2026-09-11,day,"no edge in the dependency graph names this project; the date is the graph's newest statement, not a sweep date",true
batteries,row:svolt-lauchhammer,svolt-lauchhammer,svolt-lauchhammer,SVOLT Lauchhammer,,held,,,,,1,true,false,pass,true,https://battery-news.de/en/2024/05/28/svolt-withdraws-from-brandenburg-battery-site/,Battery-News.de,2024-05-28,day,the admitting source names the site as 'Lauchhammer',fail,true,https://battery-news.de/en/2024/05/28/svolt-withdraws-from-brandenburg-battery-site/,owner,2024-05-28,day,no capacity stated by the owner on file,fail,true,https://battery-news.de/en/2024/05/28/svolt-withdraws-from-brandenburg-battery-site/,owner,2024-05-28,day,no owner statement that FID has been taken,fail,true,sources/funder_pass.json,eufabric funder pass,2026-09-19,day,the funder lists of sources/funder_pass.json — the Innovation Fund's own project table of 413 projects and 163 of its factsheets — name no award for this entry,fail,true,https://battery-news.de/en/2024/05/28/svolt-withdraws-from-brandenburg-battery-site/,owner,2024-05-28,day,no owner-stated start carrying a date precision,fail,true,sources/edges.json,eufabric dependency sweep,2026-09-11,day,"no edge in the dependency graph names this project; the date is the graph's newest statement, not a sweep date",true
batteries,te24:Phi4Tech Badajoz,Phi4Tech Badajoz,,Phi4Tech Badajoz,,perimeter exclusion,,,,,0,false,false,not_searched,false,sources/batteries_benchmark.json,eufabric census,2026-09-12,day,out of perimeter; not scored,not_searched,false,sources/batteries_benchmark.json,eufabric census,2026-09-12,day,out of perimeter; not scored,not_searched,false,sources/batteries_benchmark.json,eufabric census,2026-09-12,day,out of perimeter; not scored,not_searched,false,sources/batteries_benchmark.json,eufabric census,2026-09-12,day,out of perimeter; not scored,not_searched,false,sources/batteries_benchmark.json,eufabric census,2026-09-12,day,out of perimeter; not scored,not_searched,false,sources/batteries_benchmark.json,eufabric census,2026-09-12,day,out of perimeter; not scored,false
batteries,te24:InoBat Voderady,InoBat Voderady,,InoBat Voderady,,perimeter exclusion,,,,,0,false,false,not_searched,false,sources/batteries_benchmark.json,eufabric census,2026-09-12,day,out of perimeter; not scored,not_searched,false,sources/batteries_benchmark.json,eufabric census,2026-09-12,day,out of perimeter; not scored,not_searched,false,sources/batteries_benchmark.json,eufabric census,2026-09-12,day,out of perimeter; not scored,not_searched,false,sources/batteries_benchmark.json,eufabric census,2026-09-12,day,out of perimeter; not scored,not_searched,false,sources/batteries_benchmark.json,eufabric census,2026-09-12,day,out of perimeter; not scored,not_searched,false,sources/batteries_benchmark.json,eufabric census,2026-09-12,day,out of perimeter; not scored,false
batteries,te24:Beyonder Rogaland,Beyonder Rogaland,,Beyonder Rogaland,,unreadable,,,,,0,false,true,unread,true,,,,,the publisher could not be read; queued for a browser pass,unread,true,,,,,the publisher could not be read; queued for a browser pass,unread,true,,,,,the publisher could not be read; queued for a browser pass,unread,true,,,,,the publisher could not be read; queued for a browser pass,unread,true,,,,,the publisher could not be read; queued for a browser pass,unread,true,,,,,the publisher could not be read; queued for a browser pass,false
batteries,te24:Basquevolt Alava,Basquevolt Alava,,Basquevolt Alava,,named not admitted,,,,,1,true,false,pass,true,sources/batteries_benchmark.json,owner or permit source,2026-09-12,day,the census read an owner or permit source that names the site and the perimeter still refuses the entry,fail,true,sources/batteries_benchmark.json,eufabric census,2026-09-12,day,no owner document on file; the census is the record of looking,fail,true,sources/batteries_benchmark.json,eufabric census,2026-09-12,day,no owner document on file; the census is the record of looking,fail,true,sources/funder_pass.json,eufabric funder pass,2026-09-19,day,the funder lists of sources/funder_pass.json — the Innovation Fund's own project table of 413 projects and 163 of its factsheets — name no award for this entry,fail,true,sources/batteries_benchmark.json,eufabric census,2026-09-12,day,no owner document on file; the census is the record of looking,not_searched,false,sources/edges.json,eufabric dependency sweep,2026-09-11,day,"no register row, so no owner side to sweep; the graph names no edge for this entry",false
batteries,te24:AMTE Power Thurso,AMTE Power Thurso,,AMTE Power Thurso,,unreadable,,,,,0,false,true,unread,true,,,,,the publisher could not be read; queued for a browser pass,unread,true,,,,,the publisher could not be read; queued for a browser pass,unread,true,,,,,the publisher could not be read; queued for a browser pass,unread,true,,,,,the publisher could not be read; queued for a browser pass,unread,true,,,,,the publisher could not be read; queued for a browser pass,unread,true,,,,,the publisher could not be read; queued for a browser pass,false
batteries,te24:FAAM Teverola,FAAM Teverola,,FAAM Teverola,,searched none found,,,,,0,true,false,fail,true,sources/batteries_benchmark.json,eufabric census,2026-09-12,day,the census read the owner's own sources and none names a site for this project,fail,true,sources/batteries_benchmark.json,eufabric census,2026-09-12,day,no owner document on file; the census is the record of looking,fail,true,sources/batteries_benchmark.json,eufabric census,2026-09-12,day,no owner document on file; the census is the record of looking,fail,true,sources/funder_pass.json,eufabric funder pass,2026-09-19,day,the funder lists of sources/funder_pass.json — the Innovation Fund's own project table of 413 projects and 163 of its factsheets — name no award for this entry,fail,true,sources/batteries_benchmark.json,eufabric census,2026-09-12,day,no owner document on file; the census is the record of looking,not_searched,false,sources/edges.json,eufabric dependency sweep,2026-09-11,day,"no register row, so no owner side to sweep; the graph names no edge for this entry",false
batteries,te24:Swiss Clean Battery Domat-Ems,Swiss Clean Battery Domat-Ems,,Swiss Clean Battery Domat-Ems,,searched none found,,,,,0,true,false,fail,true,sources/batteries_benchmark.json,eufabric census,2026-09-12,day,the census read the owner's own sources and none names a site for this project,fail,true,sources/batteries_benchmark.json,eufabric census,2026-09-12,day,no owner document on file; the census is the record of looking,fail,true,sources/batteries_benchmark.json,eufabric census,2026-09-12,day,no owner document on file; the census is the record of looking,fail,true,sources/funder_pass.json,eufabric funder pass,2026-09-19,day,the funder lists of sources/funder_pass.json — the Innovation Fund's own project table of 413 projects and 163 of its factsheets — name no award for this entry,fail,true,sources/batteries_benchmark.json,eufabric census,2026-09-12,day,no owner document on file; the census is the record of looking,not_searched,false,sources/edges.json,eufabric dependency sweep,2026-09-11,day,"no register row, so no owner side to sweep; the graph names no edge for this entry",false
batteries,row:leclanche-willstatt,leclanche-willstatt,leclanche-willstatt,Leclanché Willstätt,DE,held,,2.5,GWh a year,,1,true,false,fail,true,sources/batteries_benchmark.json,eufabric census,2026-09-12,day,the census read the owner's own sources and none names a site for this project,fail,true,sources/batteries_benchmark.json,eufabric census,2026-09-12,day,no owner document on file; the census is the record of looking,fail,true,sources/batteries_benchmark.json,eufabric census,2026-09-12,day,no owner document on file; the census is the record of looking,pass,true,https://ec.europa.eu/assets/cinea/project_fiches/innovation_fund/101252246.pdf,"European Commission (CINEA), Innovation Fund",2024,year,"Innovation Fund, IF24 Battery Call - Electric vehicle battery cell production names 'WGF2G: Willstatt GigaFactory 2 GWh' at EUR 74,217,852; the funder's own status is Grant signed; matched on the fiche's project is 'Willstatt GigaFactory 2 GWh' and its coordinator is LECLANCHE GMBH — the works' own name is in the award's",fail,true,sources/batteries_benchmark.json,eufabric census,2026-09-12,day,no owner document on file; the census is the record of looking,not_searched,false,sources/edges.json,eufabric dependency sweep,2026-09-11,day,"no register row, so no owner side to sweep; the graph names no edge for this entry",false
batteries,te24:Varta Ellwangen,Varta Ellwangen,,Varta Ellwangen,,perimeter exclusion,,,,,0,false,false,not_searched,false,sources/batteries_benchmark.json,eufabric census,2026-09-12,day,out of perimeter; not scored,not_searched,false,sources/batteries_benchmark.json,eufabric census,2026-09-12,day,out of perimeter; not scored,not_searched,false,sources/batteries_benchmark.json,eufabric census,2026-09-12,day,out of perimeter; not scored,not_searched,false,sources/batteries_benchmark.json,eufabric census,2026-09-12,day,out of perimeter; not scored,not_searched,false,sources/batteries_benchmark.json,eufabric census,2026-09-12,day,out of perimeter; not scored,not_searched,false,sources/batteries_benchmark.json,eufabric census,2026-09-12,day,out of perimeter; not scored,false
batteries,te24:Others,Others,,Others,,benchmark aggregate,,,,,0,false,false,not_searched,false,sources/batteries_benchmark.json,eufabric census,2026-09-12,day,a list line that is not one works; not scored,not_searched,false,sources/batteries_benchmark.json,eufabric census,2026-09-12,day,a list line that is not one works; not scored,not_searched,false,sources/batteries_benchmark.json,eufabric census,2026-09-12,day,a list line that is not one works; not scored,not_searched,false,sources/batteries_benchmark.json,eufabric census,2026-09-12,day,a list line that is not one works; not scored,not_searched,false,sources/batteries_benchmark.json,eufabric census,2026-09-12,day,a list line that is not one works; not scored,not_searched,false,sources/batteries_benchmark.json,eufabric census,2026-09-12,day,a list line that is not one works; not scored,false
batteries,bn26:Volvo Mariestad,Volvo Mariestad,,Volvo Mariestad,SE,searched none found,,X,GWh a year,,0,true,false,fail,true,sources/batteries_benchmark.json,eufabric census,2026-09-12,day,the census read the owner's own sources and none names a site for this project,fail,true,sources/batteries_benchmark.json,eufabric census,2026-09-12,day,no owner document on file; the census is the record of looking,fail,true,sources/batteries_benchmark.json,eufabric census,2026-09-12,day,no owner document on file; the census is the record of looking,fail,true,sources/funder_pass.json,eufabric funder pass,2026-09-19,day,the funder lists of sources/funder_pass.json — the Innovation Fund's own project table of 413 projects and 163 of its factsheets — name no award for this entry,fail,true,sources/batteries_benchmark.json,eufabric census,2026-09-12,day,no owner document on file; the census is the record of looking,not_searched,false,sources/edges.json,eufabric dependency sweep,2026-09-11,day,"no register row, so no owner side to sweep; the graph names no edge for this entry",false
batteries,bn26:TIAMAT Douvrin,TIAMAT Douvrin,,TIAMAT Douvrin,FR,named not admitted,,5,GWh a year,,1,true,false,pass,true,sources/batteries_benchmark.json,owner or permit source,2026-09-12,day,the census read an owner or permit source that names the site and the perimeter still refuses the entry,fail,true,sources/batteries_benchmark.json,eufabric census,2026-09-12,day,no owner document on file; the census is the record of looking,fail,true,sources/batteries_benchmark.json,eufabric census,2026-09-12,day,no owner document on file; the census is the record of looking,fail,true,sources/funder_pass.json,eufabric funder pass,2026-09-19,day,the funder lists of sources/funder_pass.json — the Innovation Fund's own project table of 413 projects and 163 of its factsheets — name no award for this entry,fail,true,sources/batteries_benchmark.json,eufabric census,2026-09-12,day,no owner document on file; the census is the record of looking,not_searched,false,sources/edges.json,eufabric dependency sweep,2026-09-11,day,"no register row, so no owner side to sweep; the graph names no edge for this entry",false
batteries,bn26:Blue Solutions Quimper,Blue Solutions Quimper,,Blue Solutions Quimper,FR,searched none found,,25,GWh a year,,0,true,false,fail,true,sources/batteries_benchmark.json,eufabric census,2026-09-12,day,the census read the owner's own sources and none names a site for this project,fail,true,sources/batteries_benchmark.json,eufabric census,2026-09-12,day,no owner document on file; the census is the record of looking,fail,true,sources/batteries_benchmark.json,eufabric census,2026-09-12,day,no owner document on file; the census is the record of looking,fail,true,sources/funder_pass.json,eufabric funder pass,2026-09-19,day,the funder lists of sources/funder_pass.json — the Innovation Fund's own project table of 413 projects and 163 of its factsheets — name no award for this entry,fail,true,sources/batteries_benchmark.json,eufabric census,2026-09-12,day,no owner document on file; the census is the record of looking,not_searched,false,sources/edges.json,eufabric dependency sweep,2026-09-11,day,"no register row, so no owner side to sweep; the graph names no edge for this entry",false
batteries,bn26:ProLogium Dunkirk,ProLogium Dunkirk,,ProLogium Dunkirk,FR,searched none found,,16,GWh a year,,0,true,false,fail,true,sources/batteries_benchmark.json,eufabric census,2026-09-12,day,the census read the owner's own sources and none names a site for this project,fail,true,sources/batteries_benchmark.json,eufabric census,2026-09-12,day,no owner document on file; the census is the record of looking,fail,true,sources/batteries_benchmark.json,eufabric census,2026-09-12,day,no owner document on file; the census is the record of looking,fail,true,sources/funder_pass.json,eufabric funder pass,2026-09-19,day,the funder lists of sources/funder_pass.json — the Innovation Fund's own project table of 413 projects and 163 of its factsheets — name no award for this entry,fail,true,sources/batteries_benchmark.json,eufabric census,2026-09-12,day,no owner document on file; the census is the record of looking,not_searched,false,sources/edges.json,eufabric dependency sweep,2026-09-11,day,"no register row, so no owner side to sweep; the graph names no edge for this entry",false
batteries,bn26:BASQUEVOLT Vitoria-Gasteiz,BASQUEVOLT Vitoria-Gasteiz,,BASQUEVOLT Vitoria-Gasteiz,ES,named not admitted,,10,GWh a year,,1,true,false,pass,true,sources/batteries_benchmark.json,owner or permit source,2026-09-12,day,the census read an owner or permit source that names the site and the perimeter still refuses the entry,fail,true,sources/batteries_benchmark.json,eufabric census,2026-09-12,day,no owner document on file; the census is the record of looking,fail,true,sources/batteries_benchmark.json,eufabric census,2026-09-12,day,no owner document on file; the census is the record of looking,fail,true,sources/funder_pass.json,eufabric funder pass,2026-09-19,day,the funder lists of sources/funder_pass.json — the Innovation Fund's own project table of 413 projects and 163 of its factsheets — name no award for this entry,fail,true,sources/batteries_benchmark.json,eufabric census,2026-09-12,day,no owner document on file; the census is the record of looking,not_searched,false,sources/edges.json,eufabric dependency sweep,2026-09-11,day,"no register row, so no owner side to sweep; the graph names no edge for this entry",false
batteries,row:catl-stellantis-zaragoza,catl-stellantis-zaragoza,catl-stellantis-zaragoza,CATL / STELLANTIS Zaragoza,ES,held,,50,GWh_per_year,,3,true,false,pass,true,https://www.stellantis.com/en/news/press-releases/2024/december/stellantis-and-calt-to-invest-up-to-4-1-billion-in-joint-venture-for-large-scale-lfp-battery-plant-in-spain,owner,2024-12-10,day,row carries a position from a company or permit source,pass,true,https://www.stellantis.com/en/news/press-releases/2024/december/stellantis-and-calt-to-invest-up-to-4-1-billion-in-joint-venture-for-large-scale-lfp-battery-plant-in-spain,owner,2024-12-10,day,50 GWh_per_year as stated,fail,true,https://www.stellantis.com/en/news/press-releases/2024/december/stellantis-and-calt-to-invest-up-to-4-1-billion-in-joint-venture-for-large-scale-lfp-battery-plant-in-spain,owner,2024-12-10,day,no owner statement that FID has been taken,fail,true,sources/funder_pass.json,eufabric funder pass,2026-09-19,day,the funder lists of sources/funder_pass.json — the Innovation Fund's own project table of 413 projects and 163 of its factsheets — name no award for this entry,pass,true,https://www.stellantis.com/en/news/press-releases/2024/december/stellantis-and-calt-to-invest-up-to-4-1-billion-in-joint-venture-for-large-scale-lfp-battery-plant-in-spain,company,2024-12-10,day,production_start 2026 at year precision,fail,true,sources/edges.json,eufabric dependency sweep,2026-09-11,day,"no edge in the dependency graph names this project; the date is the graph's newest statement, not a sweep date",true
batteries,bn26:InoBat Valladolid,InoBat Valladolid,,InoBat Valladolid,ES,named not admitted,,32,GWh a year,,1,true,false,pass,true,sources/batteries_benchmark.json,owner or permit source,2026-09-12,day,the census read an owner or permit source that names the site and the perimeter still refuses the entry,fail,true,sources/batteries_benchmark.json,eufabric census,2026-09-12,day,no owner document on file; the census is the record of looking,fail,true,sources/batteries_benchmark.json,eufabric census,2026-09-12,day,no owner document on file; the census is the record of looking,fail,true,sources/funder_pass.json,eufabric funder pass,2026-09-19,day,the funder lists of sources/funder_pass.json — the Innovation Fund's own project table of 413 projects and 163 of its factsheets — name no award for this entry,fail,true,sources/batteries_benchmark.json,eufabric census,2026-09-12,day,no owner document on file; the census is the record of looking,not_searched,false,sources/edges.json,eufabric dependency sweep,2026-09-11,day,"no register row, so no owner side to sweep; the graph names no edge for this entry",false
batteries,bn26:BEYONDER Rogaland,BEYONDER Rogaland,,BEYONDER Rogaland,NO,unreadable,,X,GWh a year,,0,false,true,unread,true,,,,,the publisher could not be read; queued for a browser pass,unread,true,,,,,the publisher could not be read; queued for a browser pass,unread,true,,,,,the publisher could not be read; queued for a browser pass,unread,true,,,,,the publisher could not be read; queued for a browser pass,unread,true,,,,,the publisher could not be read; queued for a browser pass,unread,true,,,,,the publisher could not be read; queued for a browser pass,false
batteries,bn26:EAS Nordhausen,EAS Nordhausen,,EAS Nordhausen,DE,named not admitted,,0.5,GWh a year,,1,true,false,pass,true,sources/batteries_benchmark.json,owner or permit source,2026-09-12,day,the census read an owner or permit source that names the site and the perimeter still refuses the entry,fail,true,sources/batteries_benchmark.json,eufabric census,2026-09-12,day,no owner document on file; the census is the record of looking,fail,true,sources/batteries_benchmark.json,eufabric census,2026-09-12,day,no owner document on file; the census is the record of looking,fail,true,sources/funder_pass.json,eufabric funder pass,2026-09-19,day,the funder lists of sources/funder_pass.json — the Innovation Fund's own project table of 413 projects and 163 of its factsheets — name no award for this entry,fail,true,sources/batteries_benchmark.json,eufabric census,2026-09-12,day,no owner document on file; the census is the record of looking,not_searched,false,sources/edges.json,eufabric dependency sweep,2026-09-11,day,"no register row, so no owner side to sweep; the graph names no edge for this entry",false
batteries,row:univercell-flintbek,univercell-flintbek,univercell-flintbek,UniverCell Flintbek,DE,admitted,,1.5,GWh_per_year,,3,true,false,pass,true,https://www.univercell.de/unternehmen,UniverCell Holding GmbH,2026-09-12,day,the admitting source names the site as 'Flintbek',pass,true,https://www.univercell.de/unternehmen,owner,2026-09-12,day,1.5 GWh_per_year as stated,pass,true,https://www.univercell.de/unternehmen,owner,2026-09-12,day,status_to operating,fail,true,sources/funder_pass.json,eufabric funder pass,2026-09-19,day,the funder lists of sources/funder_pass.json — the Innovation Fund's own project table of 413 projects and 163 of its factsheets — name no award for this entry,fail,true,https://www.univercell.de/unternehmen,owner,2026-09-12,day,no owner-stated start carrying a date precision,not_searched,false,sources/edges.json,eufabric dependency sweep,2026-09-11,day,"the dependency sweep of brief 9 did not reach this row: it is not in `owner_side`, so no supplier question has been asked of it",true
batteries,bn26:V4SMART Nördlingen,V4SMART Nördlingen,,V4SMART Nördlingen,DE,searched none found,,X,GWh a year,,0,true,false,fail,true,sources/batteries_benchmark.json,eufabric census,2026-09-12,day,the census read the owner's own sources and none names a site for this project,fail,true,sources/batteries_benchmark.json,eufabric census,2026-09-12,day,no owner document on file; the census is the record of looking,fail,true,sources/batteries_benchmark.json,eufabric census,2026-09-12,day,no owner document on file; the census is the record of looking,fail,true,sources/funder_pass.json,eufabric funder pass,2026-09-19,day,the funder lists of sources/funder_pass.json — the Innovation Fund's own project table of 413 projects and 163 of its factsheets — name no award for this entry,fail,true,sources/batteries_benchmark.json,eufabric census,2026-09-12,day,no owner document on file; the census is the record of looking,not_searched,false,sources/edges.json,eufabric dependency sweep,2026-09-11,day,"no register row, so no owner side to sweep; the graph names no edge for this entry",false
batteries,bn26:InoBat Voderady,InoBat Voderady,,InoBat Voderady,SK,perimeter exclusion,,10,GWh a year,,0,false,false,not_searched,false,sources/batteries_benchmark.json,eufabric census,2026-09-12,day,out of perimeter; not scored,not_searched,false,sources/batteries_benchmark.json,eufabric census,2026-09-12,day,out of perimeter; not scored,not_searched,false,sources/batteries_benchmark.json,eufabric census,2026-09-12,day,out of perimeter; not scored,not_searched,false,sources/batteries_benchmark.json,eufabric census,2026-09-12,day,out of perimeter; not scored,not_searched,false,sources/batteries_benchmark.json,eufabric census,2026-09-12,day,out of perimeter; not scored,not_searched,false,sources/batteries_benchmark.json,eufabric census,2026-09-12,day,out of perimeter; not scored,false
batteries,bn26:SK innovation Komarom & Ivancsa,SK innovation Komarom & Ivancsa,,SK innovation Komarom & Ivancsa,HU,held,,47.3,GWh a year,,0,true,false,fail,true,sources/batteries_benchmark.json,eufabric census,2026-09-12,day,the census read the owner's own sources and none names a site for this project,fail,true,sources/batteries_benchmark.json,eufabric census,2026-09-12,day,no owner document on file; the census is the record of looking,fail,true,sources/batteries_benchmark.json,eufabric census,2026-09-12,day,no owner document on file; the census is the record of looking,fail,true,sources/funder_pass.json,eufabric funder pass,2026-09-19,day,the funder lists of sources/funder_pass.json — the Innovation Fund's own project table of 413 projects and 163 of its factsheets — name no award for this entry,fail,true,sources/batteries_benchmark.json,eufabric census,2026-09-12,day,no owner document on file; the census is the record of looking,not_searched,false,sources/edges.json,eufabric dependency sweep,2026-09-11,day,"no register row, so no owner side to sweep; the graph names no edge for this entry",false
batteries,row:sunwoda-nyiregyhaza,sunwoda-nyiregyhaza,sunwoda-nyiregyhaza,SUNWODA Nyiregyhaza,HU,held,,X,GWh a year,,2,true,false,pass,true,https://en.sunwoda.com/article/1345/9.html,owner,2023-08-10,day,row carries a position from a company or permit source,fail,true,https://en.sunwoda.com/article/1345/9.html,owner,2023-08-10,day,no capacity stated by the owner on file,pass,true,https://kormany.hu/hirek/a-kinai-sunwoda-580-milliard-forintos-beruhazassal-nyiregyhazan-epiti-fel-elso-europai-uzemet,owner,2023-07-27,day,status_to construction,fail,true,sources/funder_pass.json,eufabric funder pass,2026-09-19,day,the funder lists of sources/funder_pass.json — the Innovation Fund's own project table of 413 projects and 163 of its factsheets — name no award for this entry,fail,true,https://en.sunwoda.com/article/1345/9.html,owner,2023-08-10,day,no owner-stated start carrying a date precision,fail,true,sources/edges.json,eufabric dependency sweep,2026-09-11,day,"no edge in the dependency graph names this project; the date is the graph's newest statement, not a sweep date",true
batteries,bn26:FAAM Terevola,FAAM Terevola,,FAAM Terevola,IT,searched none found,,8,GWh a year,,0,true,false,fail,true,sources/batteries_benchmark.json,eufabric census,2026-09-12,day,the census read the owner's own sources and none names a site for this project,fail,true,sources/batteries_benchmark.json,eufabric census,2026-09-12,day,no owner document on file; the census is the record of looking,fail,true,sources/batteries_benchmark.json,eufabric census,2026-09-12,day,no owner document on file; the census is the record of looking,fail,true,sources/funder_pass.json,eufabric funder pass,2026-09-19,day,the funder lists of sources/funder_pass.json — the Innovation Fund's own project table of 413 projects and 163 of its factsheets — name no award for this entry,fail,true,sources/batteries_benchmark.json,eufabric census,2026-09-12,day,no owner document on file; the census is the record of looking,not_searched,false,sources/edges.json,eufabric dependency sweep,2026-09-11,day,"no register row, so no owner side to sweep; the graph names no edge for this entry",false
batteries,bn26:InoBat Serbia,InoBat Serbia,,InoBat Serbia,RS,searched none found,,32,GWh a year,,0,true,false,fail,true,sources/batteries_benchmark.json,eufabric census,2026-09-12,day,the census read the owner's own sources and none names a site for this project,fail,true,sources/batteries_benchmark.json,eufabric census,2026-09-12,day,no owner document on file; the census is the record of looking,fail,true,sources/batteries_benchmark.json,eufabric census,2026-09-12,day,no owner document on file; the census is the record of looking,fail,true,sources/funder_pass.json,eufabric funder pass,2026-09-19,day,the funder lists of sources/funder_pass.json — the Innovation Fund's own project table of 413 projects and 163 of its factsheets — name no award for this entry,fail,true,sources/batteries_benchmark.json,eufabric census,2026-09-12,day,no owner document on file; the census is the record of looking,not_searched,false,sources/edges.json,eufabric dependency sweep,2026-09-11,day,"no register row, so no owner side to sweep; the graph names no edge for this entry",false
batteries,row:italvolt-scarmagno,italvolt-scarmagno,italvolt-scarmagno,Italvolt Scarmagno,IT,admitted,,45,GWh_per_year,,2,true,false,pass,true,https://www.bestmag.co.uk/battery-gigafactories-facing-a-temporary-dip-or-a-full-scale-crisis/,owner,2024-11-20,day,row carries a position from a company or permit source,pass,true,https://www.prnewswire.com/news-releases/italvolt-signs-one-million-square-meters-land-purchasing-agreement-301373280.html,owner,2021-09-10,day,45 GWh_per_year as stated,fail,true,https://www.bestmag.co.uk/battery-gigafactories-facing-a-temporary-dip-or-a-full-scale-crisis/,owner,2024-11-20,day,no owner statement that FID has been taken,fail,true,sources/funder_pass.json,eufabric funder pass,2026-09-19,day,the funder lists of sources/funder_pass.json — the Innovation Fund's own project table of 413 projects and 163 of its factsheets — name no award for this entry,fail,true,https://www.bestmag.co.uk/battery-gigafactories-facing-a-temporary-dip-or-a-full-scale-crisis/,owner,2024-11-20,day,no owner-stated start carrying a date precision,fail,true,sources/edges.json,eufabric dependency sweep,2026-09-11,day,"no edge in the dependency graph names this project; the date is the graph's newest statement, not a sweep date",true
batteries,row:farasis-bitterfeld,farasis-bitterfeld,farasis-bitterfeld,Farasis Energy Bitterfeld-Wolfen,DE,admitted,,,,,1,true,false,pass,true,https://www.elektroniknet.de/automotive/wirtschaft/vorerst-keine-batteriezellen-fabrik-in-sachsen-anhalt.7b440f0f-b0a9-4fbc-b65c-ac6a845cc0a4.html,Elektronik (WEKA Fachmedien),2022-05-24,day,the admitting source names the site as 'Bitterfeld-Wolfen',fail,true,https://www.elektroniknet.de/automotive/wirtschaft/vorerst-keine-batteriezellen-fabrik-in-sachsen-anhalt.7b440f0f-b0a9-4fbc-b65c-ac6a845cc0a4.html,owner,2022-05-24,day,no capacity stated by the owner on file,fail,true,https://www.elektroniknet.de/automotive/wirtschaft/vorerst-keine-batteriezellen-fabrik-in-sachsen-anhalt.7b440f0f-b0a9-4fbc-b65c-ac6a845cc0a4.html,owner,2022-05-24,day,no owner statement that FID has been taken,fail,true,sources/funder_pass.json,eufabric funder pass,2026-09-19,day,the funder lists of sources/funder_pass.json — the Innovation Fund's own project table of 413 projects and 163 of its factsheets — name no award for this entry,fail,true,https://www.elektroniknet.de/automotive/wirtschaft/vorerst-keine-batteriezellen-fabrik-in-sachsen-anhalt.7b440f0f-b0a9-4fbc-b65c-ac6a845cc0a4.html,owner,2022-05-24,day,no owner-stated start carrying a date precision,fail,true,sources/edges.json,eufabric dependency sweep,2026-09-11,day,"no edge in the dependency graph names this project; the date is the graph's newest statement, not a sweep date",true
batteries,row:britishvolt-blyth,britishvolt-blyth,britishvolt-blyth,"Britishvolt Cambois, Blyth",GB,admitted,,35,GWh_per_year,,2,true,false,pass,true,https://find-and-update.company-information.service.gov.uk/company/12381543/insolvency,Companies House,2026-09-06,day,"the admitting source names the site as 'Cambois, Blyth'",pass,true,https://www.prnewswire.com/news-releases/britishvolt-selects-north-east-site-to-build-britains-first-battery-gigafactory-301190809.html,owner,2020-12-10,day,35 GWh_per_year as stated,fail,true,https://find-and-update.company-information.service.gov.uk/company/12381543/insolvency,owner,2026-09-06,day,no owner statement that FID has been taken,fail,true,sources/funder_pass.json,eufabric funder pass,2026-09-19,day,the funder lists of sources/funder_pass.json — the Innovation Fund's own project table of 413 projects and 163 of its factsheets — name no award for this entry,fail,true,https://find-and-update.company-information.service.gov.uk/company/12381543/insolvency,owner,2026-09-06,day,no owner-stated start carrying a date precision,fail,true,sources/edges.json,eufabric dependency sweep,2026-09-11,day,"no edge in the dependency graph names this project; the date is the graph's newest statement, not a sweep date",true
cement,ieaccus:72,72,c2pat-mannersdorf,Carbon2ProductAustria (C2PAT) - Lafarge Mannersdorf,Austria,admitted,Planned,700000,t_co2_per_year,,2,true,false,pass,true,https://www.borealisgroup.com/news/lafarge-omv-verbund-and-borealis-join-hands-to-capture-and-utilize-co2-on-an-industrial-scale,Borealis,2026-09-14,not_after,the admitting source names the site as 'Mannersdorf',pass,true,https://www.borealisgroup.com/news/lafarge-omv-verbund-and-borealis-join-hands-to-capture-and-utilize-co2-on-an-industrial-scale,owner,2026-09-14,not_after,700000 t_co2_per_year as stated,fail,true,https://www.borealisgroup.com/news/lafarge-omv-verbund-and-borealis-join-hands-to-capture-and-utilize-co2-on-an-industrial-scale,owner,2026-09-14,not_after,no owner statement that FID has been taken,fail,true,sources/funder_pass.json,eufabric funder pass,2026-09-19,day,the funder lists of sources/funder_pass.json — the Innovation Fund's own project table of 413 projects and 163 of its factsheets — name no award for this entry,fail,true,https://www.borealisgroup.com/news/lafarge-omv-verbund-and-borealis-join-hands-to-capture-and-utilize-co2-on-an-industrial-scale,owner,2026-09-14,not_after,no owner-stated start carrying a date precision,not_searched,false,sources/edges.json,eufabric dependency sweep,2026-09-11,day,"the dependency sweep of brief 9 did not reach this row: it is not in `owner_side`, so no supplier question has been asked of it",true
cement,ieaccus:79,79,slite-ccs,Cementa Slite plant,Sweden,held,Planned,1.8,Mt CO2 a year,,1,true,false,pass,true,https://www.globalcement.com/news/20531-heidelberg-materials-withdraws-slite-ccs-permit-application,owner,2026-01-01,day,row carries a position from a company or permit source,fail,true,https://www.globalcement.com/news/20531-heidelberg-materials-withdraws-slite-ccs-permit-application,owner,2026-01-01,day,no capacity stated by the owner on file,fail,true,https://www.globalcement.com/news/20531-heidelberg-materials-withdraws-slite-ccs-permit-application,owner,2026-01-01,day,no owner statement that FID has been taken,fail,true,sources/funder_pass.json,eufabric funder pass,2026-09-19,day,the funder lists of sources/funder_pass.json — the Innovation Fund's own project table of 413 projects and 163 of its factsheets — name no award for this entry,fail,true,https://www.globalcement.com/news/20531-heidelberg-materials-withdraws-slite-ccs-permit-application,owner,2026-01-01,day,no owner-stated start carrying a date precision,fail,true,sources/edges.json,eufabric dependency sweep,2026-09-11,day,"no edge in the dependency graph names this project; the date is the graph's newest statement, not a sweep date",true
cement,ieaccus:201,201,brevik-ccs,HeidelbergMaterials Brevik,Norway,held,Operational,400000,t_co2_per_year,,4,true,false,pass,true,https://www.heidelbergmaterials.com/en/pr-2025-06-18,owner,2025-06-18,day,row carries a position from a company or permit source,pass,true,https://www.heidelbergmaterials.com/en/pr-2025-06-18,owner,2025-06-18,day,400000 t_co2_per_year as stated,pass,true,https://www.heidelbergmaterials.com/en/pr-2025-06-18,owner,2025-06-18,day,status_to operating,fail,true,sources/funder_pass.json,eufabric funder pass,2026-09-19,day,the funder lists of sources/funder_pass.json — the Innovation Fund's own project table of 413 projects and 163 of its factsheets — name no award for this entry,fail,true,https://www.heidelbergmaterials.com/en/pr-2025-06-18,owner,2025-06-18,day,no owner-stated start carrying a date precision,pass,true,https://capturi.slb.com/resources/news/2025/slb-capturi-achieves-first-1000-metric-tons-co2-captured-at-brevik-carbon-capture-plant,supplier,2025-05-12,day,equipment_order at firmness contract,true
cement,ieaccus:202,202,leilac2-hannover,Heidelberg Materials LEILAC 2,Germany,admitted,Under construction,100000,t_co2_per_year,,2,true,false,pass,true,https://www.heidelbergcement.com/en/pr-01-02-2021,HeidelbergCement,2021-02-01,day,the admitting source names the site as 'Hannover',pass,true,https://www.heidelbergcement.com/en/pr-01-02-2021,owner,2021-02-01,day,100000 t_co2_per_year as stated,fail,true,https://www.heidelbergcement.com/en/pr-01-02-2021,owner,2021-02-01,day,no owner statement that FID has been taken,fail,true,sources/funder_pass.json,eufabric funder pass,2026-09-19,day,the funder lists of sources/funder_pass.json — the Innovation Fund's own project table of 413 projects and 163 of its factsheets — name no award for this entry,fail,true,https://www.heidelbergcement.com/en/pr-01-02-2021,owner,2021-02-01,day,no owner-stated start carrying a date precision,not_searched,false,sources/edges.json,eufabric dependency sweep,2026-09-11,day,"the dependency sweep of brief 9 did not reach this row: it is not in `owner_side`, so no supplier question has been asked of it",true
cement,ieaccus:207,207,carbon2business-lagerdorf,Carbon2Business Laegerdorf,Germany,held,Planned,1200000,t_co2_per_year,,5,true,false,pass,true,https://www.holcim.com/what-we-do/green-operations/ccus/carbon2business,owner,2024-04-22,day,row carries a position from a company or permit source,pass,true,https://www.holcim.com/what-we-do/green-operations/ccus/carbon2business,owner,2024-04-22,day,1200000 t_co2_per_year as stated,pass,true,https://www.holcim.com/what-we-do/green-operations/ccus/carbon2business,owner,2024-04-22,day,status_to construction,pass,true,https://ec.europa.eu/assets/cinea/project_fiches/innovation_fund/101085879.pdf,"European Commission (CINEA), Innovation Fund",2021,year,"Innovation Fund, 2021 Large-scale names 'C2B: Carbon2Business' at EUR 109,816,528; the funder's own status is Grant signed; matched on the fiche names Lägerdorf and the coordinator is HOLCIM DEUTSCHLAND GMBH",pass,true,https://www.holcim.com/what-we-do/green-operations/ccus/carbon2business,company,2024-04-22,day,production_start 2029 at year precision,fail,true,sources/edges.json,eufabric dependency sweep,2026-09-11,day,"no edge in the dependency graph names this project; the date is the graph's newest statement, not a sweep date",true
cement,ieaccus:236,236,k6-lumbres,K6 Program- Lumbres cement plant,France,held,Planned,0.81,Mt CO2 a year,,3,true,false,pass,true,https://www.eqiom.com/actus/projet-k6-lancement-de-la-premiere-phase,owner,2024-02-15,day,row carries a position from a company or permit source,fail,true,https://www.eqiom.com/actus/projet-k6-lancement-de-la-premiere-phase,owner,2024-02-15,day,no capacity stated by the owner on file,pass,true,https://www.eqiom.com/actus/projet-k6-lancement-de-la-premiere-phase,owner,2024-02-15,day,status_to construction,pass,true,https://ec.europa.eu/assets/cinea/project_fiches/innovation_fund/101051358.pdf,"European Commission (CINEA), Innovation Fund",2020,year,"Innovation Fund, 2020 Large-scale names 'K6 Program' at EUR 153,386,598; the funder's own status is Grant signed; matched on the funder's own project name is K6 and its coordinator is EQIOM, which are the row's project and owner",fail,true,https://www.eqiom.com/actus/projet-k6-lancement-de-la-premiere-phase,owner,2024-02-15,day,no owner-stated start carrying a date precision,fail,true,sources/edges.json,eufabric dependency sweep,2026-09-11,day,"no edge in the dependency graph names this project; the date is the graph's newest statement, not a sweep date",true
cement,ieaccus:303,303,padeswood-ccs,Hanson Padeswood Cement Works CCS,United Kingdom,admitted,Under construction,800000,t_co2_per_year,,3,true,false,pass,true,https://www.heidelbergmaterials.com/en/pr-2025-09-25,Heidelberg Materials,2025-09-25,day,the admitting source names the site as 'Padeswood',pass,true,https://www.mhi.com/news/22121502.html,owner,2022-12-15,day,800000 t_co2_per_year as stated,pass,true,https://www.heidelbergmaterials.com/en/pr-2025-09-25,owner,2025-09-25,day,status_to fid,fail,true,sources/funder_pass.json,eufabric funder pass,2026-09-19,day,the funder lists of sources/funder_pass.json — the Innovation Fund's own project table of 413 projects and 163 of its factsheets — name no award for this entry,fail,true,https://www.heidelbergmaterials.com/en/pr-2025-09-25,owner,2025-09-25,day,no owner-stated start carrying a date precision,not_searched,false,sources/edges.json,eufabric dependency sweep,2026-09-11,day,"the dependency sweep of brief 9 did not reach this row: it is not in `owner_side`, so no supplier question has been asked of it",true
cement,ieaccus:539,539,cyclonecc-rudersdorf,Carbon Clean CEMEX Rudersdorf plant phase 1,Germany,admitted,Planned,100,t_co2_per_day,,2,true,false,pass,true,https://www.carbonclean.com/news/kbr-carbonclean,Carbon Clean,2022-07-19,day,the admitting source names the site as 'Ruedersdorf',pass,true,https://www.carbonclean.com/news/kbr-carbonclean,owner,2022-07-19,day,100 t_co2_per_day as stated,fail,true,https://www.carbonclean.com/news/kbr-carbonclean,owner,2022-07-19,day,no owner statement that FID has been taken,fail,true,sources/funder_pass.json,eufabric funder pass,2026-09-19,day,the funder lists of sources/funder_pass.json — the Innovation Fund's own project table of 413 projects and 163 of its factsheets — name no award for this entry,fail,true,https://www.carbonclean.com/news/kbr-carbonclean,owner,2022-07-19,day,no owner-stated start carrying a date precision,not_searched,false,sources/edges.json,eufabric dependency sweep,2026-09-11,day,"the dependency sweep of brief 9 did not reach this row: it is not in `owner_side`, so no supplier question has been asked of it",true
cement,ieaccus:540,540,co2llect-rudersdorf,Cemex Rudersdorf CO2llect,Germany,admitted,Planned,1300000,t_co2_per_year,,3,true,false,pass,true,https://www.co2llect.de/en/project/,CO2LLECT,2026-09-14,not_after,the admitting source names the site as 'Ruedersdorf',pass,true,https://www.co2llect.de/en/project/,owner,2026-09-14,not_after,1300000 t_co2_per_year as stated,fail,true,https://www.co2llect.de/en/project/,owner,2026-09-14,not_after,no owner statement that FID has been taken,pass,true,https://ec.europa.eu/assets/cinea/project_fiches/innovation_fund/101191027.pdf,"European Commission (CINEA), Innovation Fund",2023,year,"Innovation Fund, IF23Call – General large-scale names 'CO2LLECT : Innovation in Carbon Capture and Transport' at EUR 157,116,975; the funder's own status is Grant signed; matched on the fiche names ""Germany's largest cement plant in Rüdersdorf"" and the coordinator is CEMEX ZEMENT GMBH",fail,true,https://www.co2llect.de/en/project/,owner,2026-09-14,not_after,no owner-stated start carrying a date precision,not_searched,false,sources/edges.json,eufabric dependency sweep,2026-09-11,day,"the dependency sweep of brief 9 did not reach this row: it is not in `owner_side`, so no supplier question has been asked of it",true
cement,ieaccus:556,556,hoever-ccs,Hover cement works Hannover phase 2,Germany,admitted,Planned,0.8,Mt CO2 a year,,1,true,false,pass,true,https://www.holcim.de/meilenstein-zukunftsfaehige-zementproduktion-hoever,Holcim Deutschland,2026-08-21,day,the admitting source names the site as 'Hoever',fail,true,https://www.holcim.de/meilenstein-zukunftsfaehige-zementproduktion-hoever,owner,2026-08-21,day,no capacity stated by the owner on file,fail,true,https://www.holcim.de/meilenstein-zukunftsfaehige-zementproduktion-hoever,owner,2026-08-21,day,no owner statement that FID has been taken,fail,true,sources/funder_pass.json,eufabric funder pass,2026-09-19,day,the funder lists of sources/funder_pass.json — the Innovation Fund's own project table of 413 projects and 163 of its factsheets — name no award for this entry,fail,true,https://www.holcim.de/meilenstein-zukunftsfaehige-zementproduktion-hoever,owner,2026-08-21,day,no owner-stated start carrying a date precision,not_searched,false,sources/edges.json,eufabric dependency sweep,2026-09-11,day,"the dependency sweep of brief 9 did not reach this row: it is not in `owner_side`, so no supplier question has been asked of it",true
cement,ieaccus:557,557,go4zero-obourg,GO4ZERO Obourg,Belgium,held,Planned,1.1,Mt CO2 a year,,5,true,false,pass,true,https://www.holcim.com/media/media-releases/go4zero-groundbreaking-ceremony,owner,2024-05-16,day,row carries a position from a company or permit source,fail,true,https://www.holcim.com/media/media-releases/go4zero-groundbreaking-ceremony,owner,2024-05-16,day,no capacity stated by the owner on file,pass,true,https://www.holcim.com/media/media-releases/go4zero-groundbreaking-ceremony,owner,2024-05-16,day,status_to construction,pass,true,https://ec.europa.eu/assets/cinea/project_fiches/innovation_fund/101132807.pdf,"European Commission (CINEA), Innovation Fund",2022,year,"Innovation Fund, 2022 Large-scale names 'GO4ZERO: Towards a carbon negative large-scale clinker plant through first-ever demonstration of a groundbreaking flue gas recirculation & concentration-based concept paired with a full CCS solution' at EUR 230,000,000; the funder's own status is Grant signed; matched on the fiche names Obourg and the coordinator is HOLCIM BELGIQUE SA",pass,true,https://www.holcim.com/media/media-releases/go4zero-groundbreaking-ceremony,company,2024-05-16,day,production_start 2029 at year precision,pass,true,https://www.airliquide.com/group/press-releases-news/2026-02-27/air-liquide-and-holcim-sign-agreement-decarbonize-cement-production-carbon-capture-project-belgium,supplier,2026-02-27,day,equipment_order at firmness contract,true
cement,ieaccus:560,560,anrav-devnya,ANRAV-CCUS (Devnya plant),Bulgaria,held,Planned,800000,t_co2_per_year,,4,true,false,pass,true,https://www.heidelbergmaterials.com/en/eu-backs-heidelberg-materials-pioneering-ccus-project-in-bulgaria,owner,2023-01-20,day,row carries a position from a company or permit source,pass,true,https://www.heidelbergmaterials.com/en/eu-backs-heidelberg-materials-pioneering-ccus-project-in-bulgaria,owner,2023-01-20,day,800000 t_co2_per_year as stated,fail,true,https://www.heidelbergmaterials.com/en/eu-backs-heidelberg-materials-pioneering-ccus-project-in-bulgaria,owner,2023-01-20,day,no owner statement that FID has been taken,pass,true,https://ec.europa.eu/assets/cinea/project_fiches/innovation_fund/101085967.pdf,"European Commission (CINEA), Innovation Fund",2021,year,"Innovation Fund, 2021 Large-scale names 'ANRAV: ANRAV-CCUS, an innovative stakeholder supported CCUS value-chain to realize the first CCUS-cluster in Eastern Europe, supporting the Balkan region to reach it’s climate goals by 2030' at EUR 189,694,949; the funder's own status is Terminated; matched on the fiche's coordinator is DEVNYA CEMENT AD and the row is Devnya",pass,true,https://www.heidelbergmaterials.com/en/eu-backs-heidelberg-materials-pioneering-ccus-project-in-bulgaria,company,2023-01-20,day,production_start 2028 at year precision,fail,true,sources/edges.json,eufabric dependency sweep,2026-09-11,day,"no edge in the dependency graph names this project; the date is the graph's newest statement, not a sweep date",true
cement,ieaccus:561,561,,VAIA HyNoVi project (Vicat Montalieu plant),France,named not admitted,Planned,0.5,Mt CO2 a year,,1,true,false,pass,true,sources/cement_ccs_entries.json,owner or permit source,2026-09-15,day,the census read an owner or permit source that names the site and the perimeter still refuses the entry,fail,true,sources/cement_ccs_entries.json,eufabric census,2026-09-15,day,no owner document on file; the census is the record of looking,fail,true,sources/cement_ccs_entries.json,eufabric census,2026-09-15,day,no owner document on file; the census is the record of looking,fail,true,sources/funder_pass.json,eufabric funder pass,2026-09-19,day,the funder lists of sources/funder_pass.json — the Innovation Fund's own project table of 413 projects and 163 of its factsheets — name no award for this entry,fail,true,sources/cement_ccs_entries.json,eufabric census,2026-09-15,day,no owner document on file; the census is the record of looking,not_searched,false,sources/edges.json,eufabric dependency sweep,2026-09-11,day,"no register row, so no owner side to sweep; the graph names no edge for this entry",false
cement,ieaccus:565,565,go4ecoplanet-kujawy,Go4ECOPlanet Kujawy,Poland,admitted,Planned,1.2,Mt CO2 a year,,2,true,false,pass,true,https://www.go4ecoplanet.com/blog/lafarge-projekt-kujawy-go4ecoplanet-z-pozytywna-decyzja-srodowiskowa,Go4ECOPlanet,2026-09-14,not_after,the admitting source names the site as 'Kujawy',fail,true,https://www.go4ecoplanet.com/blog/lafarge-projekt-kujawy-go4ecoplanet-z-pozytywna-decyzja-srodowiskowa,owner,2026-09-14,not_after,no capacity stated by the owner on file,fail,true,https://www.go4ecoplanet.com/blog/lafarge-projekt-kujawy-go4ecoplanet-z-pozytywna-decyzja-srodowiskowa,owner,2026-09-14,not_after,no owner statement that FID has been taken,pass,true,https://ec.europa.eu/assets/cinea/project_fiches/innovation_fund/101085990.pdf,"European Commission (CINEA), Innovation Fund",2021,year,"Innovation Fund, 2021 Large-scale names 'GO4ECOPLANET: KUJAWY GO4ECOPLANET' at EUR 228,210,004; the funder's own status is Grant signed; matched on the award's own name is 'KUJAWY GO4ECOPLANET' and the coordinator is HOLCIM POLSKA",fail,true,https://www.go4ecoplanet.com/blog/lafarge-projekt-kujawy-go4ecoplanet-z-pozytywna-decyzja-srodowiskowa,owner,2026-09-14,not_after,no owner-stated start carrying a date precision,not_searched,false,sources/edges.json,eufabric dependency sweep,2026-09-11,day,"the dependency sweep of brief 9 did not reach this row: it is not in `owner_side`, so no supplier question has been asked of it",true
cement,ieaccus:657,657,olympus-milaki,OLYMPUS Holcim Milaki,Greece,admitted,Under construction,1000000,t_co2_per_year,,3,true,false,pass,true,https://www.lafarge.gr/sites/greece/files/docs/heracles-group-and-air-liquide-signed-a-front-end-engineering-design-feed-contract-for-olympus-ccs-project-12-12-2024_vs2.pdf,HERACLES Group (Holcim Greece),2024-12-19,day,the admitting source names the site as 'Milaki',pass,true,https://www.lafarge.gr/sites/greece/files/docs/heracles-group-and-air-liquide-signed-a-front-end-engineering-design-feed-contract-for-olympus-ccs-project-12-12-2024_vs2.pdf,owner,2024-12-19,day,1000000 t_co2_per_year as stated,fail,true,https://www.lafarge.gr/sites/greece/files/docs/heracles-group-and-air-liquide-signed-a-front-end-engineering-design-feed-contract-for-olympus-ccs-project-12-12-2024_vs2.pdf,owner,2024-12-19,day,no owner statement that FID has been taken,pass,true,https://ec.europa.eu/assets/cinea/project_fiches/innovation_fund/101086023.pdf,"European Commission (CINEA), Innovation Fund",2021,year,"Innovation Fund, 2021 Large-scale names 'OLYMPUS' at EUR 124,268,490; the funder's own status is Grant signed; matched on the fiche names Milaki and the coordinator is HERACLES GENERAL CEMENT CO",fail,true,https://www.lafarge.gr/sites/greece/files/docs/heracles-group-and-air-liquide-signed-a-front-end-engineering-design-feed-contract-for-olympus-ccs-project-12-12-2024_vs2.pdf,owner,2024-12-19,day,no owner-stated start carrying a date precision,not_searched,false,sources/edges.json,eufabric dependency sweep,2026-09-11,day,"the dependency sweep of brief 9 did not reach this row: it is not in `owner_side`, so no supplier question has been asked of it",true
cement,ieaccus:658,658,kodeco-koromacno,KOdeCO net zero project (Koromačno),Croatia,admitted,Planned,0.366,Mt CO2 a year,,2,true,false,pass,true,https://www.holcim.hr/KOdeCO-net-zero,Holcim Hrvatska,2023-03-20,day,the admitting source names the site as 'Koromacno',fail,true,https://www.holcim.hr/KOdeCO-net-zero,owner,2023-03-20,day,no capacity stated by the owner on file,fail,true,https://www.holcim.hr/KOdeCO-net-zero,owner,2023-03-20,day,no owner statement that FID has been taken,pass,true,https://ec.europa.eu/assets/cinea/project_fiches/innovation_fund/101133120.pdf,"European Commission (CINEA), Innovation Fund",2022,year,"Innovation Fund, 2022 Large-scale names 'KOdeCO net zero' at EUR 116,926,000; the funder's own status is Grant signed; matched on the fiche names 'the Holcim cement plant in Koromačno'",fail,true,https://www.holcim.hr/KOdeCO-net-zero,owner,2023-03-20,day,no owner-stated start carrying a date precision,not_searched,false,sources/edges.json,eufabric dependency sweep,2026-09-11,day,"the dependency sweep of brief 9 did not reach this row: it is not in `owner_side`, so no supplier question has been asked of it",true
cement,ieaccus:660,660,anthemis-antoing,Heidelberg Materials CBR Antoing Cement Plant (Anthemis),Belgium,admitted,Planned,800000,t_co2_per_year,,3,true,false,pass,true,https://www.heidelbergmaterials.com/en/pr-2025-11-03,Heidelberg Materials,2025-11-03,day,the admitting source names the site as 'Antoing',pass,true,https://www.heidelbergmaterials.com/en/pr-2025-11-03,owner,2025-11-03,day,800000 t_co2_per_year as stated,fail,true,https://www.heidelbergmaterials.com/en/pr-2025-11-03,owner,2025-11-03,day,no owner statement that FID has been taken,pass,true,https://ec.europa.eu/assets/cinea/project_fiches/innovation_fund/101250817.pdf,"European Commission (CINEA), Innovation Fund",2024,year,"Innovation Fund, IF24Call – General large-scale names 'ANTHEMIS' at EUR 115,000,000; the funder's own status is Grant signed; matched on the fiche's coordinator is HEIDELBERG MATERIALS BENELUX and the text names Antoing",fail,true,https://www.heidelbergmaterials.com/en/pr-2025-11-03,owner,2025-11-03,day,no owner-stated start carrying a date precision,not_searched,false,sources/edges.json,eufabric dependency sweep,2026-09-11,day,"the dependency sweep of brief 9 did not reach this row: it is not in `owner_side`, so no supplier question has been asked of it",true
cement,ieaccus:686,686,,Buzzi Unicem Augusta cement plant,Italy,searched none found,Planned,0.6,Mt CO2 a year,,0,true,false,fail,true,sources/cement_ccs_entries.json,eufabric census,2026-09-15,day,the census read the owner's own sources and none names a site for this project,fail,true,sources/cement_ccs_entries.json,eufabric census,2026-09-15,day,no owner document on file; the census is the record of looking,fail,true,sources/cement_ccs_entries.json,eufabric census,2026-09-15,day,no owner document on file; the census is the record of looking,fail,true,sources/funder_pass.json,eufabric funder pass,2026-09-19,day,the funder lists of sources/funder_pass.json — the Innovation Fund's own project table of 413 projects and 163 of its factsheets — name no award for this entry,fail,true,sources/cement_ccs_entries.json,eufabric census,2026-09-15,day,no owner document on file; the census is the record of looking,not_searched,false,sources/edges.json,eufabric dependency sweep,2026-09-11,day,"no register row, so no owner side to sweep; the graph names no edge for this entry",false
cement,ieaccus:728,728,accsion-aalborg,ACCSION Aalborg Portland,Denmark,admitted,Planned,1500000,t_co2_per_year,,3,true,false,pass,true,https://www.aalborgportland.dk/accsion/,Aalborg Portland,2025-06-23,day,the admitting source names the site as 'Aalborg',pass,true,https://www.aalborgportland.dk/accsion/,owner,2025-06-23,day,1500000 t_co2_per_year as stated,fail,true,https://www.aalborgportland.dk/accsion/,owner,2025-06-23,day,no owner statement that FID has been taken,pass,true,https://ec.europa.eu/assets/cinea/project_fiches/innovation_fund/101191049.pdf,"European Commission (CINEA), Innovation Fund",2023,year,"Innovation Fund, IF23Call – General large-scale names 'ACCSION : Aalborg Portland Carbon Capture and Storage using Infrastructure Onshore in North Jutland' at EUR 220,123,498; the funder's own status is Grant signed; matched on the fiche names Aalborg Portland A/S, the row's owner, and 'Aalborg'",fail,true,https://www.aalborgportland.dk/accsion/,owner,2025-06-23,day,no owner-stated start carrying a date precision,not_searched,false,sources/edges.json,eufabric dependency sweep,2026-09-11,day,"the dependency sweep of brief 9 did not reach this row: it is not in `owner_side`, so no supplier question has been asked of it",true
cement,ieaccus:732,732,dream-rezzato-mazzano,DREAM- Decarbonisation of the Rezzato and Mazzano cement plant,Italy,admitted,Planned,1000000,t_co2_per_year,,3,true,false,pass,true,https://www.heidelbergmaterials.com/en/pr-2025-11-03,Heidelberg Materials,2025-11-03,day,the admitting source names the site as 'Rezzato-Mazzano',pass,true,https://www.heidelbergmaterials.com/en/pr-2025-11-03,owner,2025-11-03,day,1000000 t_co2_per_year as stated,fail,true,https://www.heidelbergmaterials.com/en/pr-2025-11-03,owner,2025-11-03,day,no owner statement that FID has been taken,pass,true,https://ec.europa.eu/assets/cinea/project_fiches/innovation_fund/101250849.pdf,"European Commission (CINEA), Innovation Fund",2024,year,"Innovation Fund, IF24Call – General large-scale names 'DREAM' at EUR 216,000,000; the funder's own status is Grant signed; matched on the fiche names Rezzato-Mazzano and the coordinator is HEIDELBERG MATERIALS ITALIA CEMENTI",fail,true,https://www.heidelbergmaterials.com/en/pr-2025-11-03,owner,2025-11-03,day,no owner-stated start carrying a date precision,not_searched,false,sources/edges.json,eufabric dependency sweep,2026-09-11,day,"the dependency sweep of brief 9 did not reach this row: it is not in `owner_side`, so no supplier question has been asked of it",true
cement,ieaccus:1012,1012,gezero-geseke,GeZero carbon capture project (Geseke),Germany,held,Planned,700000,t_co2_per_year,,4,true,false,pass,true,https://www.heidelbergmaterials.com/en/pr-2023-12-15,owner,2023-12-15,day,row carries a position from a company or permit source,pass,true,https://www.heidelbergmaterials.com/en/pr-2023-12-15,owner,2023-12-15,day,700000 t_co2_per_year as stated,fail,true,https://www.heidelbergmaterials.com/en/pr-2023-12-15,owner,2023-12-15,day,no owner statement that FID has been taken,pass,true,https://ec.europa.eu/assets/cinea/project_fiches/innovation_fund/101133005.pdf,"European Commission (CINEA), Innovation Fund",2022,year,"Innovation Fund, 2022 Large-scale names 'GeZero: First German inland cement plant Geseke becomes net carbon negative by implementing a full CCS chain' at EUR 190,905,744; the funder's own status is Grant signed; matched on the fiche names the Geseke cement plant and the coordinator is HEIDELBERG MATERIALS AG",pass,true,https://www.heidelbergmaterials.com/en/pr-2023-12-15,company,2023-12-15,day,commissioning 2029 at year precision,fail,true,sources/edges.json,eufabric dependency sweep,2026-09-11,day,"no edge in the dependency graph names this project; the date is the graph's newest statement, not a sweep date",true
cement,ieaccus:1042,1042,broceni-ccs,Brocēni cement plant CCS,Latvia,admitted,Planned,800000,t_co2_per_year,,2,true,false,pass,true,https://schwenk.lv/en/pressrelease/schwenk-northern-europe-announces-commitment-to-decarbonize-cement-production-in-latvia/,SCHWENK Latvija,2024-11-14,day,the admitting source names the site as 'Broceni',pass,true,https://schwenk.lv/en/pressrelease/schwenk-northern-europe-announces-commitment-to-decarbonize-cement-production-in-latvia/,owner,2024-11-14,day,800000 t_co2_per_year as stated,fail,true,https://schwenk.lv/en/pressrelease/schwenk-northern-europe-announces-commitment-to-decarbonize-cement-production-in-latvia/,owner,2024-11-14,day,no owner statement that FID has been taken,fail,true,sources/funder_pass.json,eufabric funder pass,2026-09-19,day,the funder lists of sources/funder_pass.json — the Innovation Fund's own project table of 413 projects and 163 of its factsheets — name no award for this entry,fail,true,https://schwenk.lv/en/pressrelease/schwenk-northern-europe-announces-commitment-to-decarbonize-cement-production-in-latvia/,owner,2024-11-14,day,no owner-stated start carrying a date precision,not_searched,false,sources/edges.json,eufabric dependency sweep,2026-09-11,day,"the dependency sweep of brief 9 did not reach this row: it is not in `owner_side`, so no supplier question has been asked of it",true
cement,ieaccus:1065,1065,,Cauldon cement plant,United Kingdom,named not admitted,Planned,0.54,Mt CO2 a year,,1,true,false,pass,true,sources/cement_ccs_entries.json,owner or permit source,2026-09-15,day,the census read an owner or permit source that names the site and the perimeter still refuses the entry,fail,true,sources/cement_ccs_entries.json,eufabric census,2026-09-15,day,no owner document on file; the census is the record of looking,fail,true,sources/cement_ccs_entries.json,eufabric census,2026-09-15,day,no owner document on file; the census is the record of looking,fail,true,sources/funder_pass.json,eufabric funder pass,2026-09-19,day,the funder lists of sources/funder_pass.json — the Innovation Fund's own project table of 413 projects and 163 of its factsheets — name no award for this entry,fail,true,sources/cement_ccs_entries.json,eufabric census,2026-09-15,day,no owner document on file; the census is the record of looking,not_searched,false,sources/edges.json,eufabric dependency sweep,2026-09-11,day,"no register row, so no owner side to sweep; the graph names no edge for this entry",false
cement,ieaccus:1094,1094,ecapt-rhone-le-teil,eCapt-Rhone LeTeil,France,admitted,Planned,0.2,Mt CO2 a year,,1,true,false,pass,true,https://elyse.energy/en/elyse-energy-announces-the-opening-of-an-e-methanol-plant-on-the-roches-roussillon-chemical-hub,Elyse Energy,2023-09-22,day,the admitting source names the site as 'Le Teil',fail,true,https://elyse.energy/en/elyse-energy-announces-the-opening-of-an-e-methanol-plant-on-the-roches-roussillon-chemical-hub,owner,2023-09-22,day,no capacity stated by the owner on file,fail,true,https://elyse.energy/en/elyse-energy-announces-the-opening-of-an-e-methanol-plant-on-the-roches-roussillon-chemical-hub,owner,2023-09-22,day,no owner statement that FID has been taken,fail,true,sources/funder_pass.json,eufabric funder pass,2026-09-19,day,the funder lists of sources/funder_pass.json — the Innovation Fund's own project table of 413 projects and 163 of its factsheets — name no award for this entry,fail,true,https://elyse.energy/en/elyse-energy-announces-the-opening-of-an-e-methanol-plant-on-the-roches-roussillon-chemical-hub,owner,2023-09-22,day,no owner-stated start carrying a date precision,not_searched,false,sources/edges.json,eufabric dependency sweep,2026-09-11,day,"the dependency sweep of brief 9 did not reach this row: it is not in `owner_side`, so no supplier question has been asked of it",true
cement,ieaccus:1116,1116,saint-pierre-la-cour-goco2,Saint-Pierre-la-Cour cement plant,France,admitted,Planned,1,Mt CO2 a year,,1,true,false,pass,true,https://www.lafarge.fr/cloture-de-la-concertation-prealable-du-projet-goco2-et-poursuite-du-dialogue,Lafarge France,2025-12-17,day,the admitting source names the site as 'Saint-Pierre-la-Cour',fail,true,https://www.lafarge.fr/cloture-de-la-concertation-prealable-du-projet-goco2-et-poursuite-du-dialogue,owner,2025-12-17,day,no capacity stated by the owner on file,fail,true,https://www.lafarge.fr/cloture-de-la-concertation-prealable-du-projet-goco2-et-poursuite-du-dialogue,owner,2025-12-17,day,no owner statement that FID has been taken,fail,true,sources/funder_pass.json,eufabric funder pass,2026-09-19,day,the funder lists of sources/funder_pass.json — the Innovation Fund's own project table of 413 projects and 163 of its factsheets — name no award for this entry,fail,true,https://www.lafarge.fr/cloture-de-la-concertation-prealable-du-projet-goco2-et-poursuite-du-dialogue,owner,2025-12-17,day,no owner-stated start carrying a date precision,not_searched,false,sources/edges.json,eufabric dependency sweep,2026-09-11,day,"the dependency sweep of brief 9 did not reach this row: it is not in `owner_side`, so no supplier question has been asked of it",true
cement,ieaccus:1138,1138,co2ntessa-nasice,CO2NTESSA,Croatia,admitted,Planned,700000,t_co2_per_year,,2,true,false,pass,true,https://www.nexe.hr/en/co2ntessa/,NEXE Group,2023-03-20,day,the admitting source names the site as 'Nasice',pass,true,https://www.nexe.hr/en/co2ntessa/,owner,2023-03-20,day,700000 t_co2_per_year as stated,fail,true,https://www.nexe.hr/en/co2ntessa/,owner,2023-03-20,day,no owner statement that FID has been taken,fail,true,sources/funder_pass.json,eufabric funder pass,2026-09-19,day,the funder lists of sources/funder_pass.json — the Innovation Fund's own project table of 413 projects and 163 of its factsheets — name no award for this entry,fail,true,https://www.nexe.hr/en/co2ntessa/,owner,2023-03-20,day,no owner-stated start carrying a date precision,not_searched,false,sources/edges.json,eufabric dependency sweep,2026-09-11,day,"the dependency sweep of brief 9 did not reach this row: it is not in `owner_side`, so no supplier question has been asked of it",true
cement,ieaccus:1141,1141,ifestos-kamari,IFESTOS Carbon Capture (Kamari plant),Greece,held,Planned,1.9,Mt CO2 a year,,2,true,false,pass,true,https://www.worldcement.com/europe-cis/14072023/titan-groups-large-scale-carbon-capture-project-selected-by-the-eu-innovation-fund/,owner,2023-07-14,day,row carries a position from a company or permit source,fail,true,https://www.worldcement.com/europe-cis/14072023/titan-groups-large-scale-carbon-capture-project-selected-by-the-eu-innovation-fund/,owner,2023-07-14,day,no capacity stated by the owner on file,fail,true,https://www.worldcement.com/europe-cis/14072023/titan-groups-large-scale-carbon-capture-project-selected-by-the-eu-innovation-fund/,owner,2023-07-14,day,no owner statement that FID has been taken,pass,true,https://ec.europa.eu/assets/cinea/project_fiches/innovation_fund/101133204.pdf,"European Commission (CINEA), Innovation Fund",2022,year,"Innovation Fund, 2022 Large-scale names 'IFESTOS: one of the largest carbon capture projects in Europe to enable the production of zero carbon cement & concrete and create decarbonization synergies with regional industries' at EUR 234,000,000; the funder's own status is Grant signed; matched on the fiche names Kamari and the coordinator is TITAN",fail,true,https://www.worldcement.com/europe-cis/14072023/titan-groups-large-scale-carbon-capture-project-selected-by-the-eu-innovation-fund/,owner,2023-07-14,day,no owner-stated start carrying a date precision,fail,true,sources/edges.json,eufabric dependency sweep,2026-09-11,day,"no edge in the dependency graph names this project; the date is the graph's newest statement, not a sweep date",true
cement,ieaccus:1142,1142,,Beremend cement factory,Hungary,searched none found,Planned,0.315,Mt CO2 a year,,0,true,false,fail,true,sources/cement_ccs_entries.json,eufabric census,2026-09-15,day,the census read the owner's own sources and none names a site for this project,fail,true,sources/cement_ccs_entries.json,eufabric census,2026-09-15,day,no owner document on file; the census is the record of looking,fail,true,sources/cement_ccs_entries.json,eufabric census,2026-09-15,day,no owner document on file; the census is the record of looking,fail,true,sources/funder_pass.json,eufabric funder pass,2026-09-19,day,the funder lists of sources/funder_pass.json — the Innovation Fund's own project table of 413 projects and 163 of its factsheets — name no award for this entry,fail,true,sources/cement_ccs_entries.json,eufabric census,2026-09-15,day,no owner document on file; the census is the record of looking,not_searched,false,sources/edges.json,eufabric dependency sweep,2026-09-11,day,"no register row, so no owner side to sweep; the graph names no edge for this entry",false
cement,ieaccus:1204,1204,carbocleartech-martres-tolosane,CarboClearTech (Martres-Tolosane cement plant),France,admitted,Planned,700000,t_co2_per_year,,3,true,false,pass,true,https://www.lafarge.fr/le-projet-carbocleartech-concu-pour-capter-et-stocker-le-carbone-residuel-de-lusine-lafarge-de,Lafarge France,2024-10-24,day,the admitting source names the site as 'Martres-Tolosane',pass,true,https://www.lafarge.fr/le-projet-carbocleartech-concu-pour-capter-et-stocker-le-carbone-residuel-de-lusine-lafarge-de,owner,2024-10-24,day,700000 t_co2_per_year as stated,fail,true,https://www.lafarge.fr/le-projet-carbocleartech-concu-pour-capter-et-stocker-le-carbone-residuel-de-lusine-lafarge-de,owner,2024-10-24,day,no owner statement that FID has been taken,pass,true,https://ec.europa.eu/assets/cinea/project_fiches/innovation_fund/101191263.pdf,"European Commission (CINEA), Innovation Fund",2023,year,"Innovation Fund, IF23Call – General large-scale names 'CarboClearTech' at EUR 120,003,734; the funder's own status is Grant signed; matched on the fiche names Martres-Tolosane and the coordinator is LAFARGE CIMENTS",fail,true,https://www.lafarge.fr/le-projet-carbocleartech-concu-pour-capter-et-stocker-le-carbone-residuel-de-lusine-lafarge-de,owner,2024-10-24,day,no owner-stated start carrying a date precision,not_searched,false,sources/edges.json,eufabric dependency sweep,2026-09-11,day,"the dependency sweep of brief 9 did not reach this row: it is not in `owner_side`, so no supplier question has been asked of it",true
cement,ieaccus:1210,1210,,Capsol feasibility study cement Germany,Germany,searched none found,Planned,0.4,Mt CO2 a year,,0,true,false,fail,true,sources/cement_ccs_entries.json,eufabric census,2026-09-15,day,the census read the owner's own sources and none names a site for this project,fail,true,sources/cement_ccs_entries.json,eufabric census,2026-09-15,day,no owner document on file; the census is the record of looking,fail,true,sources/cement_ccs_entries.json,eufabric census,2026-09-15,day,no owner document on file; the census is the record of looking,fail,true,sources/funder_pass.json,eufabric funder pass,2026-09-19,day,the funder lists of sources/funder_pass.json — the Innovation Fund's own project table of 413 projects and 163 of its factsheets — name no award for this entry,fail,true,sources/cement_ccs_entries.json,eufabric census,2026-09-15,day,no owner document on file; the census is the record of looking,not_searched,false,sources/edges.json,eufabric dependency sweep,2026-09-11,day,"no register row, so no owner side to sweep; the graph names no edge for this entry",false
cement,ieaccus:1265,1265,airvault-goco2,AirvaultGoCO2 cement plant,France,admitted,Planned,1000000,t_co2_per_year,,3,true,false,pass,true,https://www.heidelbergmaterials.com/en/pr-2024-03-13,Heidelberg Materials,2024-03-13,day,the admitting source names the site as 'Airvault',pass,true,https://www.heidelbergmaterials.com/en/pr-2024-03-13,owner,2024-03-13,day,1000000 t_co2_per_year as stated,fail,true,https://www.heidelbergmaterials.com/en/pr-2024-03-13,owner,2024-03-13,day,no owner statement that FID has been taken,pass,true,https://ec.europa.eu/assets/cinea/project_fiches/innovation_fund/101252047.pdf,"European Commission (CINEA), Innovation Fund",2024,year,"Innovation Fund, IF24Call – General large-scale names 'AirvaultGoCO2' at EUR 145,000,000; the funder's own status is Grant signed; matched on the award's own name carries Airvault and the coordinator is HEIDELBERG MATERIALS FRANCE CIMENTS",fail,true,https://www.heidelbergmaterials.com/en/pr-2024-03-13,owner,2024-03-13,day,no owner-stated start carrying a date precision,not_searched,false,sources/edges.json,eufabric dependency sweep,2026-09-11,day,"the dependency sweep of brief 9 did not reach this row: it is not in `owner_side`, so no supplier question has been asked of it",true
cement,ieaccus:1277,1277,,SOMZERO CO2,Spain,searched none found,Planned,1.1,Mt CO2 a year,,0,true,false,fail,true,sources/cement_ccs_entries.json,eufabric census,2026-09-15,day,the census read the owner's own sources and none names a site for this project,fail,true,sources/cement_ccs_entries.json,eufabric census,2026-09-15,day,no owner document on file; the census is the record of looking,fail,true,sources/cement_ccs_entries.json,eufabric census,2026-09-15,day,no owner document on file; the census is the record of looking,fail,true,sources/funder_pass.json,eufabric funder pass,2026-09-19,day,the funder lists of sources/funder_pass.json — the Innovation Fund's own project table of 413 projects and 163 of its factsheets — name no award for this entry,fail,true,sources/cement_ccs_entries.json,eufabric census,2026-09-15,day,no owner document on file; the census is the record of looking,not_searched,false,sources/edges.json,eufabric dependency sweep,2026-09-11,day,"no register row, so no owner side to sweep; the graph names no edge for this entry",false
cement,ieaccus:1359,1359,catch4climate-mergelstetten,Catch4Climate  Mergelstetten,Germany,admitted,Under construction,0.1,Mt CO2 a year,,1,true,false,pass,true,https://www.heidelbergmaterials.com/en/pr-18-11-2020,HeidelbergCement,2020-11-18,day,the admitting source names the site as 'Mergelstetten',fail,true,https://www.heidelbergmaterials.com/en/pr-18-11-2020,owner,2020-11-18,day,no capacity stated by the owner on file,fail,true,https://www.heidelbergmaterials.com/en/pr-18-11-2020,owner,2020-11-18,day,no owner statement that FID has been taken,fail,true,sources/funder_pass.json,eufabric funder pass,2026-09-19,day,the funder lists of sources/funder_pass.json — the Innovation Fund's own project table of 413 projects and 163 of its factsheets — name no award for this entry,fail,true,https://www.heidelbergmaterials.com/en/pr-18-11-2020,owner,2020-11-18,day,no owner-stated start carrying a date precision,not_searched,false,sources/edges.json,eufabric dependency sweep,2026-09-11,day,"the dependency sweep of brief 9 did not reach this row: it is not in `owner_side`, so no supplier question has been asked of it",true
cement,ieaccus:1445,1445,cpt01-campulung,CPT 01 cement Campulung,Romania,admitted,Planned,1,Mt CO2 a year,,2,true,false,pass,true,https://www.holcim.com/media/media-releases/eu-innovation-fund-carbon-hub-romania,Holcim,2025-11-04,day,the admitting source names the site as 'Campulung',fail,true,https://www.holcim.com/media/media-releases/eu-innovation-fund-carbon-hub-romania,owner,2025-11-04,day,no capacity stated by the owner on file,fail,true,https://www.holcim.com/media/media-releases/eu-innovation-fund-carbon-hub-romania,owner,2025-11-04,day,no owner statement that FID has been taken,pass,true,https://ec.europa.eu/assets/cinea/project_fiches/innovation_fund/101250955.pdf,"European Commission (CINEA), Innovation Fund",2024,year,"Innovation Fund, IF24Call – General large-scale names 'CARBON HUB CPT01' at EUR 146,415,990; the funder's own status is Grant signed; matched on the fiche names 'Câmpulung Argeș County, Romania' and the coordinator is HOLCIM (ROMANIA) SA; the row id carries the award's own CPT01",fail,true,https://www.holcim.com/media/media-releases/eu-innovation-fund-carbon-hub-romania,owner,2025-11-04,day,no owner-stated start carrying a date precision,not_searched,false,sources/edges.json,eufabric dependency sweep,2026-09-11,day,"the dependency sweep of brief 9 did not reach this row: it is not in `owner_side`, so no supplier question has been asked of it",true
cement,ieaccus:1459,1459,ecco2-lh-carboneras,ECCO2-LH (Lighthouse) LafargeHolcim Carboneras cement factory phase 2,Spain,admitted,Cancelled,0.6,Mt CO2 a year,,1,true,false,pass,true,https://www.holcim.com/media/media-releases/media-release-carbon-capture-projects-USA-germany,LafargeHolcim,2022-02-07,day,the admitting source names the site as 'Carboneras',fail,true,https://www.holcim.com/media/media-releases/media-release-carbon-capture-projects-USA-germany,owner,2022-02-07,day,no capacity stated by the owner on file,fail,true,https://www.holcim.com/media/media-releases/media-release-carbon-capture-projects-USA-germany,owner,2022-02-07,day,no owner statement that FID has been taken,fail,true,sources/funder_pass.json,eufabric funder pass,2026-09-19,day,the funder lists of sources/funder_pass.json — the Innovation Fund's own project table of 413 projects and 163 of its factsheets — name no award for this entry,fail,true,https://www.holcim.com/media/media-releases/media-release-carbon-capture-projects-USA-germany,owner,2022-02-07,day,no owner-stated start carrying a date precision,not_searched,false,sources/edges.json,eufabric dependency sweep,2026-09-11,day,"the dependency sweep of brief 9 did not reach this row: it is not in `owner_side`, so no supplier question has been asked of it",true
cement,ieaccus:1460,1460,deuna-ccs,Deuna cement plant (Thuringia),Germany,admitted,Planned,0.62,Mt CO2 a year,,1,true,false,pass,true,https://www.dyckerhoff.com/en/w/co2-abscheideanlage-im-werk-deuna?languageId=en_US,Dyckerhoff,2024-05-03,day,the admitting source names the site as 'Deuna',fail,true,https://www.dyckerhoff.com/en/w/co2-abscheideanlage-im-werk-deuna?languageId=en_US,owner,2024-05-03,day,no capacity stated by the owner on file,fail,true,https://www.dyckerhoff.com/en/w/co2-abscheideanlage-im-werk-deuna?languageId=en_US,owner,2024-05-03,day,no owner statement that FID has been taken,fail,true,sources/funder_pass.json,eufabric funder pass,2026-09-19,day,the funder lists of sources/funder_pass.json — the Innovation Fund's own project table of 413 projects and 163 of its factsheets — name no award for this entry,fail,true,https://www.dyckerhoff.com/en/w/co2-abscheideanlage-im-werk-deuna?languageId=en_US,owner,2024-05-03,day,no owner-stated start carrying a date precision,not_searched,false,sources/edges.json,eufabric dependency sweep,2026-09-11,day,"the dependency sweep of brief 9 did not reach this row: it is not in `owner_side`, so no supplier question has been asked of it",true
cement,ieaccus:1461,1461,vaia-montalieu-vercieu,VAIA project Montalieu-Vercieu site,France,admitted,Planned,1200000,t_co2_per_year,,3,true,false,pass,true,https://www.vicat.com/news/vicat-group-launches-vaia-project-accelerator-decarbonization-ambitions,Vicat,2025-03-04,day,the admitting source names the site as 'Montalieu-Vercieu',pass,true,https://www.vicat.com/news/vicat-group-launches-vaia-project-accelerator-decarbonization-ambitions,owner,2025-03-04,day,1200000 t_co2_per_year as stated,fail,true,https://www.vicat.com/news/vicat-group-launches-vaia-project-accelerator-decarbonization-ambitions,owner,2025-03-04,day,no owner statement that FID has been taken,pass,true,https://ec.europa.eu/assets/cinea/project_fiches/innovation_fund/101251785.pdf,"European Commission (CINEA), Innovation Fund",2024,year,"Innovation Fund, IF24Call – General large-scale names 'VAIA' at EUR 149,998,000; the funder's own status is Grant signed; matched on the fiche names Montalieu-Vercieu and the coordinator is VICAT",fail,true,https://www.vicat.com/news/vicat-group-launches-vaia-project-accelerator-decarbonization-ambitions,owner,2025-03-04,day,no owner-stated start carrying a date precision,not_searched,false,sources/edges.json,eufabric dependency sweep,2026-09-11,day,"the dependency sweep of brief 9 did not reach this row: it is not in `owner_side`, so no supplier question has been asked of it",true
cement,ieaccus:1462,1462,,Beli Net Zero (Beli Izvor plant),Bulgaria,named not admitted,Planned,,,,1,true,false,pass,true,sources/cement_ccs_entries.json,owner or permit source,2026-09-15,day,the census read an owner or permit source that names the site and the perimeter still refuses the entry,fail,true,sources/cement_ccs_entries.json,eufabric census,2026-09-15,day,no owner document on file; the census is the record of looking,fail,true,sources/cement_ccs_entries.json,eufabric census,2026-09-15,day,no owner document on file; the census is the record of looking,fail,true,sources/funder_pass.json,eufabric funder pass,2026-09-19,day,the funder lists of sources/funder_pass.json — the Innovation Fund's own project table of 413 projects and 163 of its factsheets — name no award for this entry,fail,true,sources/cement_ccs_entries.json,eufabric census,2026-09-15,day,no owner document on file; the census is the record of looking,not_searched,false,sources/edges.json,eufabric dependency sweep,2026-09-11,day,"no register row, so no owner side to sweep; the graph names no edge for this entry",false
cement,ieaccus:1463,1463,mosusol-sant-vicenc-dels-horts,Mosusol netCO2,Spain,admitted,Planned,1000000,t_co2_per_year,,2,true,false,pass,true,https://www.enagas.es/en/press-room/news-room/press-releases/co2-cement-molins-agreement/,Enagas,2025-02-13,day,the admitting source names the site as 'Sant Vicenc dels Horts',pass,true,https://www.enagas.es/en/press-room/news-room/press-releases/co2-cement-molins-agreement/,owner,2025-02-13,day,1000000 t_co2_per_year as stated,fail,true,https://www.enagas.es/en/press-room/news-room/press-releases/co2-cement-molins-agreement/,owner,2025-02-13,day,no owner statement that FID has been taken,fail,true,sources/funder_pass.json,eufabric funder pass,2026-09-19,day,the funder lists of sources/funder_pass.json — the Innovation Fund's own project table of 413 projects and 163 of its factsheets — name no award for this entry,fail,true,https://www.enagas.es/en/press-room/news-room/press-releases/co2-cement-molins-agreement/,owner,2025-02-13,day,no owner-stated start carrying a date precision,not_searched,false,sources/edges.json,eufabric dependency sweep,2026-09-11,day,"the dependency sweep of brief 9 did not reach this row: it is not in `owner_side`, so no supplier question has been asked of it",true
cement,ieaccus:1475,1475,eco2fly-villaluenga,ECO2FLY (Villaluenga),Spain,admitted,Planned,700000,t_co2_per_year,,2,true,false,pass,true,https://www.holcim.es/eco2fly-proyecto-pionero-para-descarbonizar-la-industria,Holcim Espana,2025-04-07,day,the admitting source names the site as 'Villaluenga de la Sagra',pass,true,https://www.holcim.es/eco2fly-proyecto-pionero-para-descarbonizar-la-industria,owner,2025-04-07,day,700000 t_co2_per_year as stated,fail,true,https://www.holcim.es/eco2fly-proyecto-pionero-para-descarbonizar-la-industria,owner,2025-04-07,day,no owner statement that FID has been taken,fail,true,sources/funder_pass.json,eufabric funder pass,2026-09-19,day,the funder lists of sources/funder_pass.json — the Innovation Fund's own project table of 413 projects and 163 of its factsheets — name no award for this entry,fail,true,https://www.holcim.es/eco2fly-proyecto-pionero-para-descarbonizar-la-industria,owner,2025-04-07,day,no owner-stated start carrying a date precision,not_searched,false,sources/edges.json,eufabric dependency sweep,2026-09-11,day,"the dependency sweep of brief 9 did not reach this row: it is not in `owner_side`, so no supplier question has been asked of it",true
cement,ieaccus:1476,1476,co2necta-sagunto,CO2necta (Sagunto),Spain,admitted,Planned,0.6,Mt CO2 a year,,1,true,false,pass,true,https://www.holcim.es/CO2necta-para-CCUS-de-Enagas-Holcim-y-Saggas-en-Valencia,Holcim Espana,2025-01-22,day,the admitting source names the site as 'Sagunto',fail,true,https://www.holcim.es/CO2necta-para-CCUS-de-Enagas-Holcim-y-Saggas-en-Valencia,owner,2025-01-22,day,no capacity stated by the owner on file,fail,true,https://www.holcim.es/CO2necta-para-CCUS-de-Enagas-Holcim-y-Saggas-en-Valencia,owner,2025-01-22,day,no owner statement that FID has been taken,fail,true,sources/funder_pass.json,eufabric funder pass,2026-09-19,day,the funder lists of sources/funder_pass.json — the Innovation Fund's own project table of 413 projects and 163 of its factsheets — name no award for this entry,fail,true,https://www.holcim.es/CO2necta-para-CCUS-de-Enagas-Holcim-y-Saggas-en-Valencia,owner,2025-01-22,day,no owner-stated start carrying a date precision,not_searched,false,sources/edges.json,eufabric dependency sweep,2026-09-11,day,"the dependency sweep of brief 9 did not reach this row: it is not in `owner_side`, so no supplier question has been asked of it",true
cement,ieaccus:1478,1478,,CO2nscious (Carboneras),Spain,named not admitted,Planned,0.7,Mt CO2 a year,,1,true,false,pass,true,sources/cement_ccs_entries.json,owner or permit source,2026-09-15,day,the census read an owner or permit source that names the site and the perimeter still refuses the entry,fail,true,sources/cement_ccs_entries.json,eufabric census,2026-09-15,day,no owner document on file; the census is the record of looking,fail,true,sources/cement_ccs_entries.json,eufabric census,2026-09-15,day,no owner document on file; the census is the record of looking,fail,true,sources/funder_pass.json,eufabric funder pass,2026-09-19,day,the funder lists of sources/funder_pass.json — the Innovation Fund's own project table of 413 projects and 163 of its factsheets — name no award for this entry,fail,true,sources/cement_ccs_entries.json,eufabric census,2026-09-15,day,no owner document on file; the census is the record of looking,not_searched,false,sources/edges.json,eufabric dependency sweep,2026-09-11,day,"no register row, so no owner side to sweep; the graph names no edge for this entry",false
transport and storage,ieaccus:8,8,acorn-ccs,Acorn CCS phase 1-T&S,United Kingdom,admitted,Planned,0.3 - 0.8,Mt CO2 a year,,1,true,false,pass,true,https://www.theacornproject.uk/,The Acorn Project (Storegga,2026-09-15,not_after,the admitting source names the site as 'St Fergus',fail,true,https://www.theacornproject.uk/,owner,2026-09-15,not_after,no capacity stated by the owner on file,fail,true,https://www.theacornproject.uk/,owner,2026-09-15,not_after,no owner statement that FID has been taken,fail,true,sources/funder_pass.json,eufabric funder pass,2026-09-19,day,the funder lists of sources/funder_pass.json — the Innovation Fund's own project table of 413 projects and 163 of its factsheets — name no award for this entry,fail,true,https://www.theacornproject.uk/,owner,2026-09-15,not_after,no owner-stated start carrying a date precision,not_searched,false,sources/edges.json,eufabric dependency sweep,2026-09-11,day,"the dependency sweep of brief 9 did not reach this row: it is not in `owner_side`, so no supplier question has been asked of it",true
transport and storage,ieaccus:9,9,acorn-ccs,Acorn CCS phase 2,United Kingdom,admitted,Planned,5,Mt CO2 a year,,1,true,false,pass,true,https://www.theacornproject.uk/,The Acorn Project (Storegga,2026-09-15,not_after,the admitting source names the site as 'St Fergus',fail,true,https://www.theacornproject.uk/,owner,2026-09-15,not_after,no capacity stated by the owner on file,fail,true,https://www.theacornproject.uk/,owner,2026-09-15,not_after,no owner statement that FID has been taken,fail,true,sources/funder_pass.json,eufabric funder pass,2026-09-19,day,the funder lists of sources/funder_pass.json — the Innovation Fund's own project table of 413 projects and 163 of its factsheets — name no award for this entry,fail,true,https://www.theacornproject.uk/,owner,2026-09-15,not_after,no owner-stated start carrying a date precision,not_searched,false,sources/edges.json,eufabric dependency sweep,2026-09-11,day,"the dependency sweep of brief 9 did not reach this row: it is not in `owner_side`, so no supplier question has been asked of it",true
transport and storage,ieaccus:19,19,aramis,Aramis CCS transport phase 1,Netherlands,admitted,Planned,22000000,t_co2_per_year,,2,true,false,pass,true,https://www.aramis-ccs.com/faq,Aramis (TotalEnergies,2021-07-07,day,the admitting source names the site as 'North Sea',pass,true,https://www.aramis-ccs.com/faq,owner,2021-07-07,day,22000000 t_co2_per_year as stated,fail,true,https://www.aramis-ccs.com/faq,owner,2021-07-07,day,no owner statement that FID has been taken,fail,true,sources/funder_pass.json,eufabric funder pass,2026-09-19,day,the funder lists of sources/funder_pass.json — the Innovation Fund's own project table of 413 projects and 163 of its factsheets — name no award for this entry,fail,true,https://www.aramis-ccs.com/faq,owner,2021-07-07,day,no owner-stated start carrying a date precision,not_searched,false,sources/edges.json,eufabric dependency sweep,2026-09-11,day,"the dependency sweep of brief 9 did not reach this row: it is not in `owner_side`, so no supplier question has been asked of it",true
transport and storage,ieaccus:28,28,starfish-havstjerne,Altera Stella Maris CCS Project Phase 2,Norway,admitted,Planned,3,Mt CO2 a year,,1,true,false,pass,true,https://alterainfra.com/articles/one-step-closer-to-realising-stella-maris-ccs,Altera Infrastructure,2026-09-15,not_after,the admitting source names the site as 'Egersund basin',fail,true,https://alterainfra.com/articles/one-step-closer-to-realising-stella-maris-ccs,owner,2026-09-15,not_after,no capacity stated by the owner on file,fail,true,https://alterainfra.com/articles/one-step-closer-to-realising-stella-maris-ccs,owner,2026-09-15,not_after,no owner statement that FID has been taken,fail,true,sources/funder_pass.json,eufabric funder pass,2026-09-19,day,the funder lists of sources/funder_pass.json — the Innovation Fund's own project table of 413 projects and 163 of its factsheets — name no award for this entry,fail,true,https://alterainfra.com/articles/one-step-closer-to-realising-stella-maris-ccs,owner,2026-09-15,not_after,no owner-stated start carrying a date precision,not_searched,false,sources/edges.json,eufabric dependency sweep,2026-09-11,day,"the dependency sweep of brief 9 did not reach this row: it is not in `owner_side`, so no supplier question has been asked of it",true
transport and storage,ieaccus:31,31,antwerp-c-export-hub,Antwerp@ C CO2 Export Hub phase 1,Belgium,admitted,Planned,2500000,t_co2_per_year,,2,true,false,pass,true,https://www.airliquide.com/group/press-releases-news/2022-12-12/air-liquide-fluxys-belgium-and-port-antwerp-bruges-awarded-eu-funding-building-antwerpc-co2-export,Air Liquide,2022-12-12,day,the admitting source names the site as 'Antwerp',pass,true,https://www.airliquide.com/group/press-releases-news/2022-12-12/air-liquide-fluxys-belgium-and-port-antwerp-bruges-awarded-eu-funding-building-antwerpc-co2-export,owner,2022-12-12,day,2500000 t_co2_per_year as stated,fail,true,https://www.airliquide.com/group/press-releases-news/2022-12-12/air-liquide-fluxys-belgium-and-port-antwerp-bruges-awarded-eu-funding-building-antwerpc-co2-export,owner,2022-12-12,day,no owner statement that FID has been taken,fail,true,sources/funder_pass.json,eufabric funder pass,2026-09-19,day,the funder lists of sources/funder_pass.json — the Innovation Fund's own project table of 413 projects and 163 of its factsheets — name no award for this entry,fail,true,https://www.airliquide.com/group/press-releases-news/2022-12-12/air-liquide-fluxys-belgium-and-port-antwerp-bruges-awarded-eu-funding-building-antwerpc-co2-export,owner,2022-12-12,day,no owner-stated start carrying a date precision,not_searched,false,sources/edges.json,eufabric dependency sweep,2026-09-11,day,"the dependency sweep of brief 9 did not reach this row: it is not in `owner_side`, so no supplier question has been asked of it",true
transport and storage,ieaccus:32,32,aramis,Aramis CCS storage phase 1,Netherlands,admitted,Planned,22000000,t_co2_per_year,,2,true,false,pass,true,https://www.aramis-ccs.com/faq,Aramis (TotalEnergies,2021-07-07,day,the admitting source names the site as 'North Sea',pass,true,https://www.aramis-ccs.com/faq,owner,2021-07-07,day,22000000 t_co2_per_year as stated,fail,true,https://www.aramis-ccs.com/faq,owner,2021-07-07,day,no owner statement that FID has been taken,fail,true,sources/funder_pass.json,eufabric funder pass,2026-09-19,day,the funder lists of sources/funder_pass.json — the Innovation Fund's own project table of 413 projects and 163 of its factsheets — name no award for this entry,fail,true,https://www.aramis-ccs.com/faq,owner,2021-07-07,day,no owner-stated start carrying a date precision,not_searched,false,sources/edges.json,eufabric dependency sweep,2026-09-11,day,"the dependency sweep of brief 9 did not reach this row: it is not in `owner_side`, so no supplier question has been asked of it",true
transport and storage,ieaccus:33,33,aramis,Aramis CCS storage phase 2,Netherlands,admitted,Planned,22000000,t_co2_per_year,,3,true,false,pass,true,https://www.aramis-ccs.com/faq,Aramis (TotalEnergies,2021-07-07,day,the admitting source names the site as 'North Sea',pass,true,https://www.aramis-ccs.com/faq,owner,2021-07-07,day,22000000 t_co2_per_year as stated,fail,true,https://www.aramis-ccs.com/faq,owner,2021-07-07,day,no owner statement that FID has been taken,pass,true,https://ec.europa.eu/assets/cinea/project_fiches/innovation_fund/101191298.pdf,"European Commission (CINEA), Innovation Fund",2023,year,"Innovation Fund, IF23Call – General large-scale names 'LaunchStores LaunchStores4AramisCCS' at EUR 118,000,000; the funder's own status is Grant signed; matched on the fiche names 'the Aramis Carbon Capture Storage (CCS) value chain' and the coordinator is TOTALENERGIES EP NEDERLAND BV",fail,true,https://www.aramis-ccs.com/faq,owner,2021-07-07,day,no owner-stated start carrying a date precision,not_searched,false,sources/edges.json,eufabric dependency sweep,2026-09-11,day,"the dependency sweep of brief 9 did not reach this row: it is not in `owner_side`, so no supplier question has been asked of it",true
transport and storage,ieaccus:87,87,cinfracap,CinfraCap (Carbon Infrastructure Capture) - Port of Gothenburg,Sweden,admitted,Planned,4,Mt CO2 a year,,1,true,false,pass,true,https://nordionenergi.se/download/18.11d52c40197a1b26e2329b/1750772049126/NORDION%20HA%CC%8AR%20LA%CC%88NK%20ENG_PUBL_28maj.pdf,Nordion Energi with Goteborg Energi,2026-09-15,not_after,the admitting source names the site as 'Gothenburg',fail,true,https://nordionenergi.se/download/18.11d52c40197a1b26e2329b/1750772049126/NORDION%20HA%CC%8AR%20LA%CC%88NK%20ENG_PUBL_28maj.pdf,owner,2026-09-15,not_after,no capacity stated by the owner on file,fail,true,https://nordionenergi.se/download/18.11d52c40197a1b26e2329b/1750772049126/NORDION%20HA%CC%8AR%20LA%CC%88NK%20ENG_PUBL_28maj.pdf,owner,2026-09-15,not_after,no owner statement that FID has been taken,fail,true,sources/funder_pass.json,eufabric funder pass,2026-09-19,day,the funder lists of sources/funder_pass.json — the Innovation Fund's own project table of 413 projects and 163 of its factsheets — name no award for this entry,fail,true,https://nordionenergi.se/download/18.11d52c40197a1b26e2329b/1750772049126/NORDION%20HA%CC%8AR%20LA%CC%88NK%20ENG_PUBL_28maj.pdf,owner,2026-09-15,not_after,no owner-stated start carrying a date precision,not_searched,false,sources/edges.json,eufabric dependency sweep,2026-09-11,day,"the dependency sweep of brief 9 did not reach this row: it is not in `owner_side`, so no supplier question has been asked of it",true
transport and storage,ieaccus:102,102,,Coda terminal Phase 1,Island,perimeter exclusion,Planned,0.7,Mt CO2 a year,"geography, outside the named Europe (Iceland)",0,false,false,not_searched,false,sources/cement_ccs_entries.json,eufabric census,2026-09-15,day,out of perimeter; not scored,not_searched,false,sources/cement_ccs_entries.json,eufabric census,2026-09-15,day,out of perimeter; not scored,not_searched,false,sources/cement_ccs_entries.json,eufabric census,2026-09-15,day,out of perimeter; not scored,not_searched,false,sources/cement_ccs_entries.json,eufabric census,2026-09-15,day,out of perimeter; not scored,not_searched,false,sources/cement_ccs_entries.json,eufabric census,2026-09-15,day,out of perimeter; not scored,not_searched,false,sources/cement_ccs_entries.json,eufabric census,2026-09-15,day,out of perimeter; not scored,false
transport and storage,ieaccus:103,103,,Coda terminal Phase 2,Island,perimeter exclusion,Planned,0.7,Mt CO2 a year,"geography, outside the named Europe (Iceland)",0,false,false,not_searched,false,sources/cement_ccs_entries.json,eufabric census,2026-09-15,day,out of perimeter; not scored,not_searched,false,sources/cement_ccs_entries.json,eufabric census,2026-09-15,day,out of perimeter; not scored,not_searched,false,sources/cement_ccs_entries.json,eufabric census,2026-09-15,day,out of perimeter; not scored,not_searched,false,sources/cement_ccs_entries.json,eufabric census,2026-09-15,day,out of perimeter; not scored,not_searched,false,sources/cement_ccs_entries.json,eufabric census,2026-09-15,day,out of perimeter; not scored,not_searched,false,sources/cement_ccs_entries.json,eufabric census,2026-09-15,day,out of perimeter; not scored,false
transport and storage,ieaccus:104,104,,Coda terminal phase 3,Island,perimeter exclusion,Planned,1.6,Mt CO2 a year,"geography, outside the named Europe (Iceland)",0,false,false,not_searched,false,sources/cement_ccs_entries.json,eufabric census,2026-09-15,day,out of perimeter; not scored,not_searched,false,sources/cement_ccs_entries.json,eufabric census,2026-09-15,day,out of perimeter; not scored,not_searched,false,sources/cement_ccs_entries.json,eufabric census,2026-09-15,day,out of perimeter; not scored,not_searched,false,sources/cement_ccs_entries.json,eufabric census,2026-09-15,day,out of perimeter; not scored,not_searched,false,sources/cement_ccs_entries.json,eufabric census,2026-09-15,day,out of perimeter; not scored,not_searched,false,sources/cement_ccs_entries.json,eufabric census,2026-09-15,day,out of perimeter; not scored,false
transport and storage,ieaccus:121,121,,D'Artagnan Dunkirk CO2 Hub Phase 1,France,named not admitted,Planned,1.5,Mt CO2 a year,,1,true,false,pass,true,sources/cement_ccs_entries.json,owner or permit source,2026-09-15,day,the census read an owner or permit source that names the site and the perimeter still refuses the entry,fail,true,sources/cement_ccs_entries.json,eufabric census,2026-09-15,day,no owner document on file; the census is the record of looking,fail,true,sources/cement_ccs_entries.json,eufabric census,2026-09-15,day,no owner document on file; the census is the record of looking,fail,true,sources/funder_pass.json,eufabric funder pass,2026-09-19,day,the funder lists of sources/funder_pass.json — the Innovation Fund's own project table of 413 projects and 163 of its factsheets — name no award for this entry,fail,true,sources/cement_ccs_entries.json,eufabric census,2026-09-15,day,no owner document on file; the census is the record of looking,not_searched,false,sources/edges.json,eufabric dependency sweep,2026-09-11,day,"no register row, so no owner side to sweep; the graph names no edge for this entry",false
transport and storage,ieaccus:122,122,,D'Artagnan Dunkirk CO2 Hub Phase 2,France,named not admitted,Planned,1.4,Mt CO2 a year,,1,true,false,pass,true,sources/cement_ccs_entries.json,owner or permit source,2026-09-15,day,the census read an owner or permit source that names the site and the perimeter still refuses the entry,fail,true,sources/cement_ccs_entries.json,eufabric census,2026-09-15,day,no owner document on file; the census is the record of looking,fail,true,sources/cement_ccs_entries.json,eufabric census,2026-09-15,day,no owner document on file; the census is the record of looking,fail,true,sources/funder_pass.json,eufabric funder pass,2026-09-19,day,the funder lists of sources/funder_pass.json — the Innovation Fund's own project table of 413 projects and 163 of its factsheets — name no award for this entry,fail,true,sources/cement_ccs_entries.json,eufabric census,2026-09-15,day,no owner document on file; the census is the record of looking,not_searched,false,sources/edges.json,eufabric dependency sweep,2026-09-11,day,"no register row, so no owner side to sweep; the graph names no edge for this entry",false
transport and storage,ieaccus:123,123,,D'Artagnan Dunkirk CO2 Hub Phase 3,France,named not admitted,Planned,5.6,Mt CO2 a year,,1,true,false,pass,true,sources/cement_ccs_entries.json,owner or permit source,2026-09-15,day,the census read an owner or permit source that names the site and the perimeter still refuses the entry,fail,true,sources/cement_ccs_entries.json,eufabric census,2026-09-15,day,no owner document on file; the census is the record of looking,fail,true,sources/cement_ccs_entries.json,eufabric census,2026-09-15,day,no owner document on file; the census is the record of looking,fail,true,sources/funder_pass.json,eufabric funder pass,2026-09-19,day,the funder lists of sources/funder_pass.json — the Innovation Fund's own project table of 413 projects and 163 of its factsheets — name no award for this entry,fail,true,sources/cement_ccs_entries.json,eufabric census,2026-09-15,day,no owner document on file; the census is the record of looking,not_searched,false,sources/edges.json,eufabric dependency sweep,2026-09-11,day,"no register row, so no owner side to sweep; the graph names no edge for this entry",false
transport and storage,ieaccus:126,126,,Delta Rhyne Corridor ,Germany-Netherlands,unreadable,Planned,22,Mt CO2 a year,,0,false,true,unread,true,,,,,the publisher could not be read; queued for a browser pass,unread,true,,,,,the publisher could not be read; queued for a browser pass,unread,true,,,,,the publisher could not be read; queued for a browser pass,unread,true,,,,,the publisher could not be read; queued for a browser pass,unread,true,,,,,the publisher could not be read; queued for a browser pass,unread,true,,,,,the publisher could not be read; queued for a browser pass,false
transport and storage,ieaccus:249,249,porthos,Porthos onshore transport,Netherlands,admitted,Under construction,10,Mt CO2 a year,,1,true,false,pass,true,https://www.porthosco2.nl/en/,Porthos,2020-03-16,day,the admitting source names the site as 'Rotterdam',fail,true,https://www.porthosco2.nl/en/,owner,2020-03-16,day,no capacity stated by the owner on file,fail,true,https://www.porthosco2.nl/en/,owner,2020-03-16,day,no owner statement that FID has been taken,fail,true,sources/funder_pass.json,eufabric funder pass,2026-09-19,day,the funder lists of sources/funder_pass.json — the Innovation Fund's own project table of 413 projects and 163 of its factsheets — name no award for this entry,fail,true,https://www.porthosco2.nl/en/,owner,2020-03-16,day,no owner-stated start carrying a date precision,not_searched,false,sources/edges.json,eufabric dependency sweep,2026-09-11,day,"the dependency sweep of brief 9 did not reach this row: it is not in `owner_side`, so no supplier question has been asked of it",true
transport and storage,ieaccus:265,265,liverpool-bay-ccs,Liverpool Bay CCS project phase 1,United Kingdom,admitted,Under construction,4.5,Mt CO2 a year,,1,true,false,pass,true,https://www.eni.com/en-IT/media/press-release/2023/03/eni-as-the-key-ccs-developer-in-the-uk.html,Eni,2026-05-06,day,the admitting source names the site as 'Liverpool Bay',fail,true,https://www.eni.com/en-IT/media/press-release/2023/03/eni-as-the-key-ccs-developer-in-the-uk.html,owner,2026-05-06,day,no capacity stated by the owner on file,fail,true,https://www.eni.com/en-IT/media/press-release/2023/03/eni-as-the-key-ccs-developer-in-the-uk.html,owner,2026-05-06,day,no owner statement that FID has been taken,fail,true,sources/funder_pass.json,eufabric funder pass,2026-09-19,day,the funder lists of sources/funder_pass.json — the Innovation Fund's own project table of 413 projects and 163 of its factsheets — name no award for this entry,fail,true,https://www.eni.com/en-IT/media/press-release/2023/03/eni-as-the-key-ccs-developer-in-the-uk.html,owner,2026-05-06,day,no owner-stated start carrying a date precision,not_searched,false,sources/edges.json,eufabric dependency sweep,2026-09-11,day,"the dependency sweep of brief 9 did not reach this row: it is not in `owner_side`, so no supplier question has been asked of it",true
transport and storage,ieaccus:266,266,liverpool-bay-ccs,Liverpool Bay CCS expansion project (phase 2),United Kingdom,admitted,Planned,5.5,Mt CO2 a year,,1,true,false,pass,true,https://www.eni.com/en-IT/media/press-release/2023/03/eni-as-the-key-ccs-developer-in-the-uk.html,Eni,2026-05-06,day,the admitting source names the site as 'Liverpool Bay',fail,true,https://www.eni.com/en-IT/media/press-release/2023/03/eni-as-the-key-ccs-developer-in-the-uk.html,owner,2026-05-06,day,no capacity stated by the owner on file,fail,true,https://www.eni.com/en-IT/media/press-release/2023/03/eni-as-the-key-ccs-developer-in-the-uk.html,owner,2026-05-06,day,no owner statement that FID has been taken,fail,true,sources/funder_pass.json,eufabric funder pass,2026-09-19,day,the funder lists of sources/funder_pass.json — the Innovation Fund's own project table of 413 projects and 163 of its factsheets — name no award for this entry,fail,true,https://www.eni.com/en-IT/media/press-release/2023/03/eni-as-the-key-ccs-developer-in-the-uk.html,owner,2026-05-06,day,no owner-stated start carrying a date precision,not_searched,false,sources/edges.json,eufabric dependency sweep,2026-09-11,day,"the dependency sweep of brief 9 did not reach this row: it is not in `owner_side`, so no supplier question has been asked of it",true
transport and storage,ieaccus:285,285,,L10 CCS,Netherlands,unreadable,Planned,5,Mt CO2 a year,,0,false,true,unread,true,,,,,the publisher could not be read; queued for a browser pass,unread,true,,,,,the publisher could not be read; queued for a browser pass,unread,true,,,,,the publisher could not be read; queued for a browser pass,unread,true,,,,,the publisher could not be read; queued for a browser pass,unread,true,,,,,the publisher could not be read; queued for a browser pass,unread,true,,,,,the publisher could not be read; queued for a browser pass,false
transport and storage,ieaccus:286,286,,L10 CCS phase 2,Netherlands,unreadable,Cancelled,3,Mt CO2 a year,,0,false,true,unread,true,,,,,the publisher could not be read; queued for a browser pass,unread,true,,,,,the publisher could not be read; queued for a browser pass,unread,true,,,,,the publisher could not be read; queued for a browser pass,unread,true,,,,,the publisher could not be read; queued for a browser pass,unread,true,,,,,the publisher could not be read; queued for a browser pass,unread,true,,,,,the publisher could not be read; queued for a browser pass,false
transport and storage,ieaccus:294,294,,Northern Endurance Partnership phase 1,United Kingdom,named not admitted,Under construction,4,Mt CO2 a year,,1,true,false,pass,true,sources/cement_ccs_entries.json,owner or permit source,2026-09-15,day,the census read an owner or permit source that names the site and the perimeter still refuses the entry,fail,true,sources/cement_ccs_entries.json,eufabric census,2026-09-15,day,no owner document on file; the census is the record of looking,fail,true,sources/cement_ccs_entries.json,eufabric census,2026-09-15,day,no owner document on file; the census is the record of looking,fail,true,sources/funder_pass.json,eufabric funder pass,2026-09-19,day,the funder lists of sources/funder_pass.json — the Innovation Fund's own project table of 413 projects and 163 of its factsheets — name no award for this entry,fail,true,sources/cement_ccs_entries.json,eufabric census,2026-09-15,day,no owner document on file; the census is the record of looking,not_searched,false,sources/edges.json,eufabric dependency sweep,2026-09-11,day,"no register row, so no owner side to sweep; the graph names no edge for this entry",false
transport and storage,ieaccus:295,295,northern-lights,Northern Lights Phase 1,Norway,held,Operational,1.5,Mt CO2 a year,,2,true,false,pass,true,https://norlights.com/what-we-do/,owner,2026-08-28,day,row carries a position from a company or permit source,fail,true,https://norlights.com/what-we-do/,owner,2026-08-28,day,no capacity stated by the owner on file,pass,true,https://www.equinor.com/news/20250825-first-co2-volumes-stored-at-northern-lights,owner,2025-08-25,day,status_to operating,fail,true,sources/funder_pass.json,eufabric funder pass,2026-09-19,day,the funder lists of sources/funder_pass.json — the Innovation Fund's own project table of 413 projects and 163 of its factsheets — name no award for this entry,fail,true,https://norlights.com/what-we-do/,owner,2026-08-28,day,no owner-stated start carrying a date precision,fail,true,https://norlights.com/news/ccb-energy-and-northern-lights-collaboration-on-co2-management-in-oygarden/,supplier,2022-04-22,day,framework_agreement at firmness framework,true
transport and storage,ieaccus:296,296,northern-lights,Northern Lights Phase 2,Norway,held,Under construction,3.7,Mt CO2 a year,,2,true,false,pass,true,https://norlights.com/what-we-do/,owner,2026-08-28,day,row carries a position from a company or permit source,fail,true,https://norlights.com/what-we-do/,owner,2026-08-28,day,no capacity stated by the owner on file,pass,true,https://www.equinor.com/news/20250825-first-co2-volumes-stored-at-northern-lights,owner,2025-08-25,day,status_to operating,fail,true,sources/funder_pass.json,eufabric funder pass,2026-09-19,day,the funder lists of sources/funder_pass.json — the Innovation Fund's own project table of 413 projects and 163 of its factsheets — name no award for this entry,fail,true,https://norlights.com/what-we-do/,owner,2026-08-28,day,no owner-stated start carrying a date precision,fail,true,https://norlights.com/news/ccb-energy-and-northern-lights-collaboration-on-co2-management-in-oygarden/,supplier,2022-04-22,day,framework_agreement at firmness framework,true
transport and storage,ieaccus:319,319,,ECO2CEE (Poland EU CCS Interconnector) phase 1,"Poland, Latvia, Lithuania",named not admitted,Planned,3,Mt CO2 a year,,1,true,false,pass,true,sources/cement_ccs_entries.json,owner or permit source,2026-09-15,day,the census read an owner or permit source that names the site and the perimeter still refuses the entry,fail,true,sources/cement_ccs_entries.json,eufabric census,2026-09-15,day,no owner document on file; the census is the record of looking,fail,true,sources/cement_ccs_entries.json,eufabric census,2026-09-15,day,no owner document on file; the census is the record of looking,fail,true,sources/funder_pass.json,eufabric funder pass,2026-09-19,day,the funder lists of sources/funder_pass.json — the Innovation Fund's own project table of 413 projects and 163 of its factsheets — name no award for this entry,fail,true,sources/cement_ccs_entries.json,eufabric census,2026-09-15,day,no owner document on file; the census is the record of looking,not_searched,false,sources/edges.json,eufabric dependency sweep,2026-09-11,day,"no register row, so no owner side to sweep; the graph names no edge for this entry",false
transport and storage,ieaccus:320,320,,ECO2CEE (previously Poland EU CCS Interconnector) phase 2,"Poland, Latvia, Lithuania",named not admitted,Planned,6,Mt CO2 a year,,1,true,false,pass,true,sources/cement_ccs_entries.json,owner or permit source,2026-09-15,day,the census read an owner or permit source that names the site and the perimeter still refuses the entry,fail,true,sources/cement_ccs_entries.json,eufabric census,2026-09-15,day,no owner document on file; the census is the record of looking,fail,true,sources/cement_ccs_entries.json,eufabric census,2026-09-15,day,no owner document on file; the census is the record of looking,fail,true,sources/funder_pass.json,eufabric funder pass,2026-09-19,day,the funder lists of sources/funder_pass.json — the Innovation Fund's own project table of 413 projects and 163 of its factsheets — name no award for this entry,fail,true,sources/cement_ccs_entries.json,eufabric census,2026-09-15,day,no owner document on file; the census is the record of looking,not_searched,false,sources/edges.json,eufabric dependency sweep,2026-09-11,day,"no register row, so no owner side to sweep; the graph names no edge for this entry",false
transport and storage,ieaccus:322,322,,Polaris offshore storage facility,Norway,searched none found,Planned,4 - 8,Mt CO2 a year,,0,true,false,fail,true,sources/cement_ccs_entries.json,eufabric census,2026-09-15,day,the census read the owner's own sources and none names a site for this project,fail,true,sources/cement_ccs_entries.json,eufabric census,2026-09-15,day,no owner document on file; the census is the record of looking,fail,true,sources/cement_ccs_entries.json,eufabric census,2026-09-15,day,no owner document on file; the census is the record of looking,fail,true,sources/funder_pass.json,eufabric funder pass,2026-09-19,day,the funder lists of sources/funder_pass.json — the Innovation Fund's own project table of 413 projects and 163 of its factsheets — name no award for this entry,fail,true,sources/cement_ccs_entries.json,eufabric census,2026-09-15,day,no owner document on file; the census is the record of looking,not_searched,false,sources/edges.json,eufabric dependency sweep,2026-09-11,day,"no register row, so no owner side to sweep; the graph names no edge for this entry",false
transport and storage,ieaccus:325,325,porthos,Porthos offshore transport and storage,Netherlands,admitted,Under construction,2.5,Mt CO2 a year,,1,true,false,pass,true,https://www.porthosco2.nl/en/,Porthos,2020-03-16,day,the admitting source names the site as 'Rotterdam',fail,true,https://www.porthosco2.nl/en/,owner,2020-03-16,day,no capacity stated by the owner on file,fail,true,https://www.porthosco2.nl/en/,owner,2020-03-16,day,no owner statement that FID has been taken,fail,true,sources/funder_pass.json,eufabric funder pass,2026-09-19,day,the funder lists of sources/funder_pass.json — the Innovation Fund's own project table of 413 projects and 163 of its factsheets — name no award for this entry,fail,true,https://www.porthosco2.nl/en/,owner,2020-03-16,day,no owner-stated start carrying a date precision,not_searched,false,sources/edges.json,eufabric dependency sweep,2026-09-11,day,"the dependency sweep of brief 9 did not reach this row: it is not in `owner_side`, so no supplier question has been asked of it",true
transport and storage,ieaccus:331,331,bifrost,Project Bifrost Phase 1,Denmark,admitted,Planned,2 - 5,Mt CO2 a year,,1,true,false,pass,true,https://bifrost-ccs.com/,Project Bifrost,2025-03-11,day,"the admitting source names the site as 'Harald field, Danish North Sea'",fail,true,https://bifrost-ccs.com/,owner,2025-03-11,day,no capacity stated by the owner on file,fail,true,https://bifrost-ccs.com/,owner,2025-03-11,day,no owner statement that FID has been taken,fail,true,sources/funder_pass.json,eufabric funder pass,2026-09-19,day,the funder lists of sources/funder_pass.json — the Innovation Fund's own project table of 413 projects and 163 of its factsheets — name no award for this entry,fail,true,https://bifrost-ccs.com/,owner,2025-03-11,day,no owner-stated start carrying a date precision,not_searched,false,sources/edges.json,eufabric dependency sweep,2026-09-11,day,"the dependency sweep of brief 9 did not reach this row: it is not in `owner_side`, so no supplier question has been asked of it",true
transport and storage,ieaccus:335,335,greensand,Greensand Future phase 1,Denmark,admitted,Under construction,0.4,Mt CO2 a year,,1,true,false,pass,true,https://projectgreensand.com/,Project Greensand (INEOS,2026-04-28,day,"the admitting source names the site as 'Nini West, Danish North Sea'",fail,true,https://projectgreensand.com/,owner,2026-04-28,day,no capacity stated by the owner on file,fail,true,https://projectgreensand.com/,owner,2026-04-28,day,no owner statement that FID has been taken,fail,true,sources/funder_pass.json,eufabric funder pass,2026-09-19,day,the funder lists of sources/funder_pass.json — the Innovation Fund's own project table of 413 projects and 163 of its factsheets — name no award for this entry,fail,true,https://projectgreensand.com/,owner,2026-04-28,day,no owner-stated start carrying a date precision,not_searched,false,sources/edges.json,eufabric dependency sweep,2026-09-11,day,"the dependency sweep of brief 9 did not reach this row: it is not in `owner_side`, so no supplier question has been asked of it",true
transport and storage,ieaccus:336,336,greensand,Project Greensand phase 2,Denmark,admitted,Planned,7.6,Mt CO2 a year,,2,true,false,pass,true,https://projectgreensand.com/,Project Greensand (INEOS,2026-04-28,day,"the admitting source names the site as 'Nini West, Danish North Sea'",fail,true,https://projectgreensand.com/,owner,2026-04-28,day,no capacity stated by the owner on file,fail,true,https://projectgreensand.com/,owner,2026-04-28,day,no owner statement that FID has been taken,pass,true,https://ec.europa.eu/assets/cinea/project_fiches/innovation_fund/101191033.pdf,"European Commission (CINEA), Innovation Fund",2023,year,"Innovation Fund, IF23Call – General medium-scale names 'Greensand Future: contributing to EU’s CO 2 emissions reduction target by establishing critical EU storage capacity' at EUR 41,041,661; the funder's own status is Grant signed; matched on the fiche names the 2023 Greensand pilot and Nini West, and the coordinator is INEOS E A/S",fail,true,https://projectgreensand.com/,owner,2026-04-28,day,no owner-stated start carrying a date precision,not_searched,false,sources/edges.json,eufabric dependency sweep,2026-09-11,day,"the dependency sweep of brief 9 did not reach this row: it is not in `owner_side`, so no supplier question has been asked of it",true
transport and storage,ieaccus:343,343,,PYCASSO hub phase 1 - eastern and western pipeline,France,searched none found,Planned,1 - 3,Mt CO2 a year,,0,true,false,fail,true,sources/cement_ccs_entries.json,eufabric census,2026-09-15,day,the census read the owner's own sources and none names a site for this project,fail,true,sources/cement_ccs_entries.json,eufabric census,2026-09-15,day,no owner document on file; the census is the record of looking,fail,true,sources/cement_ccs_entries.json,eufabric census,2026-09-15,day,no owner document on file; the census is the record of looking,fail,true,sources/funder_pass.json,eufabric funder pass,2026-09-19,day,the funder lists of sources/funder_pass.json — the Innovation Fund's own project table of 413 projects and 163 of its factsheets — name no award for this entry,fail,true,sources/cement_ccs_entries.json,eufabric census,2026-09-15,day,no owner document on file; the census is the record of looking,not_searched,false,sources/edges.json,eufabric dependency sweep,2026-09-11,day,"no register row, so no owner side to sweep; the graph names no edge for this entry",false
transport and storage,ieaccus:349,349,,Ravenna CCS phase 2,Italy,searched none found,Planned,4,Mt CO2 a year,,0,true,false,fail,true,sources/cement_ccs_entries.json,eufabric census,2026-09-15,day,the census read the owner's own sources and none names a site for this project,fail,true,sources/cement_ccs_entries.json,eufabric census,2026-09-15,day,no owner document on file; the census is the record of looking,fail,true,sources/cement_ccs_entries.json,eufabric census,2026-09-15,day,no owner document on file; the census is the record of looking,fail,true,sources/funder_pass.json,eufabric funder pass,2026-09-19,day,the funder lists of sources/funder_pass.json — the Innovation Fund's own project table of 413 projects and 163 of its factsheets — name no award for this entry,fail,true,sources/cement_ccs_entries.json,eufabric census,2026-09-15,day,no owner document on file; the census is the record of looking,not_searched,false,sources/edges.json,eufabric dependency sweep,2026-09-11,day,"no register row, so no owner side to sweep; the graph names no edge for this entry",false
transport and storage,ieaccus:403,403,viking-ccs,Viking CCS Phase 1,United Kingdom,admitted,Planned,3.6,Mt CO2 a year,,1,true,false,pass,true,https://www.vikingccs.co.uk/,Viking CCS (Harbour Energy operator,2026-09-15,not_after,the admitting source names the site as 'Immingham and the Humber',fail,true,https://www.vikingccs.co.uk/,owner,2026-09-15,not_after,no capacity stated by the owner on file,fail,true,https://www.vikingccs.co.uk/,owner,2026-09-15,not_after,no owner statement that FID has been taken,fail,true,sources/funder_pass.json,eufabric funder pass,2026-09-19,day,the funder lists of sources/funder_pass.json — the Innovation Fund's own project table of 413 projects and 163 of its factsheets — name no award for this entry,fail,true,https://www.vikingccs.co.uk/,owner,2026-09-15,not_after,no owner-stated start carrying a date precision,not_searched,false,sources/edges.json,eufabric dependency sweep,2026-09-11,day,"the dependency sweep of brief 9 did not reach this row: it is not in `owner_side`, so no supplier question has been asked of it",true
transport and storage,ieaccus:404,404,viking-ccs,Viking CCS Phase 2,United Kingdom,admitted,Planned,6.4,Mt CO2 a year,,1,true,false,pass,true,https://www.vikingccs.co.uk/,Viking CCS (Harbour Energy operator,2026-09-15,not_after,the admitting source names the site as 'Immingham and the Humber',fail,true,https://www.vikingccs.co.uk/,owner,2026-09-15,not_after,no capacity stated by the owner on file,fail,true,https://www.vikingccs.co.uk/,owner,2026-09-15,not_after,no owner statement that FID has been taken,fail,true,sources/funder_pass.json,eufabric funder pass,2026-09-19,day,the funder lists of sources/funder_pass.json — the Innovation Fund's own project table of 413 projects and 163 of its factsheets — name no award for this entry,fail,true,https://www.vikingccs.co.uk/,owner,2026-09-15,not_after,no owner-stated start carrying a date precision,not_searched,false,sources/edges.json,eufabric dependency sweep,2026-09-11,day,"the dependency sweep of brief 9 did not reach this row: it is not in `owner_side`, so no supplier question has been asked of it",true
transport and storage,ieaccus:452,452,,Northern Endurance Partnership phase 2,United Kingdom,named not admitted,Planned,4,Mt CO2 a year,,1,true,false,pass,true,sources/cement_ccs_entries.json,owner or permit source,2026-09-15,day,the census read an owner or permit source that names the site and the perimeter still refuses the entry,fail,true,sources/cement_ccs_entries.json,eufabric census,2026-09-15,day,no owner document on file; the census is the record of looking,fail,true,sources/cement_ccs_entries.json,eufabric census,2026-09-15,day,no owner document on file; the census is the record of looking,fail,true,sources/funder_pass.json,eufabric funder pass,2026-09-19,day,the funder lists of sources/funder_pass.json — the Innovation Fund's own project table of 413 projects and 163 of its factsheets — name no award for this entry,fail,true,sources/cement_ccs_entries.json,eufabric census,2026-09-15,day,no owner document on file; the census is the record of looking,not_searched,false,sources/edges.json,eufabric dependency sweep,2026-09-11,day,"no register row, so no owner side to sweep; the graph names no edge for this entry",false
transport and storage,ieaccus:460,460,,Northern Endurance Partnership phase 3,United Kingdom,named not admitted,Planned,2,Mt CO2 a year,,1,true,false,pass,true,sources/cement_ccs_entries.json,owner or permit source,2026-09-15,day,the census read an owner or permit source that names the site and the perimeter still refuses the entry,fail,true,sources/cement_ccs_entries.json,eufabric census,2026-09-15,day,no owner document on file; the census is the record of looking,fail,true,sources/cement_ccs_entries.json,eufabric census,2026-09-15,day,no owner document on file; the census is the record of looking,fail,true,sources/funder_pass.json,eufabric funder pass,2026-09-19,day,the funder lists of sources/funder_pass.json — the Innovation Fund's own project table of 413 projects and 163 of its factsheets — name no award for this entry,fail,true,sources/cement_ccs_entries.json,eufabric census,2026-09-15,day,no owner document on file; the census is the record of looking,not_searched,false,sources/edges.json,eufabric dependency sweep,2026-09-11,day,"no register row, so no owner side to sweep; the graph names no edge for this entry",false
transport and storage,ieaccus:519,519,bacton-ccs,Bacton CCS,United Kingdom,admitted,Planned,5 - 10,Mt CO2 a year,,1,true,false,pass,true,https://www.eni.com/en-IT/media/press-release/2022/09/eni-uk-applies-for-carbon-storage-license-for-hewett-depleted-field.html,Eni UK,2026-05-06,day,"the admitting source names the site as 'Hewett field, Southern North Sea'",fail,true,https://www.eni.com/en-IT/media/press-release/2022/09/eni-uk-applies-for-carbon-storage-license-for-hewett-depleted-field.html,owner,2026-05-06,day,no capacity stated by the owner on file,fail,true,https://www.eni.com/en-IT/media/press-release/2022/09/eni-uk-applies-for-carbon-storage-license-for-hewett-depleted-field.html,owner,2026-05-06,day,no owner statement that FID has been taken,fail,true,sources/funder_pass.json,eufabric funder pass,2026-09-19,day,the funder lists of sources/funder_pass.json — the Innovation Fund's own project table of 413 projects and 163 of its factsheets — name no award for this entry,fail,true,https://www.eni.com/en-IT/media/press-release/2022/09/eni-uk-applies-for-carbon-storage-license-for-hewett-depleted-field.html,owner,2026-05-06,day,no owner-stated start carrying a date precision,not_searched,false,sources/edges.json,eufabric dependency sweep,2026-09-11,day,"the dependency sweep of brief 9 did not reach this row: it is not in `owner_side`, so no supplier question has been asked of it",true
transport and storage,ieaccus:526,526,,Errai storage project,Norway,unreadable,Cancelled,4 - 8,Mt CO2 a year,,0,false,true,unread,true,,,,,the publisher could not be read; queued for a browser pass,unread,true,,,,,the publisher could not be read; queued for a browser pass,unread,true,,,,,the publisher could not be read; queued for a browser pass,unread,true,,,,,the publisher could not be read; queued for a browser pass,unread,true,,,,,the publisher could not be read; queued for a browser pass,unread,true,,,,,the publisher could not be read; queued for a browser pass,false
transport and storage,ieaccus:527,527,,CO2nnectNow HES Wilhelmshaven Tank Terminal phase 1,Germany,searched none found,Planned,10,Mt CO2 a year,,0,true,false,fail,true,sources/cement_ccs_entries.json,eufabric census,2026-09-15,day,the census read the owner's own sources and none names a site for this project,fail,true,sources/cement_ccs_entries.json,eufabric census,2026-09-15,day,no owner document on file; the census is the record of looking,fail,true,sources/cement_ccs_entries.json,eufabric census,2026-09-15,day,no owner document on file; the census is the record of looking,fail,true,sources/funder_pass.json,eufabric funder pass,2026-09-19,day,the funder lists of sources/funder_pass.json — the Innovation Fund's own project table of 413 projects and 163 of its factsheets — name no award for this entry,fail,true,sources/cement_ccs_entries.json,eufabric census,2026-09-15,day,no owner document on file; the census is the record of looking,not_searched,false,sources/edges.json,eufabric dependency sweep,2026-09-11,day,"no register row, so no owner side to sweep; the graph names no edge for this entry",false
transport and storage,ieaccus:528,528,,"CO2T (formerly known as NOR-GE, Windershall DEA - Equinor pipeline)",Netherlands-Norway,named not admitted,Planned,20,Mt CO2 a year,,1,true,false,pass,true,sources/cement_ccs_entries.json,owner or permit source,2026-09-15,day,the census read an owner or permit source that names the site and the perimeter still refuses the entry,fail,true,sources/cement_ccs_entries.json,eufabric census,2026-09-15,day,no owner document on file; the census is the record of looking,fail,true,sources/cement_ccs_entries.json,eufabric census,2026-09-15,day,no owner document on file; the census is the record of looking,fail,true,sources/funder_pass.json,eufabric funder pass,2026-09-19,day,the funder lists of sources/funder_pass.json — the Innovation Fund's own project table of 413 projects and 163 of its factsheets — name no award for this entry,fail,true,sources/cement_ccs_entries.json,eufabric census,2026-09-15,day,no owner document on file; the census is the record of looking,not_searched,false,sources/edges.json,eufabric dependency sweep,2026-09-11,day,"no register row, so no owner side to sweep; the graph names no edge for this entry",false
transport and storage,ieaccus:530,530,,Luna storage,Norway,perimeter exclusion,Planned,5,Mt CO2 a year,exploration licence; becomes a store on a development plan or storage permit,0,false,false,not_searched,false,sources/cement_ccs_entries.json,eufabric census,2026-09-15,day,out of perimeter; not scored,not_searched,false,sources/cement_ccs_entries.json,eufabric census,2026-09-15,day,out of perimeter; not scored,not_searched,false,sources/cement_ccs_entries.json,eufabric census,2026-09-15,day,out of perimeter; not scored,not_searched,false,sources/cement_ccs_entries.json,eufabric census,2026-09-15,day,out of perimeter; not scored,not_searched,false,sources/cement_ccs_entries.json,eufabric census,2026-09-15,day,out of perimeter; not scored,not_searched,false,sources/cement_ccs_entries.json,eufabric census,2026-09-15,day,out of perimeter; not scored,false
transport and storage,ieaccus:532,532,ghent-carbon-hub,Ghent Carbon Hub,Belgium,admitted,Planned,6,Mt CO2 a year,,1,true,false,pass,true,https://www.fluxys.com/en/press-releases/fluxys-group/2022/220818_press_ghent_carbon_hub,Fluxys,2026-09-15,not_after,the admitting source names the site as 'Ghent',fail,true,https://www.fluxys.com/en/press-releases/fluxys-group/2022/220818_press_ghent_carbon_hub,owner,2026-09-15,not_after,no capacity stated by the owner on file,fail,true,https://www.fluxys.com/en/press-releases/fluxys-group/2022/220818_press_ghent_carbon_hub,owner,2026-09-15,not_after,no owner statement that FID has been taken,fail,true,sources/funder_pass.json,eufabric funder pass,2026-09-19,day,the funder lists of sources/funder_pass.json — the Innovation Fund's own project table of 413 projects and 163 of its factsheets — name no award for this entry,fail,true,https://www.fluxys.com/en/press-releases/fluxys-group/2022/220818_press_ghent_carbon_hub,owner,2026-09-15,not_after,no owner-stated start carrying a date precision,not_searched,false,sources/edges.json,eufabric dependency sweep,2026-09-11,day,"the dependency sweep of brief 9 did not reach this row: it is not in `owner_side`, so no supplier question has been asked of it",true
transport and storage,ieaccus:546,546,,Protos CO2 network phase 1,United Kingdom,unreadable,Planned,0.8,Mt CO2 a year,,0,false,true,unread,true,,,,,the publisher could not be read; queued for a browser pass,unread,true,,,,,the publisher could not be read; queued for a browser pass,unread,true,,,,,the publisher could not be read; queued for a browser pass,unread,true,,,,,the publisher could not be read; queued for a browser pass,unread,true,,,,,the publisher could not be read; queued for a browser pass,unread,true,,,,,the publisher could not be read; queued for a browser pass,false
transport and storage,ieaccus:547,547,,Protos CO2 network phase 2,United Kingdom,unreadable,Planned,0.4,Mt CO2 a year,,0,false,true,unread,true,,,,,the publisher could not be read; queued for a browser pass,unread,true,,,,,the publisher could not be read; queued for a browser pass,unread,true,,,,,the publisher could not be read; queued for a browser pass,unread,true,,,,,the publisher could not be read; queued for a browser pass,unread,true,,,,,the publisher could not be read; queued for a browser pass,unread,true,,,,,the publisher could not be read; queued for a browser pass,false
transport and storage,ieaccus:570,570,medway-hub-ccs,Medway Hub CCS,United Kingdom,admitted,Planned,6,Mt CO2 a year,,1,true,false,pass,true,https://www.synergiaenergy.com/sites/synergia-energy-ltd/files/synergia-energy-ltd/operations/united-kingdom/medway-hub-ccs-r7-we.pdf,Synergia Energy,2026-09-15,not_after,"the admitting source names the site as 'Forbes reservoir, Southern North Sea'",fail,true,https://www.synergiaenergy.com/sites/synergia-energy-ltd/files/synergia-energy-ltd/operations/united-kingdom/medway-hub-ccs-r7-we.pdf,owner,2026-09-15,not_after,no capacity stated by the owner on file,fail,true,https://www.synergiaenergy.com/sites/synergia-energy-ltd/files/synergia-energy-ltd/operations/united-kingdom/medway-hub-ccs-r7-we.pdf,owner,2026-09-15,not_after,no owner statement that FID has been taken,fail,true,sources/funder_pass.json,eufabric funder pass,2026-09-19,day,the funder lists of sources/funder_pass.json — the Innovation Fund's own project table of 413 projects and 163 of its factsheets — name no award for this entry,fail,true,https://www.synergiaenergy.com/sites/synergia-energy-ltd/files/synergia-energy-ltd/operations/united-kingdom/medway-hub-ccs-r7-we.pdf,owner,2026-09-15,not_after,no owner-stated start carrying a date precision,not_searched,false,sources/edges.json,eufabric dependency sweep,2026-09-11,day,"the dependency sweep of brief 9 did not reach this row: it is not in `owner_side`, so no supplier question has been asked of it",true
transport and storage,ieaccus:585,585,antwerp-c-export-hub,Antwerp@C CO2 Export Hub phase 2,Belgium,admitted,Planned,2500000,t_co2_per_year,,2,true,false,pass,true,https://www.airliquide.com/group/press-releases-news/2022-12-12/air-liquide-fluxys-belgium-and-port-antwerp-bruges-awarded-eu-funding-building-antwerpc-co2-export,Air Liquide,2022-12-12,day,the admitting source names the site as 'Antwerp',pass,true,https://www.airliquide.com/group/press-releases-news/2022-12-12/air-liquide-fluxys-belgium-and-port-antwerp-bruges-awarded-eu-funding-building-antwerpc-co2-export,owner,2022-12-12,day,2500000 t_co2_per_year as stated,fail,true,https://www.airliquide.com/group/press-releases-news/2022-12-12/air-liquide-fluxys-belgium-and-port-antwerp-bruges-awarded-eu-funding-building-antwerpc-co2-export,owner,2022-12-12,day,no owner statement that FID has been taken,fail,true,sources/funder_pass.json,eufabric funder pass,2026-09-19,day,the funder lists of sources/funder_pass.json — the Innovation Fund's own project table of 413 projects and 163 of its factsheets — name no award for this entry,fail,true,https://www.airliquide.com/group/press-releases-news/2022-12-12/air-liquide-fluxys-belgium-and-port-antwerp-bruges-awarded-eu-funding-building-antwerpc-co2-export,owner,2022-12-12,day,no owner-stated start carrying a date precision,not_searched,false,sources/edges.json,eufabric dependency sweep,2026-09-11,day,"the dependency sweep of brief 9 did not reach this row: it is not in `owner_side`, so no supplier question has been asked of it",true
transport and storage,ieaccus:615,615,morecambe-net-zero,Morecambe Net Zero,United Kingdom,admitted,Planned,3,Mt CO2 a year,,1,true,false,pass,true,https://www.spirit-energy.com/newsroom/press-releases/spirit-energy-launches-plan-for-carbon-storage-cluster/,Spirit Energy,2023-01-31,day,the admitting source names the site as 'Morecambe Bay',fail,true,https://www.spirit-energy.com/newsroom/press-releases/spirit-energy-launches-plan-for-carbon-storage-cluster/,owner,2023-01-31,day,no capacity stated by the owner on file,fail,true,https://www.spirit-energy.com/newsroom/press-releases/spirit-energy-launches-plan-for-carbon-storage-cluster/,owner,2023-01-31,day,no owner statement that FID has been taken,fail,true,sources/funder_pass.json,eufabric funder pass,2026-09-19,day,the funder lists of sources/funder_pass.json — the Innovation Fund's own project table of 413 projects and 163 of its factsheets — name no award for this entry,fail,true,https://www.spirit-energy.com/newsroom/press-releases/spirit-energy-launches-plan-for-carbon-storage-cluster/,owner,2023-01-31,day,no owner-stated start carrying a date precision,not_searched,false,sources/edges.json,eufabric dependency sweep,2026-09-11,day,"the dependency sweep of brief 9 did not reach this row: it is not in `owner_side`, so no supplier question has been asked of it",true
transport and storage,ieaccus:648,648,,ECO2CEE (previously Poland EU CCS Interconnector) phase 3,"Poland, Latvia, Lithuania",named not admitted,Planned,0.3,Mt CO2 a year,,1,true,false,pass,true,sources/cement_ccs_entries.json,owner or permit source,2026-09-15,day,the census read an owner or permit source that names the site and the perimeter still refuses the entry,fail,true,sources/cement_ccs_entries.json,eufabric census,2026-09-15,day,no owner document on file; the census is the record of looking,fail,true,sources/cement_ccs_entries.json,eufabric census,2026-09-15,day,no owner document on file; the census is the record of looking,fail,true,sources/funder_pass.json,eufabric funder pass,2026-09-19,day,the funder lists of sources/funder_pass.json — the Innovation Fund's own project table of 413 projects and 163 of its factsheets — name no award for this entry,fail,true,sources/cement_ccs_entries.json,eufabric census,2026-09-15,day,no owner document on file; the census is the record of looking,not_searched,false,sources/edges.json,eufabric dependency sweep,2026-09-11,day,"no register row, so no owner side to sweep; the graph names no edge for this entry",false
transport and storage,ieaccus:649,649,,ECO2Normandy phase 1,France,named not admitted,Planned,3,Mt CO2 a year,,1,true,false,pass,true,sources/cement_ccs_entries.json,owner or permit source,2026-09-15,day,the census read an owner or permit source that names the site and the perimeter still refuses the entry,fail,true,sources/cement_ccs_entries.json,eufabric census,2026-09-15,day,no owner document on file; the census is the record of looking,fail,true,sources/cement_ccs_entries.json,eufabric census,2026-09-15,day,no owner document on file; the census is the record of looking,fail,true,sources/funder_pass.json,eufabric funder pass,2026-09-19,day,the funder lists of sources/funder_pass.json — the Innovation Fund's own project table of 413 projects and 163 of its factsheets — name no award for this entry,fail,true,sources/cement_ccs_entries.json,eufabric census,2026-09-15,day,no owner document on file; the census is the record of looking,not_searched,false,sources/edges.json,eufabric dependency sweep,2026-09-11,day,"no register row, so no owner side to sweep; the graph names no edge for this entry",false
transport and storage,ieaccus:652,652,,Callisto Mediterranean CO2 Network phase 1,France-Italy,searched none found,Planned,3.6,Mt CO2 a year,,0,true,false,fail,true,sources/cement_ccs_entries.json,eufabric census,2026-09-15,day,the census read the owner's own sources and none names a site for this project,fail,true,sources/cement_ccs_entries.json,eufabric census,2026-09-15,day,no owner document on file; the census is the record of looking,fail,true,sources/cement_ccs_entries.json,eufabric census,2026-09-15,day,no owner document on file; the census is the record of looking,fail,true,sources/funder_pass.json,eufabric funder pass,2026-09-19,day,the funder lists of sources/funder_pass.json — the Innovation Fund's own project table of 413 projects and 163 of its factsheets — name no award for this entry,fail,true,sources/cement_ccs_entries.json,eufabric census,2026-09-15,day,no owner document on file; the census is the record of looking,not_searched,false,sources/edges.json,eufabric dependency sweep,2026-09-11,day,"no register row, so no owner side to sweep; the graph names no edge for this entry",false
transport and storage,ieaccus:653,653,,Callisto Mediterranean CO2 Network phase 2,France-Italy,searched none found,Planned,2.8,Mt CO2 a year,,0,true,false,fail,true,sources/cement_ccs_entries.json,eufabric census,2026-09-15,day,the census read the owner's own sources and none names a site for this project,fail,true,sources/cement_ccs_entries.json,eufabric census,2026-09-15,day,no owner document on file; the census is the record of looking,fail,true,sources/cement_ccs_entries.json,eufabric census,2026-09-15,day,no owner document on file; the census is the record of looking,fail,true,sources/funder_pass.json,eufabric funder pass,2026-09-19,day,the funder lists of sources/funder_pass.json — the Innovation Fund's own project table of 413 projects and 163 of its factsheets — name no award for this entry,fail,true,sources/cement_ccs_entries.json,eufabric census,2026-09-15,day,no owner document on file; the census is the record of looking,not_searched,false,sources/edges.json,eufabric dependency sweep,2026-09-11,day,"no register row, so no owner side to sweep; the graph names no edge for this entry",false
transport and storage,ieaccus:654,654,,C Zero phase 1,Germany-Netherlands,searched none found,Planned,,,,0,true,false,fail,true,sources/cement_ccs_entries.json,eufabric census,2026-09-15,day,the census read the owner's own sources and none names a site for this project,fail,true,sources/cement_ccs_entries.json,eufabric census,2026-09-15,day,no owner document on file; the census is the record of looking,fail,true,sources/cement_ccs_entries.json,eufabric census,2026-09-15,day,no owner document on file; the census is the record of looking,fail,true,sources/funder_pass.json,eufabric funder pass,2026-09-19,day,the funder lists of sources/funder_pass.json — the Innovation Fund's own project table of 413 projects and 163 of its factsheets — name no award for this entry,fail,true,sources/cement_ccs_entries.json,eufabric census,2026-09-15,day,no owner document on file; the census is the record of looking,not_searched,false,sources/edges.json,eufabric dependency sweep,2026-09-11,day,"no register row, so no owner side to sweep; the graph names no edge for this entry",false
transport and storage,ieaccus:655,655,,C Zero phase 2,Germany-Netherlands,searched none found,Planned,,,,0,true,false,fail,true,sources/cement_ccs_entries.json,eufabric census,2026-09-15,day,the census read the owner's own sources and none names a site for this project,fail,true,sources/cement_ccs_entries.json,eufabric census,2026-09-15,day,no owner document on file; the census is the record of looking,fail,true,sources/cement_ccs_entries.json,eufabric census,2026-09-15,day,no owner document on file; the census is the record of looking,fail,true,sources/funder_pass.json,eufabric funder pass,2026-09-19,day,the funder lists of sources/funder_pass.json — the Innovation Fund's own project table of 413 projects and 163 of its factsheets — name no award for this entry,fail,true,sources/cement_ccs_entries.json,eufabric census,2026-09-15,day,no owner document on file; the census is the record of looking,not_searched,false,sources/edges.json,eufabric dependency sweep,2026-09-11,day,"no register row, so no owner side to sweep; the graph names no edge for this entry",false
transport and storage,ieaccus:656,656,,C Zero phase 3,Germany-Netherlands,searched none found,Planned,,,,0,true,false,fail,true,sources/cement_ccs_entries.json,eufabric census,2026-09-15,day,the census read the owner's own sources and none names a site for this project,fail,true,sources/cement_ccs_entries.json,eufabric census,2026-09-15,day,no owner document on file; the census is the record of looking,fail,true,sources/cement_ccs_entries.json,eufabric census,2026-09-15,day,no owner document on file; the census is the record of looking,fail,true,sources/funder_pass.json,eufabric funder pass,2026-09-19,day,the funder lists of sources/funder_pass.json — the Innovation Fund's own project table of 413 projects and 163 of its factsheets — name no award for this entry,fail,true,sources/cement_ccs_entries.json,eufabric census,2026-09-15,day,no owner document on file; the census is the record of looking,not_searched,false,sources/edges.json,eufabric dependency sweep,2026-09-11,day,"no register row, so no owner side to sweep; the graph names no edge for this entry",false
transport and storage,ieaccus:661,661,,EU2NSEA PCI Project,Norway,searched none found,Cancelled,20 - 50,Mt CO2 a year,,0,true,false,fail,true,sources/cement_ccs_entries.json,eufabric census,2026-09-15,day,the census read the owner's own sources and none names a site for this project,fail,true,sources/cement_ccs_entries.json,eufabric census,2026-09-15,day,no owner document on file; the census is the record of looking,fail,true,sources/cement_ccs_entries.json,eufabric census,2026-09-15,day,no owner document on file; the census is the record of looking,fail,true,sources/funder_pass.json,eufabric funder pass,2026-09-19,day,the funder lists of sources/funder_pass.json — the Innovation Fund's own project table of 413 projects and 163 of its factsheets — name no award for this entry,fail,true,sources/cement_ccs_entries.json,eufabric census,2026-09-15,day,no owner document on file; the census is the record of looking,not_searched,false,sources/edges.json,eufabric dependency sweep,2026-09-11,day,"no register row, so no owner side to sweep; the graph names no edge for this entry",false
transport and storage,ieaccus:664,664,,"CO2 TransPorts phase 2 (cross-border pipeline, phase 1 is Porthos and Antwerp?)",Belgium-Netherlands,named not admitted,Planned,5,Mt CO2 a year,,1,true,false,pass,true,sources/cement_ccs_entries.json,owner or permit source,2026-09-15,day,the census read an owner or permit source that names the site and the perimeter still refuses the entry,fail,true,sources/cement_ccs_entries.json,eufabric census,2026-09-15,day,no owner document on file; the census is the record of looking,fail,true,sources/cement_ccs_entries.json,eufabric census,2026-09-15,day,no owner document on file; the census is the record of looking,fail,true,sources/funder_pass.json,eufabric funder pass,2026-09-19,day,the funder lists of sources/funder_pass.json — the Innovation Fund's own project table of 413 projects and 163 of its factsheets — name no award for this entry,fail,true,sources/cement_ccs_entries.json,eufabric census,2026-09-15,day,no owner document on file; the census is the record of looking,not_searched,false,sources/edges.json,eufabric dependency sweep,2026-09-11,day,"no register row, so no owner side to sweep; the graph names no edge for this entry",false
transport and storage,ieaccus:670,670,norne-gassum,Gassum storage/Fyrkat network (Norne carbon storage hub),Denmark,admitted,Planned,2.6,Mt CO2 a year,,1,true,false,pass,true,https://www.prnewswire.com/news-releases/fidelis-new-energy-to-store-3-million-tons-of-co2-in-denmark-in-2026-and-10-million-tons-by-2028-301638454.html,Fidelis New Energy,2022-10-03,day,the admitting source names the site as 'Gassum',fail,true,https://www.prnewswire.com/news-releases/fidelis-new-energy-to-store-3-million-tons-of-co2-in-denmark-in-2026-and-10-million-tons-by-2028-301638454.html,owner,2022-10-03,day,no capacity stated by the owner on file,fail,true,https://www.prnewswire.com/news-releases/fidelis-new-energy-to-store-3-million-tons-of-co2-in-denmark-in-2026-and-10-million-tons-by-2028-301638454.html,owner,2022-10-03,day,no owner statement that FID has been taken,fail,true,sources/funder_pass.json,eufabric funder pass,2026-09-19,day,the funder lists of sources/funder_pass.json — the Innovation Fund's own project table of 413 projects and 163 of its factsheets — name no award for this entry,fail,true,https://www.prnewswire.com/news-releases/fidelis-new-energy-to-store-3-million-tons-of-co2-in-denmark-in-2026-and-10-million-tons-by-2028-301638454.html,owner,2022-10-03,day,no owner-stated start carrying a date precision,not_searched,false,sources/edges.json,eufabric dependency sweep,2026-09-11,day,"the dependency sweep of brief 9 did not reach this row: it is not in `owner_side`, so no supplier question has been asked of it",true
transport and storage,ieaccus:671,671,norne-havnso,Havnso storage/Trelleborg network (Norne carbon storage hub),Denmark,admitted,Planned,16.4,Mt CO2 a year,,1,true,false,pass,true,https://www.prnewswire.com/news-releases/fidelis-new-energy-to-store-3-million-tons-of-co2-in-denmark-in-2026-and-10-million-tons-by-2028-301638454.html,Fidelis New Energy,2022-10-03,day,the admitting source names the site as 'Havnso',fail,true,https://www.prnewswire.com/news-releases/fidelis-new-energy-to-store-3-million-tons-of-co2-in-denmark-in-2026-and-10-million-tons-by-2028-301638454.html,owner,2022-10-03,day,no capacity stated by the owner on file,fail,true,https://www.prnewswire.com/news-releases/fidelis-new-energy-to-store-3-million-tons-of-co2-in-denmark-in-2026-and-10-million-tons-by-2028-301638454.html,owner,2022-10-03,day,no owner statement that FID has been taken,fail,true,sources/funder_pass.json,eufabric funder pass,2026-09-19,day,the funder lists of sources/funder_pass.json — the Innovation Fund's own project table of 413 projects and 163 of its factsheets — name no award for this entry,fail,true,https://www.prnewswire.com/news-releases/fidelis-new-energy-to-store-3-million-tons-of-co2-in-denmark-in-2026-and-10-million-tons-by-2028-301638454.html,owner,2022-10-03,day,no owner-stated start carrying a date precision,not_searched,false,sources/edges.json,eufabric dependency sweep,2026-09-11,day,"the dependency sweep of brief 9 did not reach this row: it is not in `owner_side`, so no supplier question has been asked of it",true
transport and storage,ieaccus:672,672,norne-aalborg-terminal,Port of Aalborg terminal and pipeline to Fyrkat (Norne carbon storage hub),Denmark,admitted,Under construction,15,Mt CO2 a year,,1,true,false,pass,true,https://www.prnewswire.com/news-releases/fidelis-new-energy-to-store-3-million-tons-of-co2-in-denmark-in-2026-and-10-million-tons-by-2028-301638454.html,Fidelis New Energy,2022-10-03,day,the admitting source names the site as 'Port of Aalborg',fail,true,https://www.prnewswire.com/news-releases/fidelis-new-energy-to-store-3-million-tons-of-co2-in-denmark-in-2026-and-10-million-tons-by-2028-301638454.html,owner,2022-10-03,day,no capacity stated by the owner on file,fail,true,https://www.prnewswire.com/news-releases/fidelis-new-energy-to-store-3-million-tons-of-co2-in-denmark-in-2026-and-10-million-tons-by-2028-301638454.html,owner,2022-10-03,day,no owner statement that FID has been taken,fail,true,sources/funder_pass.json,eufabric funder pass,2026-09-19,day,the funder lists of sources/funder_pass.json — the Innovation Fund's own project table of 413 projects and 163 of its factsheets — name no award for this entry,fail,true,https://www.prnewswire.com/news-releases/fidelis-new-energy-to-store-3-million-tons-of-co2-in-denmark-in-2026-and-10-million-tons-by-2028-301638454.html,owner,2022-10-03,day,no owner-stated start carrying a date precision,not_searched,false,sources/edges.json,eufabric dependency sweep,2026-09-11,day,"the dependency sweep of brief 9 did not reach this row: it is not in `owner_side`, so no supplier question has been asked of it",true
transport and storage,ieaccus:673,673,norne-kalundborg-terminal,Port of Kalundborg terminal and pipeline to Trelleborg phase 1 (Norne carbon storage hub),Denmark,admitted,Planned,4,Mt CO2 a year,,1,true,false,pass,true,https://norneccs.com/en/news/,Fidelis New Energy,2022-07-20,day,the admitting source names the site as 'Port of Kalundborg',fail,true,https://norneccs.com/en/news/,owner,2022-07-20,day,no capacity stated by the owner on file,fail,true,https://norneccs.com/en/news/,owner,2022-07-20,day,no owner statement that FID has been taken,fail,true,sources/funder_pass.json,eufabric funder pass,2026-09-19,day,the funder lists of sources/funder_pass.json — the Innovation Fund's own project table of 413 projects and 163 of its factsheets — name no award for this entry,fail,true,https://norneccs.com/en/news/,owner,2022-07-20,day,no owner-stated start carrying a date precision,not_searched,false,sources/edges.json,eufabric dependency sweep,2026-09-11,day,"the dependency sweep of brief 9 did not reach this row: it is not in `owner_side`, so no supplier question has been asked of it",true
transport and storage,ieaccus:674,674,norne-kalundborg-terminal,Port of Kalundborg terminal and pipeline to Trelleborg phase 2 (Norne carbon storage hub),Denmark,admitted,Planned,8,Mt CO2 a year,,1,true,false,pass,true,https://norneccs.com/en/news/,Fidelis New Energy,2022-07-20,day,the admitting source names the site as 'Port of Kalundborg',fail,true,https://norneccs.com/en/news/,owner,2022-07-20,day,no capacity stated by the owner on file,fail,true,https://norneccs.com/en/news/,owner,2022-07-20,day,no owner statement that FID has been taken,fail,true,sources/funder_pass.json,eufabric funder pass,2026-09-19,day,the funder lists of sources/funder_pass.json — the Innovation Fund's own project table of 413 projects and 163 of its factsheets — name no award for this entry,fail,true,https://norneccs.com/en/news/,owner,2022-07-20,day,no owner-stated start carrying a date precision,not_searched,false,sources/edges.json,eufabric dependency sweep,2026-09-11,day,"the dependency sweep of brief 9 did not reach this row: it is not in `owner_side`, so no supplier question has been asked of it",true
transport and storage,ieaccus:675,675,german-carbon-transport-grid,German carbon transport grid,Germany,admitted,Planned,18.8 - 25.8,Mt CO2 a year,,1,true,false,pass,true,https://www.oge.net/de/co2/co2-netz,Open Grid Europe,2026-09-15,not_after,the admitting source names the site as 'Germany',fail,true,https://www.oge.net/de/co2/co2-netz,owner,2026-09-15,not_after,no capacity stated by the owner on file,fail,true,https://www.oge.net/de/co2/co2-netz,owner,2026-09-15,not_after,no owner statement that FID has been taken,fail,true,sources/funder_pass.json,eufabric funder pass,2026-09-19,day,the funder lists of sources/funder_pass.json — the Innovation Fund's own project table of 413 projects and 163 of its factsheets — name no award for this entry,fail,true,https://www.oge.net/de/co2/co2-netz,owner,2026-09-15,not_after,no owner-stated start carrying a date precision,not_searched,false,sources/edges.json,eufabric dependency sweep,2026-09-11,day,"the dependency sweep of brief 9 did not reach this row: it is not in `owner_side`, so no supplier question has been asked of it",true
transport and storage,ieaccus:676,676,,Equinor Smeaheia storage phase 2,Norway,perimeter exclusion,Cancelled,24,Mt CO2 a year,exploration licence; becomes a store on a development plan or storage permit,0,false,false,not_searched,false,sources/cement_ccs_entries.json,eufabric census,2026-09-15,day,out of perimeter; not scored,not_searched,false,sources/cement_ccs_entries.json,eufabric census,2026-09-15,day,out of perimeter; not scored,not_searched,false,sources/cement_ccs_entries.json,eufabric census,2026-09-15,day,out of perimeter; not scored,not_searched,false,sources/cement_ccs_entries.json,eufabric census,2026-09-15,day,out of perimeter; not scored,not_searched,false,sources/cement_ccs_entries.json,eufabric census,2026-09-15,day,out of perimeter; not scored,not_searched,false,sources/cement_ccs_entries.json,eufabric census,2026-09-15,day,out of perimeter; not scored,false
transport and storage,ieaccus:677,677,,North Sea CO2 corridor (Zeebrugge - Germany),Belgium-Germany,searched none found,Planned,20,Mt CO2 a year,,0,true,false,fail,true,sources/cement_ccs_entries.json,eufabric census,2026-09-15,day,the census read the owner's own sources and none names a site for this project,fail,true,sources/cement_ccs_entries.json,eufabric census,2026-09-15,day,no owner document on file; the census is the record of looking,fail,true,sources/cement_ccs_entries.json,eufabric census,2026-09-15,day,no owner document on file; the census is the record of looking,fail,true,sources/funder_pass.json,eufabric funder pass,2026-09-19,day,the funder lists of sources/funder_pass.json — the Innovation Fund's own project table of 413 projects and 163 of its factsheets — name no award for this entry,fail,true,sources/cement_ccs_entries.json,eufabric census,2026-09-15,day,no owner document on file; the census is the record of looking,not_searched,false,sources/edges.json,eufabric dependency sweep,2026-09-11,day,"no register row, so no owner side to sweep; the graph names no edge for this entry",false
transport and storage,ieaccus:678,678,,WH2V therminal (Wilhelshaven green energy hub phase 1),Multiple Europe,named not admitted,Planned,10,Mt CO2 a year,,1,true,false,pass,true,sources/cement_ccs_entries.json,owner or permit source,2026-09-15,day,the census read an owner or permit source that names the site and the perimeter still refuses the entry,fail,true,sources/cement_ccs_entries.json,eufabric census,2026-09-15,day,no owner document on file; the census is the record of looking,fail,true,sources/cement_ccs_entries.json,eufabric census,2026-09-15,day,no owner document on file; the census is the record of looking,fail,true,sources/funder_pass.json,eufabric funder pass,2026-09-19,day,the funder lists of sources/funder_pass.json — the Innovation Fund's own project table of 413 projects and 163 of its factsheets — name no award for this entry,fail,true,sources/cement_ccs_entries.json,eufabric census,2026-09-15,day,no owner document on file; the census is the record of looking,not_searched,false,sources/edges.json,eufabric dependency sweep,2026-09-11,day,"no register row, so no owner side to sweep; the graph names no edge for this entry",false
transport and storage,ieaccus:679,679,,NL CCS Direct Injection Phase 1,Netherlands,searched none found,Cancelled,3,Mt CO2 a year,,0,true,false,fail,true,sources/cement_ccs_entries.json,eufabric census,2026-09-15,day,the census read the owner's own sources and none names a site for this project,fail,true,sources/cement_ccs_entries.json,eufabric census,2026-09-15,day,no owner document on file; the census is the record of looking,fail,true,sources/cement_ccs_entries.json,eufabric census,2026-09-15,day,no owner document on file; the census is the record of looking,fail,true,sources/funder_pass.json,eufabric funder pass,2026-09-19,day,the funder lists of sources/funder_pass.json — the Innovation Fund's own project table of 413 projects and 163 of its factsheets — name no award for this entry,fail,true,sources/cement_ccs_entries.json,eufabric census,2026-09-15,day,no owner document on file; the census is the record of looking,not_searched,false,sources/edges.json,eufabric dependency sweep,2026-09-11,day,"no register row, so no owner side to sweep; the graph names no edge for this entry",false
transport and storage,ieaccus:682,682,bifrost,Project Bifrost Phase 2,Denmark,admitted,Planned,10,Mt CO2 a year,,1,true,false,pass,true,https://bifrost-ccs.com/,Project Bifrost,2025-03-11,day,"the admitting source names the site as 'Harald field, Danish North Sea'",fail,true,https://bifrost-ccs.com/,owner,2025-03-11,day,no capacity stated by the owner on file,fail,true,https://bifrost-ccs.com/,owner,2025-03-11,day,no owner statement that FID has been taken,fail,true,sources/funder_pass.json,eufabric funder pass,2026-09-19,day,the funder lists of sources/funder_pass.json — the Innovation Fund's own project table of 413 projects and 163 of its factsheets — name no award for this entry,fail,true,https://bifrost-ccs.com/,owner,2025-03-11,day,no owner-stated start carrying a date precision,not_searched,false,sources/edges.json,eufabric dependency sweep,2026-09-11,day,"the dependency sweep of brief 9 did not reach this row: it is not in `owner_side`, so no supplier question has been asked of it",true
transport and storage,ieaccus:683,683,ccs-baltic-klaipeda,"CCS Baltic Consortium, Klapeida terminal",Latvia-Lithuania,admitted,Planned,4,Mt CO2 a year,,1,true,false,pass,true,https://ccs-baltic.eu/,CCS Baltic Consortium,2023-06-01,day,the admitting source names the site as 'Klaipeda',fail,true,https://ccs-baltic.eu/,owner,2023-06-01,day,no capacity stated by the owner on file,fail,true,https://ccs-baltic.eu/,owner,2023-06-01,day,no owner statement that FID has been taken,fail,true,sources/funder_pass.json,eufabric funder pass,2026-09-19,day,the funder lists of sources/funder_pass.json — the Innovation Fund's own project table of 413 projects and 163 of its factsheets — name no award for this entry,fail,true,https://ccs-baltic.eu/,owner,2023-06-01,day,no owner-stated start carrying a date precision,not_searched,false,sources/edges.json,eufabric dependency sweep,2026-09-11,day,"the dependency sweep of brief 9 did not reach this row: it is not in `owner_side`, so no supplier question has been asked of it",true
transport and storage,ieaccus:684,684,,Geothermal CCS Croatia,Croatia,searched none found,Planned,0.63,Mt CO2 a year,,0,true,false,fail,true,sources/cement_ccs_entries.json,eufabric census,2026-09-15,day,the census read the owner's own sources and none names a site for this project,fail,true,sources/cement_ccs_entries.json,eufabric census,2026-09-15,day,no owner document on file; the census is the record of looking,fail,true,sources/cement_ccs_entries.json,eufabric census,2026-09-15,day,no owner document on file; the census is the record of looking,fail,true,sources/funder_pass.json,eufabric funder pass,2026-09-19,day,the funder lists of sources/funder_pass.json — the Innovation Fund's own project table of 413 projects and 163 of its factsheets — name no award for this entry,fail,true,sources/cement_ccs_entries.json,eufabric census,2026-09-15,day,no owner document on file; the census is the record of looking,not_searched,false,sources/edges.json,eufabric dependency sweep,2026-09-11,day,"no register row, so no owner side to sweep; the graph names no edge for this entry",false
transport and storage,ieaccus:685,685,,PYCASSO hub phase 2 - northern and cross-border pipeline,France-Spain,searched none found,Planned,6,Mt CO2 a year,,0,true,false,fail,true,sources/cement_ccs_entries.json,eufabric census,2026-09-15,day,the census read the owner's own sources and none names a site for this project,fail,true,sources/cement_ccs_entries.json,eufabric census,2026-09-15,day,no owner document on file; the census is the record of looking,fail,true,sources/cement_ccs_entries.json,eufabric census,2026-09-15,day,no owner document on file; the census is the record of looking,fail,true,sources/funder_pass.json,eufabric funder pass,2026-09-19,day,the funder lists of sources/funder_pass.json — the Innovation Fund's own project table of 413 projects and 163 of its factsheets — name no award for this entry,fail,true,sources/cement_ccs_entries.json,eufabric census,2026-09-15,day,no owner document on file; the census is the record of looking,not_searched,false,sources/edges.json,eufabric dependency sweep,2026-09-11,day,"no register row, so no owner side to sweep; the graph names no edge for this entry",false
transport and storage,ieaccus:687,687,,Augusta C2 ,Italy-Greece,searched none found,Planned,0.2,Mt CO2 a year,,0,true,false,fail,true,sources/cement_ccs_entries.json,eufabric census,2026-09-15,day,the census read the owner's own sources and none names a site for this project,fail,true,sources/cement_ccs_entries.json,eufabric census,2026-09-15,day,no owner document on file; the census is the record of looking,fail,true,sources/cement_ccs_entries.json,eufabric census,2026-09-15,day,no owner document on file; the census is the record of looking,fail,true,sources/funder_pass.json,eufabric funder pass,2026-09-19,day,the funder lists of sources/funder_pass.json — the Innovation Fund's own project table of 413 projects and 163 of its factsheets — name no award for this entry,fail,true,sources/cement_ccs_entries.json,eufabric census,2026-09-15,day,no owner document on file; the census is the record of looking,not_searched,false,sources/edges.json,eufabric dependency sweep,2026-09-11,day,"no register row, so no owner side to sweep; the graph names no edge for this entry",false
transport and storage,ieaccus:688,688,prinos-co2-storage,Prinos CCS phase 1,Greece,held,Planned,1,Mt CO2 a year,,1,true,false,pass,true,https://ifestos.eu/about-us/,owner,2026-08-28,day,row carries a position from a company or permit source,fail,true,https://ifestos.eu/about-us/,owner,2026-08-28,day,no capacity stated by the owner on file,fail,true,https://ifestos.eu/about-us/,owner,2026-08-28,day,no owner statement that FID has been taken,fail,true,sources/funder_pass.json,eufabric funder pass,2026-09-19,day,the funder lists of sources/funder_pass.json — the Innovation Fund's own project table of 413 projects and 163 of its factsheets — name no award for this entry,fail,true,https://ifestos.eu/about-us/,owner,2026-08-28,day,no owner-stated start carrying a date precision,fail,true,sources/edges.json,eufabric dependency sweep,2026-09-11,day,"no edge in the dependency graph names this project; the date is the graph's newest statement, not a sweep date",true
transport and storage,ieaccus:689,689,prinos-co2-storage,Prinos CCS phase 2,Greece,held,Planned,1.8,Mt CO2 a year,,1,true,false,pass,true,https://ifestos.eu/about-us/,owner,2026-08-28,day,row carries a position from a company or permit source,fail,true,https://ifestos.eu/about-us/,owner,2026-08-28,day,no capacity stated by the owner on file,fail,true,https://ifestos.eu/about-us/,owner,2026-08-28,day,no owner statement that FID has been taken,fail,true,sources/funder_pass.json,eufabric funder pass,2026-09-19,day,the funder lists of sources/funder_pass.json — the Innovation Fund's own project table of 413 projects and 163 of its factsheets — name no award for this entry,fail,true,https://ifestos.eu/about-us/,owner,2026-08-28,day,no owner-stated start carrying a date precision,fail,true,sources/edges.json,eufabric dependency sweep,2026-09-11,day,"no edge in the dependency graph names this project; the date is the graph's newest statement, not a sweep date",true
transport and storage,ieaccus:705,705,viking-ccs,Viking CCS Phase 3,United Kingdom,admitted,Planned,5,Mt CO2 a year,,1,true,false,pass,true,https://www.vikingccs.co.uk/,Viking CCS (Harbour Energy operator,2026-09-15,not_after,the admitting source names the site as 'Immingham and the Humber',fail,true,https://www.vikingccs.co.uk/,owner,2026-09-15,not_after,no capacity stated by the owner on file,fail,true,https://www.vikingccs.co.uk/,owner,2026-09-15,not_after,no owner statement that FID has been taken,fail,true,sources/funder_pass.json,eufabric funder pass,2026-09-19,day,the funder lists of sources/funder_pass.json — the Innovation Fund's own project table of 413 projects and 163 of its factsheets — name no award for this entry,fail,true,https://www.vikingccs.co.uk/,owner,2026-09-15,not_after,no owner-stated start carrying a date precision,not_searched,false,sources/edges.json,eufabric dependency sweep,2026-09-11,day,"the dependency sweep of brief 9 did not reach this row: it is not in `owner_side`, so no supplier question has been asked of it",true
transport and storage,ieaccus:710,710,,Trudvang storage project (EXL007),Norway,perimeter exclusion,Planned,5 - 10,Mt CO2 a year,exploration licence; becomes a store on a development plan or storage permit,0,false,false,not_searched,false,sources/cement_ccs_entries.json,eufabric census,2026-09-15,day,out of perimeter; not scored,not_searched,false,sources/cement_ccs_entries.json,eufabric census,2026-09-15,day,out of perimeter; not scored,not_searched,false,sources/cement_ccs_entries.json,eufabric census,2026-09-15,day,out of perimeter; not scored,not_searched,false,sources/cement_ccs_entries.json,eufabric census,2026-09-15,day,out of perimeter; not scored,not_searched,false,sources/cement_ccs_entries.json,eufabric census,2026-09-15,day,out of perimeter; not scored,not_searched,false,sources/cement_ccs_entries.json,eufabric census,2026-09-15,day,out of perimeter; not scored,false
transport and storage,ieaccus:725,725,,CO₂ EOR Project Croatia - Žutica South ,Croatia,perimeter exclusion,Operational,,,enhanced oil recovery,0,false,false,not_searched,false,sources/cement_ccs_entries.json,eufabric census,2026-09-15,day,out of perimeter; not scored,not_searched,false,sources/cement_ccs_entries.json,eufabric census,2026-09-15,day,out of perimeter; not scored,not_searched,false,sources/cement_ccs_entries.json,eufabric census,2026-09-15,day,out of perimeter; not scored,not_searched,false,sources/cement_ccs_entries.json,eufabric census,2026-09-15,day,out of perimeter; not scored,not_searched,false,sources/cement_ccs_entries.json,eufabric census,2026-09-15,day,out of perimeter; not scored,not_searched,false,sources/cement_ccs_entries.json,eufabric census,2026-09-15,day,out of perimeter; not scored,false
transport and storage,ieaccus:746,746,norvik-nice,Norvik Infrastructure CCS East (NICE),Sweden,admitted,Planned,9,Mt CO2 a year,,1,true,false,pass,true,https://www.portsofstockholm.com/about-us/environmental-work/ccs-at-stockholm-norvik-port/,Ports of Stockholm,2026-09-15,not_after,the admitting source names the site as 'Stockholm Norvik Port',fail,true,https://www.portsofstockholm.com/about-us/environmental-work/ccs-at-stockholm-norvik-port/,owner,2026-09-15,not_after,no capacity stated by the owner on file,fail,true,https://www.portsofstockholm.com/about-us/environmental-work/ccs-at-stockholm-norvik-port/,owner,2026-09-15,not_after,no owner statement that FID has been taken,fail,true,sources/funder_pass.json,eufabric funder pass,2026-09-19,day,the funder lists of sources/funder_pass.json — the Innovation Fund's own project table of 413 projects and 163 of its factsheets — name no award for this entry,fail,true,https://www.portsofstockholm.com/about-us/environmental-work/ccs-at-stockholm-norvik-port/,owner,2026-09-15,not_after,no owner-stated start carrying a date precision,not_searched,false,sources/edges.json,eufabric dependency sweep,2026-09-11,day,"the dependency sweep of brief 9 did not reach this row: it is not in `owner_side`, so no supplier question has been asked of it",true
transport and storage,ieaccus:768,768,peak-cluster-transport,Peak cluster transport,United Kingdom,admitted,Planned,3,Mt CO2 a year,,1,true,false,pass,true,https://www.peakcluster.co.uk/,The Peak Cluster,2026-09-15,not_after,the admitting source names the site as 'Peak District',fail,true,https://www.peakcluster.co.uk/,owner,2026-09-15,not_after,no capacity stated by the owner on file,fail,true,https://www.peakcluster.co.uk/,owner,2026-09-15,not_after,no owner statement that FID has been taken,fail,true,sources/funder_pass.json,eufabric funder pass,2026-09-19,day,the funder lists of sources/funder_pass.json — the Innovation Fund's own project table of 413 projects and 163 of its factsheets — name no award for this entry,fail,true,https://www.peakcluster.co.uk/,owner,2026-09-15,not_after,no owner-stated start carrying a date precision,not_searched,false,sources/edges.json,eufabric dependency sweep,2026-09-11,day,"the dependency sweep of brief 9 did not reach this row: it is not in `owner_side`, so no supplier question has been asked of it",true
transport and storage,ieaccus:772,772,starfish-havstjerne,STARFISH project (Havstjerne CO2 storage/Altera Stella Maris CCS Project Phase 1),Norway,admitted,Planned,4.275,Mt CO2 a year,,1,true,false,pass,true,https://alterainfra.com/articles/one-step-closer-to-realising-stella-maris-ccs,Altera Infrastructure,2026-09-15,not_after,the admitting source names the site as 'Egersund basin',fail,true,https://alterainfra.com/articles/one-step-closer-to-realising-stella-maris-ccs,owner,2026-09-15,not_after,no capacity stated by the owner on file,fail,true,https://alterainfra.com/articles/one-step-closer-to-realising-stella-maris-ccs,owner,2026-09-15,not_after,no owner statement that FID has been taken,fail,true,sources/funder_pass.json,eufabric funder pass,2026-09-19,day,the funder lists of sources/funder_pass.json — the Innovation Fund's own project table of 413 projects and 163 of its factsheets — name no award for this entry,fail,true,https://alterainfra.com/articles/one-step-closer-to-realising-stella-maris-ccs,owner,2026-09-15,not_after,no owner-stated start carrying a date precision,not_searched,false,sources/edges.json,eufabric dependency sweep,2026-09-11,day,"the dependency sweep of brief 9 did not reach this row: it is not in `owner_side`, so no supplier question has been asked of it",true
transport and storage,ieaccus:774,774,,Navigator Terminal train,United Kingdom,named not admitted,Planned,,,,1,true,false,pass,true,sources/cement_ccs_entries.json,owner or permit source,2026-09-15,day,the census read an owner or permit source that names the site and the perimeter still refuses the entry,fail,true,sources/cement_ccs_entries.json,eufabric census,2026-09-15,day,no owner document on file; the census is the record of looking,fail,true,sources/cement_ccs_entries.json,eufabric census,2026-09-15,day,no owner document on file; the census is the record of looking,fail,true,sources/funder_pass.json,eufabric funder pass,2026-09-19,day,the funder lists of sources/funder_pass.json — the Innovation Fund's own project table of 413 projects and 163 of its factsheets — name no award for this entry,fail,true,sources/cement_ccs_entries.json,eufabric census,2026-09-15,day,no owner document on file; the census is the record of looking,not_searched,false,sources/edges.json,eufabric dependency sweep,2026-09-11,day,"no register row, so no owner side to sweep; the graph names no edge for this entry",false
transport and storage,ieaccus:775,775,,Poseidon CO2 storage,Norway,perimeter exclusion,Planned,5,Mt CO2 a year,exploration licence; becomes a store on a development plan or storage permit,0,false,false,not_searched,false,sources/cement_ccs_entries.json,eufabric census,2026-09-15,day,out of perimeter; not scored,not_searched,false,sources/cement_ccs_entries.json,eufabric census,2026-09-15,day,out of perimeter; not scored,not_searched,false,sources/cement_ccs_entries.json,eufabric census,2026-09-15,day,out of perimeter; not scored,not_searched,false,sources/cement_ccs_entries.json,eufabric census,2026-09-15,day,out of perimeter; not scored,not_searched,false,sources/cement_ccs_entries.json,eufabric census,2026-09-15,day,out of perimeter; not scored,not_searched,false,sources/cement_ccs_entries.json,eufabric census,2026-09-15,day,out of perimeter; not scored,false
transport and storage,ieaccus:784,784,,Project Ruby (Rodby) phase 1,Denmark,unreadable,Planned,1,Mt CO2 a year,,0,false,true,unread,true,,,,,the publisher could not be read; queued for a browser pass,unread,true,,,,,the publisher could not be read; queued for a browser pass,unread,true,,,,,the publisher could not be read; queued for a browser pass,unread,true,,,,,the publisher could not be read; queued for a browser pass,unread,true,,,,,the publisher could not be read; queued for a browser pass,unread,true,,,,,the publisher could not be read; queued for a browser pass,false
transport and storage,ieaccus:785,785,,Project Ruby (Rodby) phase 2,Denmark,unreadable,Planned,4 - 9,Mt CO2 a year,,0,false,true,unread,true,,,,,the publisher could not be read; queued for a browser pass,unread,true,,,,,the publisher could not be read; queued for a browser pass,unread,true,,,,,the publisher could not be read; queued for a browser pass,unread,true,,,,,the publisher could not be read; queued for a browser pass,unread,true,,,,,the publisher could not be read; queued for a browser pass,unread,true,,,,,the publisher could not be read; queued for a browser pass,false
transport and storage,ieaccus:786,786,,Stenlille project (CO2RYLUS),Denmark,unreadable,Planned,0.5,Mt CO2 a year,,0,false,true,unread,true,,,,,the publisher could not be read; queued for a browser pass,unread,true,,,,,the publisher could not be read; queued for a browser pass,unread,true,,,,,the publisher could not be read; queued for a browser pass,unread,true,,,,,the publisher could not be read; queued for a browser pass,unread,true,,,,,the publisher could not be read; queued for a browser pass,unread,true,,,,,the publisher could not be read; queued for a browser pass,false
transport and storage,ieaccus:841,841,,Equinor Smeaheia storage phase 1 (start up phase),Norway,perimeter exclusion,Planned,5 - 15,Mt CO2 a year,exploration licence; becomes a store on a development plan or storage permit,0,false,false,not_searched,false,sources/cement_ccs_entries.json,eufabric census,2026-09-15,day,out of perimeter; not scored,not_searched,false,sources/cement_ccs_entries.json,eufabric census,2026-09-15,day,out of perimeter; not scored,not_searched,false,sources/cement_ccs_entries.json,eufabric census,2026-09-15,day,out of perimeter; not scored,not_searched,false,sources/cement_ccs_entries.json,eufabric census,2026-09-15,day,out of perimeter; not scored,not_searched,false,sources/cement_ccs_entries.json,eufabric census,2026-09-15,day,out of perimeter; not scored,not_searched,false,sources/cement_ccs_entries.json,eufabric census,2026-09-15,day,out of perimeter; not scored,false
transport and storage,ieaccus:845,845,,UK Poseidon CCS project phase 1,United Kingdom,perimeter exclusion,Planned,1.5,Mt CO2 a year,exploration licence; becomes a store on a development plan or storage permit,0,false,false,not_searched,false,sources/cement_ccs_entries.json,eufabric census,2026-09-15,day,out of perimeter; not scored,not_searched,false,sources/cement_ccs_entries.json,eufabric census,2026-09-15,day,out of perimeter; not scored,not_searched,false,sources/cement_ccs_entries.json,eufabric census,2026-09-15,day,out of perimeter; not scored,not_searched,false,sources/cement_ccs_entries.json,eufabric census,2026-09-15,day,out of perimeter; not scored,not_searched,false,sources/cement_ccs_entries.json,eufabric census,2026-09-15,day,out of perimeter; not scored,not_searched,false,sources/cement_ccs_entries.json,eufabric census,2026-09-15,day,out of perimeter; not scored,false
transport and storage,ieaccus:846,846,,UK Poseidon CCS project phase 2,United Kingdom,perimeter exclusion,Planned,8.5,Mt CO2 a year,exploration licence; becomes a store on a development plan or storage permit,0,false,false,not_searched,false,sources/cement_ccs_entries.json,eufabric census,2026-09-15,day,out of perimeter; not scored,not_searched,false,sources/cement_ccs_entries.json,eufabric census,2026-09-15,day,out of perimeter; not scored,not_searched,false,sources/cement_ccs_entries.json,eufabric census,2026-09-15,day,out of perimeter; not scored,not_searched,false,sources/cement_ccs_entries.json,eufabric census,2026-09-15,day,out of perimeter; not scored,not_searched,false,sources/cement_ccs_entries.json,eufabric census,2026-09-15,day,out of perimeter; not scored,not_searched,false,sources/cement_ccs_entries.json,eufabric census,2026-09-15,day,out of perimeter; not scored,false
transport and storage,ieaccus:847,847,,UK Poseidon CCS project phase 3,United Kingdom,perimeter exclusion,Planned,30,Mt CO2 a year,exploration licence; becomes a store on a development plan or storage permit,0,false,false,not_searched,false,sources/cement_ccs_entries.json,eufabric census,2026-09-15,day,out of perimeter; not scored,not_searched,false,sources/cement_ccs_entries.json,eufabric census,2026-09-15,day,out of perimeter; not scored,not_searched,false,sources/cement_ccs_entries.json,eufabric census,2026-09-15,day,out of perimeter; not scored,not_searched,false,sources/cement_ccs_entries.json,eufabric census,2026-09-15,day,out of perimeter; not scored,not_searched,false,sources/cement_ccs_entries.json,eufabric census,2026-09-15,day,out of perimeter; not scored,not_searched,false,sources/cement_ccs_entries.json,eufabric census,2026-09-15,day,out of perimeter; not scored,false
transport and storage,ieaccus:849,849,,Enquest CCS Project ,United Kingdom,perimeter exclusion,Planned,10,Mt CO2 a year,exploration licence; becomes a store on a development plan or storage permit,0,false,false,not_searched,false,sources/cement_ccs_entries.json,eufabric census,2026-09-15,day,out of perimeter; not scored,not_searched,false,sources/cement_ccs_entries.json,eufabric census,2026-09-15,day,out of perimeter; not scored,not_searched,false,sources/cement_ccs_entries.json,eufabric census,2026-09-15,day,out of perimeter; not scored,not_searched,false,sources/cement_ccs_entries.json,eufabric census,2026-09-15,day,out of perimeter; not scored,not_searched,false,sources/cement_ccs_entries.json,eufabric census,2026-09-15,day,out of perimeter; not scored,not_searched,false,sources/cement_ccs_entries.json,eufabric census,2026-09-15,day,out of perimeter; not scored,false
transport and storage,ieaccus:850,850,,Orion CCS Project Phase 1,United Kingdom,perimeter exclusion,Planned,1,Mt CO2 a year,exploration licence; becomes a store on a development plan or storage permit,0,false,false,not_searched,false,sources/cement_ccs_entries.json,eufabric census,2026-09-15,day,out of perimeter; not scored,not_searched,false,sources/cement_ccs_entries.json,eufabric census,2026-09-15,day,out of perimeter; not scored,not_searched,false,sources/cement_ccs_entries.json,eufabric census,2026-09-15,day,out of perimeter; not scored,not_searched,false,sources/cement_ccs_entries.json,eufabric census,2026-09-15,day,out of perimeter; not scored,not_searched,false,sources/cement_ccs_entries.json,eufabric census,2026-09-15,day,out of perimeter; not scored,not_searched,false,sources/cement_ccs_entries.json,eufabric census,2026-09-15,day,out of perimeter; not scored,false
transport and storage,ieaccus:851,851,,Orion CCS Project Phase 2,United Kingdom,perimeter exclusion,Planned,5,Mt CO2 a year,exploration licence; becomes a store on a development plan or storage permit,0,false,false,not_searched,false,sources/cement_ccs_entries.json,eufabric census,2026-09-15,day,out of perimeter; not scored,not_searched,false,sources/cement_ccs_entries.json,eufabric census,2026-09-15,day,out of perimeter; not scored,not_searched,false,sources/cement_ccs_entries.json,eufabric census,2026-09-15,day,out of perimeter; not scored,not_searched,false,sources/cement_ccs_entries.json,eufabric census,2026-09-15,day,out of perimeter; not scored,not_searched,false,sources/cement_ccs_entries.json,eufabric census,2026-09-15,day,out of perimeter; not scored,not_searched,false,sources/cement_ccs_entries.json,eufabric census,2026-09-15,day,out of perimeter; not scored,false
transport and storage,ieaccus:853,853,,Tellus CCS - CS020 (Area 1),United Kingdom,perimeter exclusion,Planned,4 - 10,Mt CO2 a year,exploration licence; becomes a store on a development plan or storage permit,0,false,false,not_searched,false,sources/cement_ccs_entries.json,eufabric census,2026-09-15,day,out of perimeter; not scored,not_searched,false,sources/cement_ccs_entries.json,eufabric census,2026-09-15,day,out of perimeter; not scored,not_searched,false,sources/cement_ccs_entries.json,eufabric census,2026-09-15,day,out of perimeter; not scored,not_searched,false,sources/cement_ccs_entries.json,eufabric census,2026-09-15,day,out of perimeter; not scored,not_searched,false,sources/cement_ccs_entries.json,eufabric census,2026-09-15,day,out of perimeter; not scored,not_searched,false,sources/cement_ccs_entries.json,eufabric census,2026-09-15,day,out of perimeter; not scored,false
transport and storage,ieaccus:854,854,,Tellus CCS - CS021 (Area 5),United Kingdom,perimeter exclusion,Planned,4 - 6,Mt CO2 a year,exploration licence; becomes a store on a development plan or storage permit,0,false,false,not_searched,false,sources/cement_ccs_entries.json,eufabric census,2026-09-15,day,out of perimeter; not scored,not_searched,false,sources/cement_ccs_entries.json,eufabric census,2026-09-15,day,out of perimeter; not scored,not_searched,false,sources/cement_ccs_entries.json,eufabric census,2026-09-15,day,out of perimeter; not scored,not_searched,false,sources/cement_ccs_entries.json,eufabric census,2026-09-15,day,out of perimeter; not scored,not_searched,false,sources/cement_ccs_entries.json,eufabric census,2026-09-15,day,out of perimeter; not scored,not_searched,false,sources/cement_ccs_entries.json,eufabric census,2026-09-15,day,out of perimeter; not scored,false
transport and storage,ieaccus:855,855,,Tellus CCS - CS022 (Area 7),United Kingdom,perimeter exclusion,Planned,4 - 6,Mt CO2 a year,exploration licence; becomes a store on a development plan or storage permit,0,false,false,not_searched,false,sources/cement_ccs_entries.json,eufabric census,2026-09-15,day,out of perimeter; not scored,not_searched,false,sources/cement_ccs_entries.json,eufabric census,2026-09-15,day,out of perimeter; not scored,not_searched,false,sources/cement_ccs_entries.json,eufabric census,2026-09-15,day,out of perimeter; not scored,not_searched,false,sources/cement_ccs_entries.json,eufabric census,2026-09-15,day,out of perimeter; not scored,not_searched,false,sources/cement_ccs_entries.json,eufabric census,2026-09-15,day,out of perimeter; not scored,not_searched,false,sources/cement_ccs_entries.json,eufabric census,2026-09-15,day,out of perimeter; not scored,false
transport and storage,ieaccus:856,856,,Humberside CCS with Shell and Esso,United Kingdom,perimeter exclusion,Planned,,,exploration licence; becomes a store on a development plan or storage permit,0,false,false,not_searched,false,sources/cement_ccs_entries.json,eufabric census,2026-09-15,day,out of perimeter; not scored,not_searched,false,sources/cement_ccs_entries.json,eufabric census,2026-09-15,day,out of perimeter; not scored,not_searched,false,sources/cement_ccs_entries.json,eufabric census,2026-09-15,day,out of perimeter; not scored,not_searched,false,sources/cement_ccs_entries.json,eufabric census,2026-09-15,day,out of perimeter; not scored,not_searched,false,sources/cement_ccs_entries.json,eufabric census,2026-09-15,day,out of perimeter; not scored,not_searched,false,sources/cement_ccs_entries.json,eufabric census,2026-09-15,day,out of perimeter; not scored,false
transport and storage,ieaccus:904,904,tranmere-stanlow-terminal,Tranmere and Stanlow Terminal,United Kingdom,admitted,Planned,,,,1,true,false,pass,true,https://www.stanlowterminals.co.uk/stanlow-terminals-and-eni-uk-sign-a-mou-to-develop-carbon-dioxide-transport-and-storage-projects/,Stanlow Terminals (Essar Energy Transition),2023-08-08,day,the admitting source names the site as 'Tranmere and Stanlow',fail,true,https://www.stanlowterminals.co.uk/stanlow-terminals-and-eni-uk-sign-a-mou-to-develop-carbon-dioxide-transport-and-storage-projects/,owner,2023-08-08,day,no capacity stated by the owner on file,fail,true,https://www.stanlowterminals.co.uk/stanlow-terminals-and-eni-uk-sign-a-mou-to-develop-carbon-dioxide-transport-and-storage-projects/,owner,2023-08-08,day,no owner statement that FID has been taken,fail,true,sources/funder_pass.json,eufabric funder pass,2026-09-19,day,the funder lists of sources/funder_pass.json — the Innovation Fund's own project table of 413 projects and 163 of its factsheets — name no award for this entry,fail,true,https://www.stanlowterminals.co.uk/stanlow-terminals-and-eni-uk-sign-a-mou-to-develop-carbon-dioxide-transport-and-storage-projects/,owner,2023-08-08,day,no owner-stated start carrying a date precision,not_searched,false,sources/edges.json,eufabric dependency sweep,2026-09-11,day,"the dependency sweep of brief 9 did not reach this row: it is not in `owner_side`, so no supplier question has been asked of it",true
transport and storage,ieaccus:907,907,,The Bluestreak CO2 Joint Venture,United Kingdom,named not admitted,Planned,30,Mt CO2 a year,,1,true,false,pass,true,sources/cement_ccs_entries.json,owner or permit source,2026-09-15,day,the census read an owner or permit source that names the site and the perimeter still refuses the entry,fail,true,sources/cement_ccs_entries.json,eufabric census,2026-09-15,day,no owner document on file; the census is the record of looking,fail,true,sources/cement_ccs_entries.json,eufabric census,2026-09-15,day,no owner document on file; the census is the record of looking,fail,true,sources/funder_pass.json,eufabric funder pass,2026-09-19,day,the funder lists of sources/funder_pass.json — the Innovation Fund's own project table of 413 projects and 163 of its factsheets — name no award for this entry,fail,true,sources/cement_ccs_entries.json,eufabric census,2026-09-15,day,no owner document on file; the census is the record of looking,not_searched,false,sources/edges.json,eufabric dependency sweep,2026-09-11,day,"no register row, so no owner side to sweep; the graph names no edge for this entry",false
transport and storage,ieaccus:917,917,,Gismarvik CO2 hub,Norway,searched none found,Planned,20 - 24,Mt CO2 a year,,0,true,false,fail,true,sources/cement_ccs_entries.json,eufabric census,2026-09-15,day,the census read the owner's own sources and none names a site for this project,fail,true,sources/cement_ccs_entries.json,eufabric census,2026-09-15,day,no owner document on file; the census is the record of looking,fail,true,sources/cement_ccs_entries.json,eufabric census,2026-09-15,day,no owner document on file; the census is the record of looking,fail,true,sources/funder_pass.json,eufabric funder pass,2026-09-19,day,the funder lists of sources/funder_pass.json — the Innovation Fund's own project table of 413 projects and 163 of its factsheets — name no award for this entry,fail,true,sources/cement_ccs_entries.json,eufabric census,2026-09-15,day,no owner document on file; the census is the record of looking,not_searched,false,sources/edges.json,eufabric dependency sweep,2026-09-11,day,"no register row, so no owner side to sweep; the graph names no edge for this entry",false
transport and storage,ieaccus:950,950,co2next,CO2NEXT terminal phase 1,Netherlands,admitted,Planned,5.4,Mt CO2 a year,,1,true,false,pass,true,https://co2next.nl/appeal-against-permits-for-aramis-initiative-2/,CO2next (Vopak,2025-08-05,day,"the admitting source names the site as 'Maasvlakte, Rotterdam'",fail,true,https://co2next.nl/appeal-against-permits-for-aramis-initiative-2/,owner,2025-08-05,day,no capacity stated by the owner on file,fail,true,https://co2next.nl/appeal-against-permits-for-aramis-initiative-2/,owner,2025-08-05,day,no owner statement that FID has been taken,fail,true,sources/funder_pass.json,eufabric funder pass,2026-09-19,day,the funder lists of sources/funder_pass.json — the Innovation Fund's own project table of 413 projects and 163 of its factsheets — name no award for this entry,fail,true,https://co2next.nl/appeal-against-permits-for-aramis-initiative-2/,owner,2025-08-05,day,no owner-stated start carrying a date precision,not_searched,false,sources/edges.json,eufabric dependency sweep,2026-09-11,day,"the dependency sweep of brief 9 did not reach this row: it is not in `owner_side`, so no supplier question has been asked of it",true
transport and storage,ieaccus:951,951,co2next,CO2NEXT terminal phase 2,Netherlands,admitted,Planned,10.3,Mt CO2 a year,,1,true,false,pass,true,https://co2next.nl/appeal-against-permits-for-aramis-initiative-2/,CO2next (Vopak,2025-08-05,day,"the admitting source names the site as 'Maasvlakte, Rotterdam'",fail,true,https://co2next.nl/appeal-against-permits-for-aramis-initiative-2/,owner,2025-08-05,day,no capacity stated by the owner on file,fail,true,https://co2next.nl/appeal-against-permits-for-aramis-initiative-2/,owner,2025-08-05,day,no owner statement that FID has been taken,fail,true,sources/funder_pass.json,eufabric funder pass,2026-09-19,day,the funder lists of sources/funder_pass.json — the Innovation Fund's own project table of 413 projects and 163 of its factsheets — name no award for this entry,fail,true,https://co2next.nl/appeal-against-permits-for-aramis-initiative-2/,owner,2025-08-05,day,no owner-stated start carrying a date precision,not_searched,false,sources/edges.json,eufabric dependency sweep,2026-09-11,day,"the dependency sweep of brief 9 did not reach this row: it is not in `owner_side`, so no supplier question has been asked of it",true
transport and storage,ieaccus:1018,1018,,Acorn Isle of Grain to Peterhead shipping,United Kingdom,searched none found,Planned,2,Mt CO2 a year,,0,true,false,fail,true,sources/cement_ccs_entries.json,eufabric census,2026-09-15,day,the census read the owner's own sources and none names a site for this project,fail,true,sources/cement_ccs_entries.json,eufabric census,2026-09-15,day,no owner document on file; the census is the record of looking,fail,true,sources/cement_ccs_entries.json,eufabric census,2026-09-15,day,no owner document on file; the census is the record of looking,fail,true,sources/funder_pass.json,eufabric funder pass,2026-09-19,day,the funder lists of sources/funder_pass.json — the Innovation Fund's own project table of 413 projects and 163 of its factsheets — name no award for this entry,fail,true,sources/cement_ccs_entries.json,eufabric census,2026-09-15,day,no owner document on file; the census is the record of looking,not_searched,false,sources/edges.json,eufabric dependency sweep,2026-09-11,day,"no register row, so no owner side to sweep; the graph names no edge for this entry",false
transport and storage,ieaccus:1069,1069,,Thorning storage,Denmark,perimeter exclusion,Planned,,,exploration licence; becomes a store on a development plan or storage permit,0,false,false,not_searched,false,sources/cement_ccs_entries.json,eufabric census,2026-09-15,day,out of perimeter; not scored,not_searched,false,sources/cement_ccs_entries.json,eufabric census,2026-09-15,day,out of perimeter; not scored,not_searched,false,sources/cement_ccs_entries.json,eufabric census,2026-09-15,day,out of perimeter; not scored,not_searched,false,sources/cement_ccs_entries.json,eufabric census,2026-09-15,day,out of perimeter; not scored,not_searched,false,sources/cement_ccs_entries.json,eufabric census,2026-09-15,day,out of perimeter; not scored,not_searched,false,sources/cement_ccs_entries.json,eufabric census,2026-09-15,day,out of perimeter; not scored,false
transport and storage,ieaccus:1088,1088,celsio-ccs-terminal,Celsio CCS project terminal,Norway,admitted,Planned,0.4,Mt CO2 a year,,1,true,false,pass,true,https://www.akersolutions.com/news/news-archive/2024/aker-solutions-awarded-feed-for-celsios-ccs-terminal-at-the-port-of-oslo/,Aker Solutions,2024-02-12,day,the admitting source names the site as 'Oslo',fail,true,https://www.akersolutions.com/news/news-archive/2024/aker-solutions-awarded-feed-for-celsios-ccs-terminal-at-the-port-of-oslo/,owner,2024-02-12,day,no capacity stated by the owner on file,fail,true,https://www.akersolutions.com/news/news-archive/2024/aker-solutions-awarded-feed-for-celsios-ccs-terminal-at-the-port-of-oslo/,owner,2024-02-12,day,no owner statement that FID has been taken,fail,true,sources/funder_pass.json,eufabric funder pass,2026-09-19,day,the funder lists of sources/funder_pass.json — the Innovation Fund's own project table of 413 projects and 163 of its factsheets — name no award for this entry,fail,true,https://www.akersolutions.com/news/news-archive/2024/aker-solutions-awarded-feed-for-celsios-ccs-terminal-at-the-port-of-oslo/,owner,2024-02-12,day,no owner-stated start carrying a date precision,not_searched,false,sources/edges.json,eufabric dependency sweep,2026-09-11,day,"the dependency sweep of brief 9 did not reach this row: it is not in `owner_side`, so no supplier question has been asked of it",true
transport and storage,ieaccus:1096,1096,,OCAP,Netherlands,searched none found,Operational,0.5,Mt CO2 a year,,0,true,false,fail,true,sources/cement_ccs_entries.json,eufabric census,2026-09-15,day,the census read the owner's own sources and none names a site for this project,fail,true,sources/cement_ccs_entries.json,eufabric census,2026-09-15,day,no owner document on file; the census is the record of looking,fail,true,sources/cement_ccs_entries.json,eufabric census,2026-09-15,day,no owner document on file; the census is the record of looking,fail,true,sources/funder_pass.json,eufabric funder pass,2026-09-19,day,the funder lists of sources/funder_pass.json — the Innovation Fund's own project table of 413 projects and 163 of its factsheets — name no award for this entry,fail,true,sources/cement_ccs_entries.json,eufabric census,2026-09-15,day,no owner document on file; the census is the record of looking,not_searched,false,sources/edges.json,eufabric dependency sweep,2026-09-11,day,"no register row, so no owner side to sweep; the graph names no edge for this entry",false
transport and storage,ieaccus:1114,1114,goco2-transport,Grand Ouest CO2 (GOCO₂) transport,France,admitted,Planned,2.6,Mt CO2 a year,,1,true,false,pass,true,https://www.heidelbergmaterials.fr/fr/groupe-goco2-un-projet-denvergure-de-captage-de-conditionnement-et-de-transport-du-co2-dorigine-industrielle-en-pays-de-la-loire-et-pour-le-grand-ouest,Heidelberg Materials France,2023-07-11,day,the admitting source names the site as 'Saint-Nazaire and western France',fail,true,https://www.heidelbergmaterials.fr/fr/groupe-goco2-un-projet-denvergure-de-captage-de-conditionnement-et-de-transport-du-co2-dorigine-industrielle-en-pays-de-la-loire-et-pour-le-grand-ouest,owner,2023-07-11,day,no capacity stated by the owner on file,fail,true,https://www.heidelbergmaterials.fr/fr/groupe-goco2-un-projet-denvergure-de-captage-de-conditionnement-et-de-transport-du-co2-dorigine-industrielle-en-pays-de-la-loire-et-pour-le-grand-ouest,owner,2023-07-11,day,no owner statement that FID has been taken,fail,true,sources/funder_pass.json,eufabric funder pass,2026-09-19,day,the funder lists of sources/funder_pass.json — the Innovation Fund's own project table of 413 projects and 163 of its factsheets — name no award for this entry,fail,true,https://www.heidelbergmaterials.fr/fr/groupe-goco2-un-projet-denvergure-de-captage-de-conditionnement-et-de-transport-du-co2-dorigine-industrielle-en-pays-de-la-loire-et-pour-le-grand-ouest,owner,2023-07-11,day,no owner-stated start carrying a date precision,not_searched,false,sources/edges.json,eufabric dependency sweep,2026-09-11,day,"the dependency sweep of brief 9 did not reach this row: it is not in `owner_side`, so no supplier question has been asked of it",true
transport and storage,ieaccus:1139,1139,natran-co2-backbone,Natran Group CO2 backbone,France,admitted,Planned,5,Mt CO2 a year,,1,true,false,pass,true,https://www.grtgaz.com/en/our-energy-transition/co2-transport,Natran (formerly GRTgaz),2026-09-15,not_after,the admitting source names the site as 'France',fail,true,https://www.grtgaz.com/en/our-energy-transition/co2-transport,owner,2026-09-15,not_after,no capacity stated by the owner on file,fail,true,https://www.grtgaz.com/en/our-energy-transition/co2-transport,owner,2026-09-15,not_after,no owner statement that FID has been taken,fail,true,sources/funder_pass.json,eufabric funder pass,2026-09-19,day,the funder lists of sources/funder_pass.json — the Innovation Fund's own project table of 413 projects and 163 of its factsheets — name no award for this entry,fail,true,https://www.grtgaz.com/en/our-energy-transition/co2-transport,owner,2026-09-15,not_after,no owner-stated start carrying a date precision,not_searched,false,sources/edges.json,eufabric dependency sweep,2026-09-11,day,"the dependency sweep of brief 9 did not reach this row: it is not in `owner_side`, so no supplier question has been asked of it",true
transport and storage,ieaccus:1179,1179,co2-highway-europe,CO2 Highway Europe (Zeebrugge offshore CO2 pipeline),France-Belgium-Norway,admitted,Planned,18 - 27,Mt CO2 a year,,1,true,false,pass,true,https://www.equinor.com/energy/co2highwayeurope,Equinor,2026-09-15,not_after,the admitting source names the site as 'Zeebrugge to the North Sea',fail,true,https://www.equinor.com/energy/co2highwayeurope,owner,2026-09-15,not_after,no capacity stated by the owner on file,fail,true,https://www.equinor.com/energy/co2highwayeurope,owner,2026-09-15,not_after,no owner statement that FID has been taken,fail,true,sources/funder_pass.json,eufabric funder pass,2026-09-19,day,the funder lists of sources/funder_pass.json — the Innovation Fund's own project table of 413 projects and 163 of its factsheets — name no award for this entry,fail,true,https://www.equinor.com/energy/co2highwayeurope,owner,2026-09-15,not_after,no owner-stated start carrying a date precision,not_searched,false,sources/edges.json,eufabric dependency sweep,2026-09-11,day,"the dependency sweep of brief 9 did not reach this row: it is not in `owner_side`, so no supplier question has been asked of it",true
transport and storage,ieaccus:1203,1203,,TarraCO2,Spain,named not admitted,Planned,2,Mt CO2 a year,,2,true,false,pass,true,sources/cement_ccs_entries.json,owner or permit source,2026-09-15,day,the census read an owner or permit source that names the site and the perimeter still refuses the entry,fail,true,sources/cement_ccs_entries.json,eufabric census,2026-09-15,day,no owner document on file; the census is the record of looking,fail,true,sources/cement_ccs_entries.json,eufabric census,2026-09-15,day,no owner document on file; the census is the record of looking,pass,true,https://ec.europa.eu/assets/cinea/project_fiches/innovation_fund/101191313.pdf,"European Commission (CINEA), Innovation Fund",2023,year,"Innovation Fund, IF23Call – General large-scale names 'TarraCO2-Storage TarraCO2, the reduction of CO 2 emissions through geological storage, a catalyst of the CO 2 market' at EUR 205,061,582; the funder's own status is Grant signed; matched on the award's own name is TarraCO2 and so is the IEA entry's, and the coordinator is REPSOL EXPLORACION SA",fail,true,sources/cement_ccs_entries.json,eufabric census,2026-09-15,day,no owner document on file; the census is the record of looking,not_searched,false,sources/edges.json,eufabric dependency sweep,2026-09-11,day,"no register row, so no owner side to sweep; the graph names no edge for this entry",false
transport and storage,ieaccus:1233,1233,sullom-voe-hub,Sullom voe terminal and Shetland basin hub (SVT) - Thistle injection phase 1,United Kingdom,admitted,Planned,2 - 3,Mt CO2 a year,,1,true,false,pass,true,https://verienergy.com/pages/sullom-voe-terminal,Veri Energy (EnQuest),2026-09-15,not_after,"the admitting source names the site as 'Sullom Voe, Shetland'",fail,true,https://verienergy.com/pages/sullom-voe-terminal,owner,2026-09-15,not_after,no capacity stated by the owner on file,fail,true,https://verienergy.com/pages/sullom-voe-terminal,owner,2026-09-15,not_after,no owner statement that FID has been taken,fail,true,sources/funder_pass.json,eufabric funder pass,2026-09-19,day,the funder lists of sources/funder_pass.json — the Innovation Fund's own project table of 413 projects and 163 of its factsheets — name no award for this entry,fail,true,https://verienergy.com/pages/sullom-voe-terminal,owner,2026-09-15,not_after,no owner-stated start carrying a date precision,not_searched,false,sources/edges.json,eufabric dependency sweep,2026-09-11,day,"the dependency sweep of brief 9 did not reach this row: it is not in `owner_side`, so no supplier question has been asked of it",true
transport and storage,ieaccus:1267,1267,carbon-connect-delta,Carbon Connect Delta ,Netherlands-Belgium,admitted,Cancelled,3.3 - 6.5,Mt CO2 a year,,1,true,false,pass,true,https://www.fluxys.com/en/news/fluxys-group/2020/200527_news_carbon_emissions_scheldt_delta,Fluxys,2026-09-15,not_after,the admitting source names the site as 'Zeeland',fail,true,https://www.fluxys.com/en/news/fluxys-group/2020/200527_news_carbon_emissions_scheldt_delta,owner,2026-09-15,not_after,no capacity stated by the owner on file,fail,true,https://www.fluxys.com/en/news/fluxys-group/2020/200527_news_carbon_emissions_scheldt_delta,owner,2026-09-15,not_after,no owner statement that FID has been taken,fail,true,sources/funder_pass.json,eufabric funder pass,2026-09-19,day,the funder lists of sources/funder_pass.json — the Innovation Fund's own project table of 413 projects and 163 of its factsheets — name no award for this entry,fail,true,https://www.fluxys.com/en/news/fluxys-group/2020/200527_news_carbon_emissions_scheldt_delta,owner,2026-09-15,not_after,no owner-stated start carrying a date precision,not_searched,false,sources/edges.json,eufabric dependency sweep,2026-09-11,day,"the dependency sweep of brief 9 did not reach this row: it is not in `owner_side`, so no supplier question has been asked of it",true
transport and storage,ieaccus:1269,1269,,Iroko carbon storage ,Norway,perimeter exclusion,Planned,7.5,Mt CO2 a year,exploration licence; becomes a store on a development plan or storage permit,0,false,false,not_searched,false,sources/cement_ccs_entries.json,eufabric census,2026-09-15,day,out of perimeter; not scored,not_searched,false,sources/cement_ccs_entries.json,eufabric census,2026-09-15,day,out of perimeter; not scored,not_searched,false,sources/cement_ccs_entries.json,eufabric census,2026-09-15,day,out of perimeter; not scored,not_searched,false,sources/cement_ccs_entries.json,eufabric census,2026-09-15,day,out of perimeter; not scored,not_searched,false,sources/cement_ccs_entries.json,eufabric census,2026-09-15,day,out of perimeter; not scored,not_searched,false,sources/cement_ccs_entries.json,eufabric census,2026-09-15,day,out of perimeter; not scored,false
transport and storage,ieaccus:1270,1270,,Kinno carbon storage (EXL010),Norway,perimeter exclusion,Planned,5,Mt CO2 a year,exploration licence; becomes a store on a development plan or storage permit,0,false,false,not_searched,false,sources/cement_ccs_entries.json,eufabric census,2026-09-15,day,out of perimeter; not scored,not_searched,false,sources/cement_ccs_entries.json,eufabric census,2026-09-15,day,out of perimeter; not scored,not_searched,false,sources/cement_ccs_entries.json,eufabric census,2026-09-15,day,out of perimeter; not scored,not_searched,false,sources/cement_ccs_entries.json,eufabric census,2026-09-15,day,out of perimeter; not scored,not_searched,false,sources/cement_ccs_entries.json,eufabric census,2026-09-15,day,out of perimeter; not scored,not_searched,false,sources/cement_ccs_entries.json,eufabric census,2026-09-15,day,out of perimeter; not scored,false
transport and storage,ieaccus:1271,1271,,Albondigas carbon storage (EXL008),Norway,perimeter exclusion,Cancelled,5,Mt CO2 a year,exploration licence; becomes a store on a development plan or storage permit,0,false,false,not_searched,false,sources/cement_ccs_entries.json,eufabric census,2026-09-15,day,out of perimeter; not scored,not_searched,false,sources/cement_ccs_entries.json,eufabric census,2026-09-15,day,out of perimeter; not scored,not_searched,false,sources/cement_ccs_entries.json,eufabric census,2026-09-15,day,out of perimeter; not scored,not_searched,false,sources/cement_ccs_entries.json,eufabric census,2026-09-15,day,out of perimeter; not scored,not_searched,false,sources/cement_ccs_entries.json,eufabric census,2026-09-15,day,out of perimeter; not scored,not_searched,false,sources/cement_ccs_entries.json,eufabric census,2026-09-15,day,out of perimeter; not scored,false
transport and storage,ieaccus:1272,1272,,Atlas carbon storage ,Norway,perimeter exclusion,Planned,,,exploration licence; becomes a store on a development plan or storage permit,0,false,false,not_searched,false,sources/cement_ccs_entries.json,eufabric census,2026-09-15,day,out of perimeter; not scored,not_searched,false,sources/cement_ccs_entries.json,eufabric census,2026-09-15,day,out of perimeter; not scored,not_searched,false,sources/cement_ccs_entries.json,eufabric census,2026-09-15,day,out of perimeter; not scored,not_searched,false,sources/cement_ccs_entries.json,eufabric census,2026-09-15,day,out of perimeter; not scored,not_searched,false,sources/cement_ccs_entries.json,eufabric census,2026-09-15,day,out of perimeter; not scored,not_searched,false,sources/cement_ccs_entries.json,eufabric census,2026-09-15,day,out of perimeter; not scored,false
transport and storage,ieaccus:1278,1278,,Baltic Sea Storage,Poland,named not admitted,Planned,,,,1,true,false,pass,true,sources/cement_ccs_entries.json,owner or permit source,2026-09-15,day,the census read an owner or permit source that names the site and the perimeter still refuses the entry,fail,true,sources/cement_ccs_entries.json,eufabric census,2026-09-15,day,no owner document on file; the census is the record of looking,fail,true,sources/cement_ccs_entries.json,eufabric census,2026-09-15,day,no owner document on file; the census is the record of looking,fail,true,sources/funder_pass.json,eufabric funder pass,2026-09-19,day,the funder lists of sources/funder_pass.json — the Innovation Fund's own project table of 413 projects and 163 of its factsheets — name no award for this entry,fail,true,sources/cement_ccs_entries.json,eufabric census,2026-09-15,day,no owner document on file; the census is the record of looking,not_searched,false,sources/edges.json,eufabric dependency sweep,2026-09-11,day,"no register row, so no owner side to sweep; the graph names no edge for this entry",false
transport and storage,ieaccus:1349,1349,,Kaupang carbon storage (EXL012),Norway,perimeter exclusion,Planned,,,exploration licence; becomes a store on a development plan or storage permit,0,false,false,not_searched,false,sources/cement_ccs_entries.json,eufabric census,2026-09-15,day,out of perimeter; not scored,not_searched,false,sources/cement_ccs_entries.json,eufabric census,2026-09-15,day,out of perimeter; not scored,not_searched,false,sources/cement_ccs_entries.json,eufabric census,2026-09-15,day,out of perimeter; not scored,not_searched,false,sources/cement_ccs_entries.json,eufabric census,2026-09-15,day,out of perimeter; not scored,not_searched,false,sources/cement_ccs_entries.json,eufabric census,2026-09-15,day,out of perimeter; not scored,not_searched,false,sources/cement_ccs_entries.json,eufabric census,2026-09-15,day,out of perimeter; not scored,false
transport and storage,ieaccus:1350,1350,,Forsete carbon storage (EXL013),Norway,perimeter exclusion,Planned,,,exploration licence; becomes a store on a development plan or storage permit,0,false,false,not_searched,false,sources/cement_ccs_entries.json,eufabric census,2026-09-15,day,out of perimeter; not scored,not_searched,false,sources/cement_ccs_entries.json,eufabric census,2026-09-15,day,out of perimeter; not scored,not_searched,false,sources/cement_ccs_entries.json,eufabric census,2026-09-15,day,out of perimeter; not scored,not_searched,false,sources/cement_ccs_entries.json,eufabric census,2026-09-15,day,out of perimeter; not scored,not_searched,false,sources/cement_ccs_entries.json,eufabric census,2026-09-15,day,out of perimeter; not scored,not_searched,false,sources/cement_ccs_entries.json,eufabric census,2026-09-15,day,out of perimeter; not scored,false
transport and storage,ieaccus:1361,1361,,NL CCS Direct Injection Phase 2,Netherlands,searched none found,Cancelled,3 - 5,Mt CO2 a year,,0,true,false,fail,true,sources/cement_ccs_entries.json,eufabric census,2026-09-15,day,the census read the owner's own sources and none names a site for this project,fail,true,sources/cement_ccs_entries.json,eufabric census,2026-09-15,day,no owner document on file; the census is the record of looking,fail,true,sources/cement_ccs_entries.json,eufabric census,2026-09-15,day,no owner document on file; the census is the record of looking,fail,true,sources/funder_pass.json,eufabric funder pass,2026-09-19,day,the funder lists of sources/funder_pass.json — the Innovation Fund's own project table of 413 projects and 163 of its factsheets — name no award for this entry,fail,true,sources/cement_ccs_entries.json,eufabric census,2026-09-15,day,no owner document on file; the census is the record of looking,not_searched,false,sources/edges.json,eufabric dependency sweep,2026-09-11,day,"no register row, so no owner side to sweep; the graph names no edge for this entry",false
transport and storage,ieaccus:1397,1397,starfish-havstjerne,Havstjerne CO2 Storage (FSIU),Norway,admitted,Planned,,,,2,true,false,pass,true,https://alterainfra.com/articles/one-step-closer-to-realising-stella-maris-ccs,Altera Infrastructure,2026-09-15,not_after,the admitting source names the site as 'Egersund basin',fail,true,https://alterainfra.com/articles/one-step-closer-to-realising-stella-maris-ccs,owner,2026-09-15,not_after,no capacity stated by the owner on file,fail,true,https://alterainfra.com/articles/one-step-closer-to-realising-stella-maris-ccs,owner,2026-09-15,not_after,no owner statement that FID has been taken,pass,true,https://ec.europa.eu/assets/cinea/project_fiches/innovation_fund/101191516.pdf,"European Commission (CINEA), Innovation Fund",2023,year,"Innovation Fund, IF23Call – General large-scale names 'StarFish Sequestration Technology and Reservoir: Floating Injection and Storage Havstjerne' at EUR 225,000,000; the funder's own status is Grant signed; matched on the fiche names 'the Havstjerne reservoir (EXL006)' and the coordinator is HARBOUR ENERGY NORGE AS",fail,true,https://alterainfra.com/articles/one-step-closer-to-realising-stella-maris-ccs,owner,2026-09-15,not_after,no owner-stated start carrying a date precision,not_searched,false,sources/edges.json,eufabric dependency sweep,2026-09-11,day,"the dependency sweep of brief 9 did not reach this row: it is not in `owner_side`, so no supplier question has been asked of it",true
transport and storage,ieaccus:1403,1403,grenaa-port-terminal,Grenaa Port phase 1,Denmark,admitted,Planned,,,,1,true,false,pass,true,https://normodcarbon.com/,Normod Carbon,2026-09-15,not_after,the admitting source names the site as 'Port of Grenaa',fail,true,https://normodcarbon.com/,owner,2026-09-15,not_after,no capacity stated by the owner on file,fail,true,https://normodcarbon.com/,owner,2026-09-15,not_after,no owner statement that FID has been taken,fail,true,sources/funder_pass.json,eufabric funder pass,2026-09-19,day,the funder lists of sources/funder_pass.json — the Innovation Fund's own project table of 413 projects and 163 of its factsheets — name no award for this entry,fail,true,https://normodcarbon.com/,owner,2026-09-15,not_after,no owner-stated start carrying a date precision,not_searched,false,sources/edges.json,eufabric dependency sweep,2026-09-11,day,"the dependency sweep of brief 9 did not reach this row: it is not in `owner_side`, so no supplier question has been asked of it",true
transport and storage,ieaccus:1404,1404,grenaa-port-terminal,Grenaa Port phase 2,Denmark,admitted,Planned,10,Mt CO2 a year,,1,true,false,pass,true,https://normodcarbon.com/,Normod Carbon,2026-09-15,not_after,the admitting source names the site as 'Port of Grenaa',fail,true,https://normodcarbon.com/,owner,2026-09-15,not_after,no capacity stated by the owner on file,fail,true,https://normodcarbon.com/,owner,2026-09-15,not_after,no owner statement that FID has been taken,fail,true,sources/funder_pass.json,eufabric funder pass,2026-09-19,day,the funder lists of sources/funder_pass.json — the Innovation Fund's own project table of 413 projects and 163 of its factsheets — name no award for this entry,fail,true,https://normodcarbon.com/,owner,2026-09-15,not_after,no owner-stated start carrying a date precision,not_searched,false,sources/edges.json,eufabric dependency sweep,2026-09-11,day,"the dependency sweep of brief 9 did not reach this row: it is not in `owner_side`, so no supplier question has been asked of it",true
transport and storage,ieaccus:1409,1409,fluxys-c-grid-antwerp,Antwerp CO2 Pipeline Network,Belgium,admitted,Under construction,10,Mt CO2 a year,,1,true,false,pass,true,https://www.fluxys.com/en/news/fluxys-belgium/2025/250526_construction-of-co2-backbone-started-in-antwerp-port-area,Fluxys,2026-09-15,not_after,the admitting source names the site as 'Antwerp',fail,true,https://www.fluxys.com/en/news/fluxys-belgium/2025/250526_construction-of-co2-backbone-started-in-antwerp-port-area,owner,2026-09-15,not_after,no capacity stated by the owner on file,fail,true,https://www.fluxys.com/en/news/fluxys-belgium/2025/250526_construction-of-co2-backbone-started-in-antwerp-port-area,owner,2026-09-15,not_after,no owner statement that FID has been taken,fail,true,sources/funder_pass.json,eufabric funder pass,2026-09-19,day,the funder lists of sources/funder_pass.json — the Innovation Fund's own project table of 413 projects and 163 of its factsheets — name no award for this entry,fail,true,https://www.fluxys.com/en/news/fluxys-belgium/2025/250526_construction-of-co2-backbone-started-in-antwerp-port-area,owner,2026-09-15,not_after,no owner-stated start carrying a date precision,not_searched,false,sources/edges.json,eufabric dependency sweep,2026-09-11,day,"the dependency sweep of brief 9 did not reach this row: it is not in `owner_side`, so no supplier question has been asked of it",true
transport and storage,ieaccus:1446,1446,apolloco2-revithoussa,APOLLOCO2-LT Revithoussa Island,Greece,admitted,Planned,3 - 5,Mt CO2 a year,,1,true,false,pass,true,https://www.desfa.gr/en/desfa-secures-e169-3-million-eu-innovation-fund-grant-for-apolloco%e2%82%82-advancing-greeces-first-large-scale-ccs-midstream-infrastructure/,DESFA,2025-11-03,day,the admitting source names the site as 'Revithoussa',fail,true,https://www.desfa.gr/en/desfa-secures-e169-3-million-eu-innovation-fund-grant-for-apolloco%e2%82%82-advancing-greeces-first-large-scale-ccs-midstream-infrastructure/,owner,2025-11-03,day,no capacity stated by the owner on file,fail,true,https://www.desfa.gr/en/desfa-secures-e169-3-million-eu-innovation-fund-grant-for-apolloco%e2%82%82-advancing-greeces-first-large-scale-ccs-midstream-infrastructure/,owner,2025-11-03,day,no owner statement that FID has been taken,fail,true,sources/funder_pass.json,eufabric funder pass,2026-09-19,day,the funder lists of sources/funder_pass.json — the Innovation Fund's own project table of 413 projects and 163 of its factsheets — name no award for this entry,fail,true,https://www.desfa.gr/en/desfa-secures-e169-3-million-eu-innovation-fund-grant-for-apolloco%e2%82%82-advancing-greeces-first-large-scale-ccs-midstream-infrastructure/,owner,2025-11-03,day,no owner-stated start carrying a date precision,not_searched,false,sources/edges.json,eufabric dependency sweep,2026-09-11,day,"the dependency sweep of brief 9 did not reach this row: it is not in `owner_side`, so no supplier question has been asked of it",true
transport and storage,ieaccus:1471,1471,carbonbridge,CarbonBridge,Germany,admitted,Planned,,,,1,true,false,pass,true,https://www.carbonbridge.de/,Ambrian Energy,2025-06-19,day,the admitting source names the site as 'Bremerhaven',fail,true,https://www.carbonbridge.de/,owner,2025-06-19,day,no capacity stated by the owner on file,fail,true,https://www.carbonbridge.de/,owner,2025-06-19,day,no owner statement that FID has been taken,fail,true,sources/funder_pass.json,eufabric funder pass,2026-09-19,day,the funder lists of sources/funder_pass.json — the Innovation Fund's own project table of 413 projects and 163 of its factsheets — name no award for this entry,fail,true,https://www.carbonbridge.de/,owner,2025-06-19,day,no owner-stated start carrying a date precision,not_searched,false,sources/edges.json,eufabric dependency sweep,2026-09-11,day,"the dependency sweep of brief 9 did not reach this row: it is not in `owner_side`, so no supplier question has been asked of it",true
transport and storage,ieaccus:1474,1474,,CarbonConnect,Belgium-United Kingdom,searched none found,Planned,20,Mt CO2 a year,,0,true,false,fail,true,sources/cement_ccs_entries.json,eufabric census,2026-09-15,day,the census read the owner's own sources and none names a site for this project,fail,true,sources/cement_ccs_entries.json,eufabric census,2026-09-15,day,no owner document on file; the census is the record of looking,fail,true,sources/cement_ccs_entries.json,eufabric census,2026-09-15,day,no owner document on file; the census is the record of looking,fail,true,sources/funder_pass.json,eufabric funder pass,2026-09-19,day,the funder lists of sources/funder_pass.json — the Innovation Fund's own project table of 413 projects and 163 of its factsheets — name no award for this entry,fail,true,sources/cement_ccs_entries.json,eufabric census,2026-09-15,day,no owner document on file; the census is the record of looking,not_searched,false,sources/edges.json,eufabric dependency sweep,2026-09-11,day,"no register row, so no owner side to sweep; the graph names no edge for this entry",false
transport and storage,ieaccus:1477,1477,fluxys-c-grid-belgium,Belgian CO2 Pipeline Network (CO2 backbone for Belgium),Belgium,admitted,Planned,40,Mt CO2 a year,,1,true,false,pass,true,https://www.fluxys.com/en/press-releases/fluxys-belgium/2023/230920_press_co2-network-operator-fluxys-c-grid,Fluxys,2026-09-15,not_after,the admitting source names the site as 'Wallonia',fail,true,https://www.fluxys.com/en/press-releases/fluxys-belgium/2023/230920_press_co2-network-operator-fluxys-c-grid,owner,2026-09-15,not_after,no capacity stated by the owner on file,fail,true,https://www.fluxys.com/en/press-releases/fluxys-belgium/2023/230920_press_co2-network-operator-fluxys-c-grid,owner,2026-09-15,not_after,no owner statement that FID has been taken,fail,true,sources/funder_pass.json,eufabric funder pass,2026-09-19,day,the funder lists of sources/funder_pass.json — the Innovation Fund's own project table of 413 projects and 163 of its factsheets — name no award for this entry,fail,true,https://www.fluxys.com/en/press-releases/fluxys-belgium/2023/230920_press_co2-network-operator-fluxys-c-grid,owner,2026-09-15,not_after,no owner-stated start carrying a date precision,not_searched,false,sources/edges.json,eufabric dependency sweep,2026-09-11,day,"the dependency sweep of brief 9 did not reach this row: it is not in `owner_side`, so no supplier question has been asked of it",true
transport and storage,ieaccus:1483,1483,seaseas-amsterdam,SeaSeaS (Port of Amsterdam),Netherlands,admitted,Planned,,,,1,true,false,pass,true,https://www.seaseas.nl/news/2922573_great-news-for-seaseas-amsterdam,SeaSeaS,2026-01-08,day,the admitting source names the site as 'Port of Amsterdam',fail,true,https://www.seaseas.nl/news/2922573_great-news-for-seaseas-amsterdam,owner,2026-01-08,day,no capacity stated by the owner on file,fail,true,https://www.seaseas.nl/news/2922573_great-news-for-seaseas-amsterdam,owner,2026-01-08,day,no owner statement that FID has been taken,fail,true,sources/funder_pass.json,eufabric funder pass,2026-09-19,day,the funder lists of sources/funder_pass.json — the Innovation Fund's own project table of 413 projects and 163 of its factsheets — name no award for this entry,fail,true,https://www.seaseas.nl/news/2922573_great-news-for-seaseas-amsterdam,owner,2026-01-08,day,no owner-stated start carrying a date precision,not_searched,false,sources/edges.json,eufabric dependency sweep,2026-09-11,day,"the dependency sweep of brief 9 did not reach this row: it is not in `owner_side`, so no supplier question has been asked of it",true
transport and storage,ieaccus:1488,1488,,Fritos carbon storage (EXL014),Norway,perimeter exclusion,Planned,,,exploration licence; becomes a store on a development plan or storage permit,0,false,false,not_searched,false,sources/cement_ccs_entries.json,eufabric census,2026-09-15,day,out of perimeter; not scored,not_searched,false,sources/cement_ccs_entries.json,eufabric census,2026-09-15,day,out of perimeter; not scored,not_searched,false,sources/cement_ccs_entries.json,eufabric census,2026-09-15,day,out of perimeter; not scored,not_searched,false,sources/cement_ccs_entries.json,eufabric census,2026-09-15,day,out of perimeter; not scored,not_searched,false,sources/cement_ccs_entries.json,eufabric census,2026-09-15,day,out of perimeter; not scored,not_searched,false,sources/cement_ccs_entries.json,eufabric census,2026-09-15,day,out of perimeter; not scored,false
transport and storage,ieaccus:1498,1498,,CCS Italy - CO2 Transport Network,Italy,unreadable,Planned,4,Mt CO2 a year,,0,false,true,unread,true,,,,,the publisher could not be read; queued for a browser pass,unread,true,,,,,the publisher could not be read; queued for a browser pass,unread,true,,,,,the publisher could not be read; queued for a browser pass,unread,true,,,,,the publisher could not be read; queued for a browser pass,unread,true,,,,,the publisher could not be read; queued for a browser pass,unread,true,,,,,the publisher could not be read; queued for a browser pass,false
transport and storage,ieaccus:1501,1501,,CNetSS,Sweden,named not admitted,Planned,2,Mt CO2 a year,,1,true,false,pass,true,sources/cement_ccs_entries.json,owner or permit source,2026-09-15,day,the census read an owner or permit source that names the site and the perimeter still refuses the entry,fail,true,sources/cement_ccs_entries.json,eufabric census,2026-09-15,day,no owner document on file; the census is the record of looking,fail,true,sources/cement_ccs_entries.json,eufabric census,2026-09-15,day,no owner document on file; the census is the record of looking,fail,true,sources/funder_pass.json,eufabric funder pass,2026-09-19,day,the funder lists of sources/funder_pass.json — the Innovation Fund's own project table of 413 projects and 163 of its factsheets — name no award for this entry,fail,true,sources/cement_ccs_entries.json,eufabric census,2026-09-15,day,no owner document on file; the census is the record of looking,not_searched,false,sources/edges.json,eufabric dependency sweep,2026-09-11,day,"no register row, so no owner side to sweep; the graph names no edge for this entry",false
transport and storage,ieaccus:1503,1503,co2-storage-kalundborg,CO2 Storage Kalundborg,Denmark,admitted,Planned,3 - 12,Mt CO2 a year,,1,true,false,pass,true,https://co2storagekalundborg.com/,CO2 Storage Kalundborg (Equinor,2026-09-15,not_after,the admitting source names the site as 'Kalundborg',fail,true,https://co2storagekalundborg.com/,owner,2026-09-15,not_after,no capacity stated by the owner on file,fail,true,https://co2storagekalundborg.com/,owner,2026-09-15,not_after,no owner statement that FID has been taken,fail,true,sources/funder_pass.json,eufabric funder pass,2026-09-19,day,the funder lists of sources/funder_pass.json — the Innovation Fund's own project table of 413 projects and 163 of its factsheets — name no award for this entry,fail,true,https://co2storagekalundborg.com/,owner,2026-09-15,not_after,no owner-stated start carrying a date precision,not_searched,false,sources/edges.json,eufabric dependency sweep,2026-09-11,day,"the dependency sweep of brief 9 did not reach this row: it is not in `owner_side`, so no supplier question has been asked of it",true
transport and storage,ieaccus:1504,1504,greenstore,Projekt Greenstore,Denmark,admitted,Planned,,,,1,true,false,pass,true,https://web.archive.org/web/20260516020918/https://greenstore.dk/en/home-page/,Projekt Greenstore (Harbour Energy,2026-05-16,not_after,the admitting source names the site as 'Danish North Sea',fail,true,https://web.archive.org/web/20260516020918/https://greenstore.dk/en/home-page/,owner,2026-05-16,not_after,no capacity stated by the owner on file,fail,true,https://web.archive.org/web/20260516020918/https://greenstore.dk/en/home-page/,owner,2026-05-16,not_after,no owner statement that FID has been taken,fail,true,sources/funder_pass.json,eufabric funder pass,2026-09-19,day,the funder lists of sources/funder_pass.json — the Innovation Fund's own project table of 413 projects and 163 of its factsheets — name no award for this entry,fail,true,https://web.archive.org/web/20260516020918/https://greenstore.dk/en/home-page/,owner,2026-05-16,not_after,no owner-stated start carrying a date precision,not_searched,false,sources/edges.json,eufabric dependency sweep,2026-09-11,day,"the dependency sweep of brief 9 did not reach this row: it is not in `owner_side`, so no supplier question has been asked of it",true
transport and storage,ieaccus:1506,1506,,Basel-Zurich corridor,Switzerland,named not admitted,Planned,,,,1,true,false,pass,true,sources/cement_ccs_entries.json,owner or permit source,2026-09-15,day,the census read an owner or permit source that names the site and the perimeter still refuses the entry,fail,true,sources/cement_ccs_entries.json,eufabric census,2026-09-15,day,no owner document on file; the census is the record of looking,fail,true,sources/cement_ccs_entries.json,eufabric census,2026-09-15,day,no owner document on file; the census is the record of looking,fail,true,sources/funder_pass.json,eufabric funder pass,2026-09-19,day,the funder lists of sources/funder_pass.json — the Innovation Fund's own project table of 413 projects and 163 of its factsheets — name no award for this entry,fail,true,sources/cement_ccs_entries.json,eufabric census,2026-09-15,day,no owner document on file; the census is the record of looking,not_searched,false,sources/edges.json,eufabric dependency sweep,2026-09-11,day,"no register row, so no owner side to sweep; the graph names no edge for this entry",false
transport and storage,ieaccus:1507,1507,highway58,Highway58 (Baltic Sea CO2 backbone),Sweden-Finland,admitted,Planned,20000000,t_co2_per_year,,2,true,false,pass,true,https://pipe58.se/,Pipe58 with Progressive Energy,2026-01-27,day,the admitting source names the site as 'Baltic Sea',pass,true,https://pipe58.se/,owner,2026-01-27,day,20000000 t_co2_per_year as stated,fail,true,https://pipe58.se/,owner,2026-01-27,day,no owner statement that FID has been taken,fail,true,sources/funder_pass.json,eufabric funder pass,2026-09-19,day,the funder lists of sources/funder_pass.json — the Innovation Fund's own project table of 413 projects and 163 of its factsheets — name no award for this entry,fail,true,https://pipe58.se/,owner,2026-01-27,day,no owner-stated start carrying a date precision,not_searched,false,sources/edges.json,eufabric dependency sweep,2026-09-11,day,"the dependency sweep of brief 9 did not reach this row: it is not in `owner_side`, so no supplier question has been asked of it",true
transport and storage,ieaccus:1509,1509,,Inter terminals Sweden,Sweden,unreadable,Planned,,,,0,false,true,unread,true,,,,,the publisher could not be read; queued for a browser pass,unread,true,,,,,the publisher could not be read; queued for a browser pass,unread,true,,,,,the publisher could not be read; queued for a browser pass,unread,true,,,,,the publisher could not be read; queued for a browser pass,unread,true,,,,,the publisher could not be read; queued for a browser pass,unread,true,,,,,the publisher could not be read; queued for a browser pass,false
transport and storage,ieaccus:1510,1510,sullom-voe-hub,Sullom voe terminal and Shetland basin hub (SVT) - Magnus phase 2,United Kingdom,admitted,Planned,2 - 3,Mt CO2 a year,,1,true,false,pass,true,https://verienergy.com/pages/sullom-voe-terminal,Veri Energy (EnQuest),2026-09-15,not_after,"the admitting source names the site as 'Sullom Voe, Shetland'",fail,true,https://verienergy.com/pages/sullom-voe-terminal,owner,2026-09-15,not_after,no capacity stated by the owner on file,fail,true,https://verienergy.com/pages/sullom-voe-terminal,owner,2026-09-15,not_after,no owner statement that FID has been taken,fail,true,sources/funder_pass.json,eufabric funder pass,2026-09-19,day,the funder lists of sources/funder_pass.json — the Innovation Fund's own project table of 413 projects and 163 of its factsheets — name no award for this entry,fail,true,https://verienergy.com/pages/sullom-voe-terminal,owner,2026-09-15,not_after,no owner-stated start carrying a date precision,not_searched,false,sources/edges.json,eufabric dependency sweep,2026-09-11,day,"the dependency sweep of brief 9 did not reach this row: it is not in `owner_side`, so no supplier question has been asked of it",true
transport and storage,ieaccus:1511,1511,sullom-voe-hub,Sullom voe terminal and Shetland basin hub (SVT) - Regional Expansion phase 3,United Kingdom,admitted,Planned,5,Mt CO2 a year,,1,true,false,pass,true,https://verienergy.com/pages/sullom-voe-terminal,Veri Energy (EnQuest),2026-09-15,not_after,"the admitting source names the site as 'Sullom Voe, Shetland'",fail,true,https://verienergy.com/pages/sullom-voe-terminal,owner,2026-09-15,not_after,no capacity stated by the owner on file,fail,true,https://verienergy.com/pages/sullom-voe-terminal,owner,2026-09-15,not_after,no owner statement that FID has been taken,fail,true,sources/funder_pass.json,eufabric funder pass,2026-09-19,day,the funder lists of sources/funder_pass.json — the Innovation Fund's own project table of 413 projects and 163 of its factsheets — name no award for this entry,fail,true,https://verienergy.com/pages/sullom-voe-terminal,owner,2026-09-15,not_after,no owner-stated start carrying a date precision,not_searched,false,sources/edges.json,eufabric dependency sweep,2026-09-11,day,"the dependency sweep of brief 9 did not reach this row: it is not in `owner_side`, so no supplier question has been asked of it",true
transport and storage,ieaccus:1515,1515,,Malmö CO2 Hub,Sweden,unreadable,Planned,1.3,Mt CO2 a year,,0,false,true,unread,true,,,,,the publisher could not be read; queued for a browser pass,unread,true,,,,,the publisher could not be read; queued for a browser pass,unread,true,,,,,the publisher could not be read; queued for a browser pass,unread,true,,,,,the publisher could not be read; queued for a browser pass,unread,true,,,,,the publisher could not be read; queued for a browser pass,unread,true,,,,,the publisher could not be read; queued for a browser pass,false
transport and storage,ieaccus:1525,1525,,Fieni-Botești ,Romania,searched none found,Planned,0.6,Mt CO2 a year,,0,true,false,fail,true,sources/cement_ccs_entries.json,eufabric census,2026-09-15,day,the census read the owner's own sources and none names a site for this project,fail,true,sources/cement_ccs_entries.json,eufabric census,2026-09-15,day,no owner document on file; the census is the record of looking,fail,true,sources/cement_ccs_entries.json,eufabric census,2026-09-15,day,no owner document on file; the census is the record of looking,fail,true,sources/funder_pass.json,eufabric funder pass,2026-09-19,day,the funder lists of sources/funder_pass.json — the Innovation Fund's own project table of 413 projects and 163 of its factsheets — name no award for this entry,fail,true,sources/cement_ccs_entries.json,eufabric census,2026-09-15,day,no owner document on file; the census is the record of looking,not_searched,false,sources/edges.json,eufabric dependency sweep,2026-09-11,day,"no register row, so no owner side to sweep; the graph names no edge for this entry",false
transport and storage,ieaccus:1529,1529,golianovo-storage,Golianovo CO₂ Storage Site ,Slovakia,admitted,Planned,1.5,Mt CO2 a year,,1,true,false,pass,true,https://www.engas.sk/ccs,ENGAS,2025-10-31,day,the admitting source names the site as 'Golianovo',fail,true,https://www.engas.sk/ccs,owner,2025-10-31,day,no capacity stated by the owner on file,fail,true,https://www.engas.sk/ccs,owner,2025-10-31,day,no owner statement that FID has been taken,fail,true,sources/funder_pass.json,eufabric funder pass,2026-09-19,day,the funder lists of sources/funder_pass.json — the Innovation Fund's own project table of 413 projects and 163 of its factsheets — name no award for this entry,fail,true,https://www.engas.sk/ccs,owner,2025-10-31,day,no owner-stated start carrying a date precision,not_searched,false,sources/edges.json,eufabric dependency sweep,2026-09-11,day,"the dependency sweep of brief 9 did not reach this row: it is not in `owner_side`, so no supplier question has been asked of it",true
transport and storage,row:galata-co2-storage,galata-co2-storage,galata-co2-storage,Petroceltic Galata field,BG,admitted,,,,,1,true,false,pass,true,https://en.wikipedia.org/wiki/Galata_gas_field,owner,2026-08-28,day,row carries a position from a company or permit source,fail,true,https://en.wikipedia.org/wiki/Galata_gas_field,owner,2026-08-28,day,no capacity stated by the owner on file,fail,true,https://en.wikipedia.org/wiki/Galata_gas_field,owner,2026-08-28,day,no owner statement that FID has been taken,fail,true,sources/funder_pass.json,eufabric funder pass,2026-09-19,day,the funder lists of sources/funder_pass.json — the Innovation Fund's own project table of 413 projects and 163 of its factsheets — name no award for this entry,fail,true,https://en.wikipedia.org/wiki/Galata_gas_field,owner,2026-08-28,day,no owner-stated start carrying a date precision,fail,true,sources/edges.json,eufabric dependency sweep,2026-09-11,day,"no edge in the dependency graph names this project; the date is the graph's newest statement, not a sweep date",true
steel,gem:P100000120620,P100000120620,,Acciaierie d'Italia Taranto steel plant,Italy,named not admitted,Announced,,,,1,true,false,pass,true,sources/steel_entries.json,owner or permit source,2026-09-18,day,the census read an owner or permit source that names the site and the perimeter still refuses the entry,fail,true,sources/steel_entries.json,eufabric census,2026-09-18,day,no owner document on file; the census is the record of looking,fail,true,sources/steel_entries.json,eufabric census,2026-09-18,day,no owner document on file; the census is the record of looking,fail,true,sources/funder_pass.json,eufabric funder pass,2026-09-19,day,the funder lists of sources/funder_pass.json — the Innovation Fund's own project table of 413 projects and 163 of its factsheets — name no award for this entry,fail,true,sources/steel_entries.json,eufabric census,2026-09-18,day,no owner document on file; the census is the record of looking,not_searched,false,sources/edges.json,eufabric dependency sweep,2026-09-11,day,"no register row, so no owner side to sweep; the graph names no edge for this entry",false
steel,gem:P100000120634,P100000120634,,Acciaierie Venete Borgo Valsugana steel plant,Italy,perimeter exclusion,,,,"scrap EAF, no primary capacity",0,false,false,not_searched,false,sources/steel_entries.json,eufabric census,2026-09-18,day,out of perimeter; not scored,not_searched,false,sources/steel_entries.json,eufabric census,2026-09-18,day,out of perimeter; not scored,not_searched,false,sources/steel_entries.json,eufabric census,2026-09-18,day,out of perimeter; not scored,not_searched,false,sources/steel_entries.json,eufabric census,2026-09-18,day,out of perimeter; not scored,not_searched,false,sources/steel_entries.json,eufabric census,2026-09-18,day,out of perimeter; not scored,not_searched,false,sources/steel_entries.json,eufabric census,2026-09-18,day,out of perimeter; not scored,false
steel,gem:P100000120636,P100000120636,,Acciaierie Venete Padua steel plant,Italy,perimeter exclusion,,,,"scrap EAF, no primary capacity",0,false,false,not_searched,false,sources/steel_entries.json,eufabric census,2026-09-18,day,out of perimeter; not scored,not_searched,false,sources/steel_entries.json,eufabric census,2026-09-18,day,out of perimeter; not scored,not_searched,false,sources/steel_entries.json,eufabric census,2026-09-18,day,out of perimeter; not scored,not_searched,false,sources/steel_entries.json,eufabric census,2026-09-18,day,out of perimeter; not scored,not_searched,false,sources/steel_entries.json,eufabric census,2026-09-18,day,out of perimeter; not scored,not_searched,false,sources/steel_entries.json,eufabric census,2026-09-18,day,out of perimeter; not scored,false
steel,gem:P100000120635,P100000120635,,Acciaierie Venete Sarezzo steel plant,Italy,perimeter exclusion,,,,"scrap EAF, no primary capacity",0,false,false,not_searched,false,sources/steel_entries.json,eufabric census,2026-09-18,day,out of perimeter; not scored,not_searched,false,sources/steel_entries.json,eufabric census,2026-09-18,day,out of perimeter; not scored,not_searched,false,sources/steel_entries.json,eufabric census,2026-09-18,day,out of perimeter; not scored,not_searched,false,sources/steel_entries.json,eufabric census,2026-09-18,day,out of perimeter; not scored,not_searched,false,sources/steel_entries.json,eufabric census,2026-09-18,day,out of perimeter; not scored,not_searched,false,sources/steel_entries.json,eufabric census,2026-09-18,day,out of perimeter; not scored,false
steel,gem:P100000120454,P100000120454,,Acerinox Europa Los Barrios steel plant,Spain,perimeter exclusion,,,,"scrap EAF, no primary capacity",0,false,false,not_searched,false,sources/steel_entries.json,eufabric census,2026-09-18,day,out of perimeter; not scored,not_searched,false,sources/steel_entries.json,eufabric census,2026-09-18,day,out of perimeter; not scored,not_searched,false,sources/steel_entries.json,eufabric census,2026-09-18,day,out of perimeter; not scored,not_searched,false,sources/steel_entries.json,eufabric census,2026-09-18,day,out of perimeter; not scored,not_searched,false,sources/steel_entries.json,eufabric census,2026-09-18,day,out of perimeter; not scored,not_searched,false,sources/steel_entries.json,eufabric census,2026-09-18,day,out of perimeter; not scored,false
steel,gem:P100000120624,P100000120624,,AFV Accaierie Beltrame Vicenza steel plant,Italy,perimeter exclusion,,,,"scrap EAF, no primary capacity",0,false,false,not_searched,false,sources/steel_entries.json,eufabric census,2026-09-18,day,out of perimeter; not scored,not_searched,false,sources/steel_entries.json,eufabric census,2026-09-18,day,out of perimeter; not scored,not_searched,false,sources/steel_entries.json,eufabric census,2026-09-18,day,out of perimeter; not scored,not_searched,false,sources/steel_entries.json,eufabric census,2026-09-18,day,out of perimeter; not scored,not_searched,false,sources/steel_entries.json,eufabric census,2026-09-18,day,out of perimeter; not scored,not_searched,false,sources/steel_entries.json,eufabric census,2026-09-18,day,out of perimeter; not scored,false
steel,gem:P100000121240,P100000121240,,AFV Donalam Targoviste steel plant,Romania,perimeter exclusion,,,,"scrap EAF, no primary capacity",0,false,false,not_searched,false,sources/steel_entries.json,eufabric census,2026-09-18,day,out of perimeter; not scored,not_searched,false,sources/steel_entries.json,eufabric census,2026-09-18,day,out of perimeter; not scored,not_searched,false,sources/steel_entries.json,eufabric census,2026-09-18,day,out of perimeter; not scored,not_searched,false,sources/steel_entries.json,eufabric census,2026-09-18,day,out of perimeter; not scored,not_searched,false,sources/steel_entries.json,eufabric census,2026-09-18,day,out of perimeter; not scored,not_searched,false,sources/steel_entries.json,eufabric census,2026-09-18,day,out of perimeter; not scored,false
steel,gem:P100000120423,P100000120423,power4steel-dillingen,AG der Dillinger Hüttenwerke Dillingen steel plant,Germany,admitted,Announced,,,,0,true,false,fail,true,sources/steel_entries.json,eufabric census,2026-09-18,day,the census read the owner's own sources and none names a site for this project,fail,true,sources/steel_entries.json,eufabric census,2026-09-18,day,no owner document on file; the census is the record of looking,fail,true,sources/steel_entries.json,eufabric census,2026-09-18,day,no owner document on file; the census is the record of looking,fail,true,sources/funder_pass.json,eufabric funder pass,2026-09-19,day,the funder lists of sources/funder_pass.json — the Innovation Fund's own project table of 413 projects and 163 of its factsheets — name no award for this entry,fail,true,sources/steel_entries.json,eufabric census,2026-09-18,day,no owner document on file; the census is the record of looking,not_searched,false,sources/edges.json,eufabric dependency sweep,2026-09-11,day,"no register row, so no owner side to sweep; the graph names no edge for this entry",false
steel,gem:P100000120623,P100000120623,,Alfa Acciai Brescia steel plant,Italy,perimeter exclusion,,,,"scrap EAF, no primary capacity",0,false,false,not_searched,false,sources/steel_entries.json,eufabric census,2026-09-18,day,out of perimeter; not scored,not_searched,false,sources/steel_entries.json,eufabric census,2026-09-18,day,out of perimeter; not scored,not_searched,false,sources/steel_entries.json,eufabric census,2026-09-18,day,out of perimeter; not scored,not_searched,false,sources/steel_entries.json,eufabric census,2026-09-18,day,out of perimeter; not scored,not_searched,false,sources/steel_entries.json,eufabric census,2026-09-18,day,out of perimeter; not scored,not_searched,false,sources/steel_entries.json,eufabric census,2026-09-18,day,out of perimeter; not scored,false
steel,gem:P100000120637,P100000120637,,Alfa Acciai Catania steel plant,Italy,perimeter exclusion,,,,"scrap EAF, no primary capacity",0,false,false,not_searched,false,sources/steel_entries.json,eufabric census,2026-09-18,day,out of perimeter; not scored,not_searched,false,sources/steel_entries.json,eufabric census,2026-09-18,day,out of perimeter; not scored,not_searched,false,sources/steel_entries.json,eufabric census,2026-09-18,day,out of perimeter; not scored,not_searched,false,sources/steel_entries.json,eufabric census,2026-09-18,day,out of perimeter; not scored,not_searched,false,sources/steel_entries.json,eufabric census,2026-09-18,day,out of perimeter; not scored,not_searched,false,sources/steel_entries.json,eufabric census,2026-09-18,day,out of perimeter; not scored,false
steel,gem:P100000120029,P100000120029,,Aperam Stainless Belgium Châtelet steel plant,Belgium,perimeter exclusion,,,,"scrap EAF, no primary capacity",0,false,false,not_searched,false,sources/steel_entries.json,eufabric census,2026-09-18,day,out of perimeter; not scored,not_searched,false,sources/steel_entries.json,eufabric census,2026-09-18,day,out of perimeter; not scored,not_searched,false,sources/steel_entries.json,eufabric census,2026-09-18,day,out of perimeter; not scored,not_searched,false,sources/steel_entries.json,eufabric census,2026-09-18,day,out of perimeter; not scored,not_searched,false,sources/steel_entries.json,eufabric census,2026-09-18,day,out of perimeter; not scored,not_searched,false,sources/steel_entries.json,eufabric census,2026-09-18,day,out of perimeter; not scored,false
steel,gem:P100000120028,P100000120028,,Aperam Stainless Belgium Genk steel plant,Belgium,perimeter exclusion,,,,"scrap EAF, no primary capacity",0,false,false,not_searched,false,sources/steel_entries.json,eufabric census,2026-09-18,day,out of perimeter; not scored,not_searched,false,sources/steel_entries.json,eufabric census,2026-09-18,day,out of perimeter; not scored,not_searched,false,sources/steel_entries.json,eufabric census,2026-09-18,day,out of perimeter; not scored,not_searched,false,sources/steel_entries.json,eufabric census,2026-09-18,day,out of perimeter; not scored,not_searched,false,sources/steel_entries.json,eufabric census,2026-09-18,day,out of perimeter; not scored,not_searched,false,sources/steel_entries.json,eufabric census,2026-09-18,day,out of perimeter; not scored,false
steel,gem:P100000120459,P100000120459,,ArcelorMittal Asturias (Aviles) steel plant,Spain,searched none found,,,,,0,true,false,fail,true,sources/steel_entries.json,eufabric census,2026-09-18,day,the census read the owner's own sources and none names a site for this project,fail,true,sources/steel_entries.json,eufabric census,2026-09-18,day,no owner document on file; the census is the record of looking,fail,true,sources/steel_entries.json,eufabric census,2026-09-18,day,no owner document on file; the census is the record of looking,fail,true,sources/funder_pass.json,eufabric funder pass,2026-09-19,day,the funder lists of sources/funder_pass.json — the Innovation Fund's own project table of 413 projects and 163 of its factsheets — name no award for this entry,fail,true,sources/steel_entries.json,eufabric census,2026-09-18,day,no owner document on file; the census is the record of looking,not_searched,false,sources/edges.json,eufabric dependency sweep,2026-09-11,day,"no register row, so no owner side to sweep; the graph names no edge for this entry",false
steel,gem:P100000120452,P100000120452,arcelormittal-gijon,ArcelorMittal Asturias (Gijón) steel plant,Spain,admitted,Announced,,,,0,true,false,fail,true,sources/steel_entries.json,eufabric census,2026-09-18,day,the census read the owner's own sources and none names a site for this project,fail,true,sources/steel_entries.json,eufabric census,2026-09-18,day,no owner document on file; the census is the record of looking,fail,true,sources/steel_entries.json,eufabric census,2026-09-18,day,no owner document on file; the census is the record of looking,fail,true,sources/funder_pass.json,eufabric funder pass,2026-09-19,day,the funder lists of sources/funder_pass.json — the Innovation Fund's own project table of 413 projects and 163 of its factsheets — name no award for this entry,fail,true,sources/steel_entries.json,eufabric census,2026-09-18,day,no owner document on file; the census is the record of looking,not_searched,false,sources/edges.json,eufabric dependency sweep,2026-09-11,day,"no register row, so no owner side to sweep; the graph names no edge for this entry",false
steel,gem:P100000120426,P100000120426,am-bremen-eisenhuettenstadt,ArcelorMittal Bremen steel plant,Germany,held,Construction,,,,1,true,false,pass,true,https://www.cleanenergywire.org/news/german-finance-minister-calls-steel-summit-after-green-projects-axed,owner,2025-06-23,day,row carries a position from a company or permit source,fail,true,https://www.cleanenergywire.org/news/german-finance-minister-calls-steel-summit-after-green-projects-axed,owner,2025-06-23,day,no capacity stated by the owner on file,fail,true,https://www.cleanenergywire.org/news/german-finance-minister-calls-steel-summit-after-green-projects-axed,owner,2025-06-23,day,no owner statement that FID has been taken,fail,true,sources/funder_pass.json,eufabric funder pass,2026-09-19,day,the funder lists of sources/funder_pass.json — the Innovation Fund's own project table of 413 projects and 163 of its factsheets — name no award for this entry,fail,true,https://www.cleanenergywire.org/news/german-finance-minister-calls-steel-summit-after-green-projects-axed,owner,2025-06-23,day,no owner-stated start carrying a date precision,fail,true,sources/edges.json,eufabric dependency sweep,2026-09-11,day,"no edge in the dependency graph names this project; the date is the graph's newest statement, not a sweep date",true
steel,gem:P100000120785,P100000120785,,ArcelorMittal Dąbrowa Górnicza steel plant,Poland,searched none found,,,,,0,true,false,fail,true,sources/steel_entries.json,eufabric census,2026-09-18,day,the census read the owner's own sources and none names a site for this project,fail,true,sources/steel_entries.json,eufabric census,2026-09-18,day,no owner document on file; the census is the record of looking,fail,true,sources/steel_entries.json,eufabric census,2026-09-18,day,no owner document on file; the census is the record of looking,fail,true,sources/funder_pass.json,eufabric funder pass,2026-09-19,day,the funder lists of sources/funder_pass.json — the Innovation Fund's own project table of 413 projects and 163 of its factsheets — name no award for this entry,fail,true,sources/steel_entries.json,eufabric census,2026-09-18,day,no owner document on file; the census is the record of looking,not_searched,false,sources/edges.json,eufabric dependency sweep,2026-09-11,day,"no register row, so no owner side to sweep; the graph names no edge for this entry",false
steel,gem:P100000120714,P100000120714,,ArcelorMittal Differdange steel plant,Luxembourg,perimeter exclusion,,,,"scrap EAF, no primary capacity",0,false,false,not_searched,false,sources/steel_entries.json,eufabric census,2026-09-18,day,out of perimeter; not scored,not_searched,false,sources/steel_entries.json,eufabric census,2026-09-18,day,out of perimeter; not scored,not_searched,false,sources/steel_entries.json,eufabric census,2026-09-18,day,out of perimeter; not scored,not_searched,false,sources/steel_entries.json,eufabric census,2026-09-18,day,out of perimeter; not scored,not_searched,false,sources/steel_entries.json,eufabric census,2026-09-18,day,out of perimeter; not scored,not_searched,false,sources/steel_entries.json,eufabric census,2026-09-18,day,out of perimeter; not scored,false
steel,gem:P100000120428,P100000120428,arcelormittal-duisburg,ArcelorMittal Duisburg steel plant,Germany,admitted,,,,,0,true,false,fail,true,sources/steel_entries.json,eufabric census,2026-09-18,day,the census read the owner's own sources and none names a site for this project,fail,true,sources/steel_entries.json,eufabric census,2026-09-18,day,no owner document on file; the census is the record of looking,fail,true,sources/steel_entries.json,eufabric census,2026-09-18,day,no owner document on file; the census is the record of looking,fail,true,sources/funder_pass.json,eufabric funder pass,2026-09-19,day,the funder lists of sources/funder_pass.json — the Innovation Fund's own project table of 413 projects and 163 of its factsheets — name no award for this entry,fail,true,sources/steel_entries.json,eufabric census,2026-09-18,day,no owner document on file; the census is the record of looking,not_searched,false,sources/edges.json,eufabric dependency sweep,2026-09-11,day,"no register row, so no owner side to sweep; the graph names no edge for this entry",false
steel,gem:P100000120472,P100000120472,arcelormittal-dunkerque,ArcelorMittal Dunkerque steel plant,France,admitted,Finalized (research & testing),,,,0,true,false,fail,true,sources/steel_entries.json,eufabric census,2026-09-18,day,the census read the owner's own sources and none names a site for this project,fail,true,sources/steel_entries.json,eufabric census,2026-09-18,day,no owner document on file; the census is the record of looking,fail,true,sources/steel_entries.json,eufabric census,2026-09-18,day,no owner document on file; the census is the record of looking,fail,true,sources/funder_pass.json,eufabric funder pass,2026-09-19,day,the funder lists of sources/funder_pass.json — the Innovation Fund's own project table of 413 projects and 163 of its factsheets — name no award for this entry,fail,true,sources/steel_entries.json,eufabric census,2026-09-18,day,no owner document on file; the census is the record of looking,not_searched,false,sources/edges.json,eufabric dependency sweep,2026-09-11,day,"no register row, so no owner side to sweep; the graph names no edge for this entry",false
steel,gem:P100000120425,P100000120425,am-bremen-eisenhuettenstadt,ArcelorMittal Eisenhüttenstadt steel plant,Germany,held,Cancelled,,,,1,true,false,pass,true,https://www.cleanenergywire.org/news/german-finance-minister-calls-steel-summit-after-green-projects-axed,owner,2025-06-23,day,row carries a position from a company or permit source,fail,true,https://www.cleanenergywire.org/news/german-finance-minister-calls-steel-summit-after-green-projects-axed,owner,2025-06-23,day,no capacity stated by the owner on file,fail,true,https://www.cleanenergywire.org/news/german-finance-minister-calls-steel-summit-after-green-projects-axed,owner,2025-06-23,day,no owner statement that FID has been taken,fail,true,sources/funder_pass.json,eufabric funder pass,2026-09-19,day,the funder lists of sources/funder_pass.json — the Innovation Fund's own project table of 413 projects and 163 of its factsheets — name no award for this entry,fail,true,https://www.cleanenergywire.org/news/german-finance-minister-calls-steel-summit-after-green-projects-axed,owner,2025-06-23,day,no owner-stated start carrying a date precision,fail,true,sources/edges.json,eufabric dependency sweep,2026-09-11,day,"no edge in the dependency graph names this project; the date is the graph's newest statement, not a sweep date",true
steel,gem:P100000120715,P100000120715,,ArcelorMittal Esch-Belval steel plant,Luxembourg,perimeter exclusion,,,,"scrap EAF, no primary capacity",0,false,false,not_searched,false,sources/steel_entries.json,eufabric census,2026-09-18,day,out of perimeter; not scored,not_searched,false,sources/steel_entries.json,eufabric census,2026-09-18,day,out of perimeter; not scored,not_searched,false,sources/steel_entries.json,eufabric census,2026-09-18,day,out of perimeter; not scored,not_searched,false,sources/steel_entries.json,eufabric census,2026-09-18,day,out of perimeter; not scored,not_searched,false,sources/steel_entries.json,eufabric census,2026-09-18,day,out of perimeter; not scored,not_searched,false,sources/steel_entries.json,eufabric census,2026-09-18,day,out of perimeter; not scored,false
steel,gem:P100000120475,P100000120475,,ArcelorMittal Florange steel plant,France,searched none found,,,,,0,true,false,fail,true,sources/steel_entries.json,eufabric census,2026-09-18,day,the census read the owner's own sources and none names a site for this project,fail,true,sources/steel_entries.json,eufabric census,2026-09-18,day,no owner document on file; the census is the record of looking,fail,true,sources/steel_entries.json,eufabric census,2026-09-18,day,no owner document on file; the census is the record of looking,fail,true,sources/funder_pass.json,eufabric funder pass,2026-09-19,day,the funder lists of sources/funder_pass.json — the Innovation Fund's own project table of 413 projects and 163 of its factsheets — name no award for this entry,fail,true,sources/steel_entries.json,eufabric census,2026-09-18,day,no owner document on file; the census is the record of looking,not_searched,false,sources/edges.json,eufabric dependency sweep,2026-09-11,day,"no register row, so no owner side to sweep; the graph names no edge for this entry",false
steel,gem:P100000120027,P100000120027,,ArcelorMittal Gent steel plant,Belgium,searched none found,Operating,,,,1,true,false,fail,true,sources/steel_entries.json,eufabric census,2026-09-18,day,the census read the owner's own sources and none names a site for this project,fail,true,sources/steel_entries.json,eufabric census,2026-09-18,day,no owner document on file; the census is the record of looking,fail,true,sources/steel_entries.json,eufabric census,2026-09-18,day,no owner document on file; the census is the record of looking,pass,true,https://ec.europa.eu/assets/cinea/project_fiches/innovation_fund/101191086.pdf,"European Commission (CINEA), Innovation Fund",2023,year,"Innovation Fund, IF23Call – General large-scale names 'ZESTA : Zero Emission Steelmaking at ArcelorMittal' at EUR 262,094,637; the funder's own status is Grant signed; matched on the fiche names 'the steelmaking operations of ArcelorMittal in Ghent' and the coordinator is ARCELORMITTAL BELGIUM NV",fail,true,sources/steel_entries.json,eufabric census,2026-09-18,day,no owner document on file; the census is the record of looking,not_searched,false,sources/edges.json,eufabric dependency sweep,2026-09-11,day,"no register row, so no owner side to sweep; the graph names no edge for this entry",false
steel,gem:P100000120427,P100000120427,arcelormittal-hamburg,ArcelorMittal Hamburg steel plant,Germany,admitted,Announced,,,,0,true,false,fail,true,sources/steel_entries.json,eufabric census,2026-09-18,day,the census read the owner's own sources and none names a site for this project,fail,true,sources/steel_entries.json,eufabric census,2026-09-18,day,no owner document on file; the census is the record of looking,fail,true,sources/steel_entries.json,eufabric census,2026-09-18,day,no owner document on file; the census is the record of looking,fail,true,sources/funder_pass.json,eufabric funder pass,2026-09-19,day,the funder lists of sources/funder_pass.json — the Innovation Fund's own project table of 413 projects and 163 of its factsheets — name no award for this entry,fail,true,sources/steel_entries.json,eufabric census,2026-09-18,day,no owner document on file; the census is the record of looking,not_searched,false,sources/edges.json,eufabric dependency sweep,2026-09-11,day,"no register row, so no owner side to sweep; the graph names no edge for this entry",false
steel,gem:P100000120786,P100000120786,,ArcelorMittal Kraków steel plant,Poland,searched none found,,,,,0,true,false,fail,true,sources/steel_entries.json,eufabric census,2026-09-18,day,the census read the owner's own sources and none names a site for this project,fail,true,sources/steel_entries.json,eufabric census,2026-09-18,day,no owner document on file; the census is the record of looking,fail,true,sources/steel_entries.json,eufabric census,2026-09-18,day,no owner document on file; the census is the record of looking,fail,true,sources/funder_pass.json,eufabric funder pass,2026-09-19,day,the funder lists of sources/funder_pass.json — the Innovation Fund's own project table of 413 projects and 163 of its factsheets — name no award for this entry,fail,true,sources/steel_entries.json,eufabric census,2026-09-18,day,no owner document on file; the census is the record of looking,not_searched,false,sources/edges.json,eufabric dependency sweep,2026-09-11,day,"no register row, so no owner side to sweep; the graph names no edge for this entry",false
steel,gem:P100000120473,P100000120473,arcelormittal-fos-sur-mer,ArcelorMittal Méditerranée Fos sur Mer steel plant,France,admitted,Announced,,,,0,true,false,fail,true,sources/steel_entries.json,eufabric census,2026-09-18,day,the census read the owner's own sources and none names a site for this project,fail,true,sources/steel_entries.json,eufabric census,2026-09-18,day,no owner document on file; the census is the record of looking,fail,true,sources/steel_entries.json,eufabric census,2026-09-18,day,no owner document on file; the census is the record of looking,fail,true,sources/funder_pass.json,eufabric funder pass,2026-09-19,day,the funder lists of sources/funder_pass.json — the Innovation Fund's own project table of 413 projects and 163 of its factsheets — name no award for this entry,fail,true,sources/steel_entries.json,eufabric census,2026-09-18,day,no owner document on file; the census is the record of looking,not_searched,false,sources/edges.json,eufabric dependency sweep,2026-09-11,day,"no register row, so no owner side to sweep; the graph names no edge for this entry",false
steel,gem:P100000120458,P100000120458,,ArcelorMittal Olaberria-Bergara (Olaberria) steel plant,Spain,perimeter exclusion,,,,"scrap EAF, no primary capacity",0,false,false,not_searched,false,sources/steel_entries.json,eufabric census,2026-09-18,day,out of perimeter; not scored,not_searched,false,sources/steel_entries.json,eufabric census,2026-09-18,day,out of perimeter; not scored,not_searched,false,sources/steel_entries.json,eufabric census,2026-09-18,day,out of perimeter; not scored,not_searched,false,sources/steel_entries.json,eufabric census,2026-09-18,day,out of perimeter; not scored,not_searched,false,sources/steel_entries.json,eufabric census,2026-09-18,day,out of perimeter; not scored,not_searched,false,sources/steel_entries.json,eufabric census,2026-09-18,day,out of perimeter; not scored,false
steel,gem:P100000120453,P100000120453,,ArcelorMittal Sestao steel plant,Spain,perimeter exclusion,Paused or postponed,,,"fuel switch, no primary route change",0,false,false,not_searched,false,sources/steel_entries.json,eufabric census,2026-09-18,day,out of perimeter; not scored,not_searched,false,sources/steel_entries.json,eufabric census,2026-09-18,day,out of perimeter; not scored,not_searched,false,sources/steel_entries.json,eufabric census,2026-09-18,day,out of perimeter; not scored,not_searched,false,sources/steel_entries.json,eufabric census,2026-09-18,day,out of perimeter; not scored,not_searched,false,sources/steel_entries.json,eufabric census,2026-09-18,day,out of perimeter; not scored,not_searched,false,sources/steel_entries.json,eufabric census,2026-09-18,day,out of perimeter; not scored,false
steel,gem:P100000120790,P100000120790,,ArcelorMittal Warszawa steel plant,Poland,perimeter exclusion,,,,"scrap EAF, no primary capacity",0,false,false,not_searched,false,sources/steel_entries.json,eufabric census,2026-09-18,day,out of perimeter; not scored,not_searched,false,sources/steel_entries.json,eufabric census,2026-09-18,day,out of perimeter; not scored,not_searched,false,sources/steel_entries.json,eufabric census,2026-09-18,day,out of perimeter; not scored,not_searched,false,sources/steel_entries.json,eufabric census,2026-09-18,day,out of perimeter; not scored,not_searched,false,sources/steel_entries.json,eufabric census,2026-09-18,day,out of perimeter; not scored,not_searched,false,sources/steel_entries.json,eufabric census,2026-09-18,day,out of perimeter; not scored,false
steel,gem:P100000120435,P100000120435,,Benteler Steel Tube Lingen plant,Germany,perimeter exclusion,,,,"scrap EAF, no primary capacity",0,false,false,not_searched,false,sources/steel_entries.json,eufabric census,2026-09-18,day,out of perimeter; not scored,not_searched,false,sources/steel_entries.json,eufabric census,2026-09-18,day,out of perimeter; not scored,not_searched,false,sources/steel_entries.json,eufabric census,2026-09-18,day,out of perimeter; not scored,not_searched,false,sources/steel_entries.json,eufabric census,2026-09-18,day,out of perimeter; not scored,not_searched,false,sources/steel_entries.json,eufabric census,2026-09-18,day,out of perimeter; not scored,not_searched,false,sources/steel_entries.json,eufabric census,2026-09-18,day,out of perimeter; not scored,false
steel,gem:P100000120471,P100000120471,blastr-inkoo,Blastr Inkoo steel plant,Finland,admitted,Announced,,,,0,true,false,fail,true,sources/steel_entries.json,eufabric census,2026-09-18,day,the census read the owner's own sources and none names a site for this project,fail,true,sources/steel_entries.json,eufabric census,2026-09-18,day,no owner document on file; the census is the record of looking,fail,true,sources/steel_entries.json,eufabric census,2026-09-18,day,no owner document on file; the census is the record of looking,fail,true,sources/funder_pass.json,eufabric funder pass,2026-09-19,day,the funder lists of sources/funder_pass.json — the Innovation Fund's own project table of 413 projects and 163 of its factsheets — name no award for this entry,fail,true,sources/steel_entries.json,eufabric census,2026-09-18,day,no owner document on file; the census is the record of looking,not_searched,false,sources/edges.json,eufabric dependency sweep,2026-09-11,day,"no register row, so no owner side to sweep; the graph names no edge for this entry",false
steel,gem:P100000120483,P100000120483,,British Steel Scunthorpe plant,United Kingdom,searched none found,Operating,,,,0,true,false,fail,true,sources/steel_entries.json,eufabric census,2026-09-18,day,the census read the owner's own sources and none names a site for this project,fail,true,sources/steel_entries.json,eufabric census,2026-09-18,day,no owner document on file; the census is the record of looking,fail,true,sources/steel_entries.json,eufabric census,2026-09-18,day,no owner document on file; the census is the record of looking,fail,true,sources/funder_pass.json,eufabric funder pass,2026-09-19,day,the funder lists of sources/funder_pass.json — the Innovation Fund's own project table of 413 projects and 163 of its factsheets — name no award for this entry,fail,true,sources/steel_entries.json,eufabric census,2026-09-18,day,no owner document on file; the census is the record of looking,not_searched,false,sources/edges.json,eufabric dependency sweep,2026-09-11,day,"no register row, so no owner side to sweep; the graph names no edge for this entry",false
steel,gem:P100000121223,P100000121223,,British Steel Teesside plant,United Kingdom,perimeter exclusion,,,,"scrap EAF, no primary capacity",0,false,false,not_searched,false,sources/steel_entries.json,eufabric census,2026-09-18,day,out of perimeter; not scored,not_searched,false,sources/steel_entries.json,eufabric census,2026-09-18,day,out of perimeter; not scored,not_searched,false,sources/steel_entries.json,eufabric census,2026-09-18,day,out of perimeter; not scored,not_searched,false,sources/steel_entries.json,eufabric census,2026-09-18,day,out of perimeter; not scored,not_searched,false,sources/steel_entries.json,eufabric census,2026-09-18,day,out of perimeter; not scored,not_searched,false,sources/steel_entries.json,eufabric census,2026-09-18,day,out of perimeter; not scored,false
steel,gem:P100000120456,P100000120456,,Celsa Barcelona Castellbisbal steel plant,Spain,perimeter exclusion,,,,"scrap EAF, no primary capacity",0,false,false,not_searched,false,sources/steel_entries.json,eufabric census,2026-09-18,day,out of perimeter; not scored,not_searched,false,sources/steel_entries.json,eufabric census,2026-09-18,day,out of perimeter; not scored,not_searched,false,sources/steel_entries.json,eufabric census,2026-09-18,day,out of perimeter; not scored,not_searched,false,sources/steel_entries.json,eufabric census,2026-09-18,day,out of perimeter; not scored,not_searched,false,sources/steel_entries.json,eufabric census,2026-09-18,day,out of perimeter; not scored,not_searched,false,sources/steel_entries.json,eufabric census,2026-09-18,day,out of perimeter; not scored,false
steel,gem:P100000120474,P100000120474,,Celsa France Boucau steel plant,France,perimeter exclusion,,,,"scrap EAF, no primary capacity",0,false,false,not_searched,false,sources/steel_entries.json,eufabric census,2026-09-18,day,out of perimeter; not scored,not_searched,false,sources/steel_entries.json,eufabric census,2026-09-18,day,out of perimeter; not scored,not_searched,false,sources/steel_entries.json,eufabric census,2026-09-18,day,out of perimeter; not scored,not_searched,false,sources/steel_entries.json,eufabric census,2026-09-18,day,out of perimeter; not scored,not_searched,false,sources/steel_entries.json,eufabric census,2026-09-18,day,out of perimeter; not scored,not_searched,false,sources/steel_entries.json,eufabric census,2026-09-18,day,out of perimeter; not scored,false
steel,gem:P100000120462,P100000120462,,Celsa Global Steel Wire Santander plant,Spain,perimeter exclusion,,,,"scrap EAF, no primary capacity",0,false,false,not_searched,false,sources/steel_entries.json,eufabric census,2026-09-18,day,out of perimeter; not scored,not_searched,false,sources/steel_entries.json,eufabric census,2026-09-18,day,out of perimeter; not scored,not_searched,false,sources/steel_entries.json,eufabric census,2026-09-18,day,out of perimeter; not scored,not_searched,false,sources/steel_entries.json,eufabric census,2026-09-18,day,out of perimeter; not scored,not_searched,false,sources/steel_entries.json,eufabric census,2026-09-18,day,out of perimeter; not scored,not_searched,false,sources/steel_entries.json,eufabric census,2026-09-18,day,out of perimeter; not scored,false
steel,gem:P100000120788,P100000120788,,Celsa Huta Ostrowiec steel plant,Poland,perimeter exclusion,,,,"scrap EAF, no primary capacity",0,false,false,not_searched,false,sources/steel_entries.json,eufabric census,2026-09-18,day,out of perimeter; not scored,not_searched,false,sources/steel_entries.json,eufabric census,2026-09-18,day,out of perimeter; not scored,not_searched,false,sources/steel_entries.json,eufabric census,2026-09-18,day,out of perimeter; not scored,not_searched,false,sources/steel_entries.json,eufabric census,2026-09-18,day,out of perimeter; not scored,not_searched,false,sources/steel_entries.json,eufabric census,2026-09-18,day,out of perimeter; not scored,not_searched,false,sources/steel_entries.json,eufabric census,2026-09-18,day,out of perimeter; not scored,false
steel,gem:P100000120467,P100000120467,,Celsa Nervacero steel plant,Spain,perimeter exclusion,,,,"scrap EAF, no primary capacity",0,false,false,not_searched,false,sources/steel_entries.json,eufabric census,2026-09-18,day,out of perimeter; not scored,not_searched,false,sources/steel_entries.json,eufabric census,2026-09-18,day,out of perimeter; not scored,not_searched,false,sources/steel_entries.json,eufabric census,2026-09-18,day,out of perimeter; not scored,not_searched,false,sources/steel_entries.json,eufabric census,2026-09-18,day,out of perimeter; not scored,not_searched,false,sources/steel_entries.json,eufabric census,2026-09-18,day,out of perimeter; not scored,not_searched,false,sources/steel_entries.json,eufabric census,2026-09-18,day,out of perimeter; not scored,false
steel,gem:P100000120787,P100000120787,,CMC Zawiercie steel plant,Poland,perimeter exclusion,,,,"scrap EAF, no primary capacity",0,false,false,not_searched,false,sources/steel_entries.json,eufabric census,2026-09-18,day,out of perimeter; not scored,not_searched,false,sources/steel_entries.json,eufabric census,2026-09-18,day,out of perimeter; not scored,not_searched,false,sources/steel_entries.json,eufabric census,2026-09-18,day,out of perimeter; not scored,not_searched,false,sources/steel_entries.json,eufabric census,2026-09-18,day,out of perimeter; not scored,not_searched,false,sources/steel_entries.json,eufabric census,2026-09-18,day,out of perimeter; not scored,not_searched,false,sources/steel_entries.json,eufabric census,2026-09-18,day,out of perimeter; not scored,false
steel,gem:P100000120434,P100000120434,,CSN Stahlwerk Thüringen Unterwellenborn steel plant,Germany,perimeter exclusion,,,,"scrap EAF, no primary capacity",0,false,false,not_searched,false,sources/steel_entries.json,eufabric census,2026-09-18,day,out of perimeter; not scored,not_searched,false,sources/steel_entries.json,eufabric census,2026-09-18,day,out of perimeter; not scored,not_searched,false,sources/steel_entries.json,eufabric census,2026-09-18,day,out of perimeter; not scored,not_searched,false,sources/steel_entries.json,eufabric census,2026-09-18,day,out of perimeter; not scored,not_searched,false,sources/steel_entries.json,eufabric census,2026-09-18,day,out of perimeter; not scored,not_searched,false,sources/steel_entries.json,eufabric census,2026-09-18,day,out of perimeter; not scored,false
steel,gem:P100000120621,P100000120621,,Danieli ABS Pozzuolo del Friuli steel plant,Italy,perimeter exclusion,,,,"scrap EAF, no primary capacity",0,false,false,not_searched,false,sources/steel_entries.json,eufabric census,2026-09-18,day,out of perimeter; not scored,not_searched,false,sources/steel_entries.json,eufabric census,2026-09-18,day,out of perimeter; not scored,not_searched,false,sources/steel_entries.json,eufabric census,2026-09-18,day,out of perimeter; not scored,not_searched,false,sources/steel_entries.json,eufabric census,2026-09-18,day,out of perimeter; not scored,not_searched,false,sources/steel_entries.json,eufabric census,2026-09-18,day,out of perimeter; not scored,not_searched,false,sources/steel_entries.json,eufabric census,2026-09-18,day,out of perimeter; not scored,false
steel,gem:P100000120438,P100000120438,,Deutsche Edelstahlwerke steel plant,Germany,perimeter exclusion,,,,"scrap EAF, no primary capacity",0,false,false,not_searched,false,sources/steel_entries.json,eufabric census,2026-09-18,day,out of perimeter; not scored,not_searched,false,sources/steel_entries.json,eufabric census,2026-09-18,day,out of perimeter; not scored,not_searched,false,sources/steel_entries.json,eufabric census,2026-09-18,day,out of perimeter; not scored,not_searched,false,sources/steel_entries.json,eufabric census,2026-09-18,day,out of perimeter; not scored,not_searched,false,sources/steel_entries.json,eufabric census,2026-09-18,day,out of perimeter; not scored,not_searched,false,sources/steel_entries.json,eufabric census,2026-09-18,day,out of perimeter; not scored,false
steel,gem:P100000120640,P100000120640,,Duferco Travi e Profilati San Zeno Naviglio steel plant,Italy,perimeter exclusion,,,,"scrap EAF, no primary capacity",0,false,false,not_searched,false,sources/steel_entries.json,eufabric census,2026-09-18,day,out of perimeter; not scored,not_searched,false,sources/steel_entries.json,eufabric census,2026-09-18,day,out of perimeter; not scored,not_searched,false,sources/steel_entries.json,eufabric census,2026-09-18,day,out of perimeter; not scored,not_searched,false,sources/steel_entries.json,eufabric census,2026-09-18,day,out of perimeter; not scored,not_searched,false,sources/steel_entries.json,eufabric census,2026-09-18,day,out of perimeter; not scored,not_searched,false,sources/steel_entries.json,eufabric census,2026-09-18,day,out of perimeter; not scored,false
steel,gem:P100000120436,P100000120436,,ESF Elbe Stahlwerke Feralpi Riesa steel plant,Germany,perimeter exclusion,,,,"scrap EAF, no primary capacity",0,false,false,not_searched,false,sources/steel_entries.json,eufabric census,2026-09-18,day,out of perimeter; not scored,not_searched,false,sources/steel_entries.json,eufabric census,2026-09-18,day,out of perimeter; not scored,not_searched,false,sources/steel_entries.json,eufabric census,2026-09-18,day,out of perimeter; not scored,not_searched,false,sources/steel_entries.json,eufabric census,2026-09-18,day,out of perimeter; not scored,not_searched,false,sources/steel_entries.json,eufabric census,2026-09-18,day,out of perimeter; not scored,not_searched,false,sources/steel_entries.json,eufabric census,2026-09-18,day,out of perimeter; not scored,false
steel,gem:P100000120632,P100000120632,,Feralpi Calvisano steel plant,Italy,perimeter exclusion,,,,"scrap EAF, no primary capacity",0,false,false,not_searched,false,sources/steel_entries.json,eufabric census,2026-09-18,day,out of perimeter; not scored,not_searched,false,sources/steel_entries.json,eufabric census,2026-09-18,day,out of perimeter; not scored,not_searched,false,sources/steel_entries.json,eufabric census,2026-09-18,day,out of perimeter; not scored,not_searched,false,sources/steel_entries.json,eufabric census,2026-09-18,day,out of perimeter; not scored,not_searched,false,sources/steel_entries.json,eufabric census,2026-09-18,day,out of perimeter; not scored,not_searched,false,sources/steel_entries.json,eufabric census,2026-09-18,day,out of perimeter; not scored,false
steel,gem:P100000120626,P100000120626,,Feralpi Siderurgica Lonato steel plant,Italy,perimeter exclusion,,,,"scrap EAF, no primary capacity",0,false,false,not_searched,false,sources/steel_entries.json,eufabric census,2026-09-18,day,out of perimeter; not scored,not_searched,false,sources/steel_entries.json,eufabric census,2026-09-18,day,out of perimeter; not scored,not_searched,false,sources/steel_entries.json,eufabric census,2026-09-18,day,out of perimeter; not scored,not_searched,false,sources/steel_entries.json,eufabric census,2026-09-18,day,out of perimeter; not scored,not_searched,false,sources/steel_entries.json,eufabric census,2026-09-18,day,out of perimeter; not scored,not_searched,false,sources/steel_entries.json,eufabric census,2026-09-18,day,out of perimeter; not scored,false
steel,gem:P100000120638,P100000120638,,Ferriera Valsabbia Odolo steel plant,Italy,perimeter exclusion,,,,"scrap EAF, no primary capacity",0,false,false,not_searched,false,sources/steel_entries.json,eufabric census,2026-09-18,day,out of perimeter; not scored,not_searched,false,sources/steel_entries.json,eufabric census,2026-09-18,day,out of perimeter; not scored,not_searched,false,sources/steel_entries.json,eufabric census,2026-09-18,day,out of perimeter; not scored,not_searched,false,sources/steel_entries.json,eufabric census,2026-09-18,day,out of perimeter; not scored,not_searched,false,sources/steel_entries.json,eufabric census,2026-09-18,day,out of perimeter; not scored,not_searched,false,sources/steel_entries.json,eufabric census,2026-09-18,day,out of perimeter; not scored,false
steel,gem:P100000120792,P100000120792,,Ferrostal Labedy Gliwice steel plant,Poland,perimeter exclusion,,,,"scrap EAF, no primary capacity",0,false,false,not_searched,false,sources/steel_entries.json,eufabric census,2026-09-18,day,out of perimeter; not scored,not_searched,false,sources/steel_entries.json,eufabric census,2026-09-18,day,out of perimeter; not scored,not_searched,false,sources/steel_entries.json,eufabric census,2026-09-18,day,out of perimeter; not scored,not_searched,false,sources/steel_entries.json,eufabric census,2026-09-18,day,out of perimeter; not scored,not_searched,false,sources/steel_entries.json,eufabric census,2026-09-18,day,out of perimeter; not scored,not_searched,false,sources/steel_entries.json,eufabric census,2026-09-18,day,out of perimeter; not scored,false
steel,gem:P100000120630,P100000120630,,Finarvedi Acciai Speciali Terni steel plant,Italy,perimeter exclusion,,,,"scrap EAF, no primary capacity",0,false,false,not_searched,false,sources/steel_entries.json,eufabric census,2026-09-18,day,out of perimeter; not scored,not_searched,false,sources/steel_entries.json,eufabric census,2026-09-18,day,out of perimeter; not scored,not_searched,false,sources/steel_entries.json,eufabric census,2026-09-18,day,out of perimeter; not scored,not_searched,false,sources/steel_entries.json,eufabric census,2026-09-18,day,out of perimeter; not scored,not_searched,false,sources/steel_entries.json,eufabric census,2026-09-18,day,out of perimeter; not scored,not_searched,false,sources/steel_entries.json,eufabric census,2026-09-18,day,out of perimeter; not scored,false
steel,gem:P100000120619,P100000120619,,Finarvedi Cremona steel plant,Italy,perimeter exclusion,,,,"scrap EAF, no primary capacity",0,false,false,not_searched,false,sources/steel_entries.json,eufabric census,2026-09-18,day,out of perimeter; not scored,not_searched,false,sources/steel_entries.json,eufabric census,2026-09-18,day,out of perimeter; not scored,not_searched,false,sources/steel_entries.json,eufabric census,2026-09-18,day,out of perimeter; not scored,not_searched,false,sources/steel_entries.json,eufabric census,2026-09-18,day,out of perimeter; not scored,not_searched,false,sources/steel_entries.json,eufabric census,2026-09-18,day,out of perimeter; not scored,not_searched,false,sources/steel_entries.json,eufabric census,2026-09-18,day,out of perimeter; not scored,false
steel,gem:P100001045310,P100001045310,,Georgsmarienhütte Osnabrück steel plant,Germany,perimeter exclusion,,,,"scrap EAF, no primary capacity",0,false,false,not_searched,false,sources/steel_entries.json,eufabric census,2026-09-18,day,out of perimeter; not scored,not_searched,false,sources/steel_entries.json,eufabric census,2026-09-18,day,out of perimeter; not scored,not_searched,false,sources/steel_entries.json,eufabric census,2026-09-18,day,out of perimeter; not scored,not_searched,false,sources/steel_entries.json,eufabric census,2026-09-18,day,out of perimeter; not scored,not_searched,false,sources/steel_entries.json,eufabric census,2026-09-18,day,out of perimeter; not scored,not_searched,false,sources/steel_entries.json,eufabric census,2026-09-18,day,out of perimeter; not scored,false
steel,gem:P100000120796,P100000120796,,GFG Liberty Galati steel plant,Romania,named not admitted,Announced,,,,1,true,false,pass,true,sources/steel_entries.json,owner or permit source,2026-09-18,day,the census read an owner or permit source that names the site and the perimeter still refuses the entry,fail,true,sources/steel_entries.json,eufabric census,2026-09-18,day,no owner document on file; the census is the record of looking,fail,true,sources/steel_entries.json,eufabric census,2026-09-18,day,no owner document on file; the census is the record of looking,fail,true,sources/funder_pass.json,eufabric funder pass,2026-09-19,day,the funder lists of sources/funder_pass.json — the Innovation Fund's own project table of 413 projects and 163 of its factsheets — name no award for this entry,fail,true,sources/steel_entries.json,eufabric census,2026-09-18,day,no owner document on file; the census is the record of looking,not_searched,false,sources/edges.json,eufabric dependency sweep,2026-09-11,day,"no register row, so no owner side to sweep; the graph names no edge for this entry",false
steel,gem:P100000120486,P100000120486,,GFG Liberty Steel Newport plant,United Kingdom,perimeter exclusion,,,,"scrap EAF, no primary capacity",0,false,false,not_searched,false,sources/steel_entries.json,eufabric census,2026-09-18,day,out of perimeter; not scored,not_searched,false,sources/steel_entries.json,eufabric census,2026-09-18,day,out of perimeter; not scored,not_searched,false,sources/steel_entries.json,eufabric census,2026-09-18,day,out of perimeter; not scored,not_searched,false,sources/steel_entries.json,eufabric census,2026-09-18,day,out of perimeter; not scored,not_searched,false,sources/steel_entries.json,eufabric census,2026-09-18,day,out of perimeter; not scored,not_searched,false,sources/steel_entries.json,eufabric census,2026-09-18,day,out of perimeter; not scored,false
steel,gem:P100000120485,P100000120485,,GFG Liberty Steel Rotherham plant,United Kingdom,named not admitted,,,,,1,true,false,pass,true,sources/steel_entries.json,owner or permit source,2026-09-18,day,the census read an owner or permit source that names the site and the perimeter still refuses the entry,fail,true,sources/steel_entries.json,eufabric census,2026-09-18,day,no owner document on file; the census is the record of looking,fail,true,sources/steel_entries.json,eufabric census,2026-09-18,day,no owner document on file; the census is the record of looking,fail,true,sources/funder_pass.json,eufabric funder pass,2026-09-19,day,the funder lists of sources/funder_pass.json — the Innovation Fund's own project table of 413 projects and 163 of its factsheets — name no award for this entry,fail,true,sources/steel_entries.json,eufabric census,2026-09-18,day,no owner document on file; the census is the record of looking,not_searched,false,sources/edges.json,eufabric dependency sweep,2026-09-11,day,"no register row, so no owner side to sweep; the graph names no edge for this entry",false
steel,gem:P100000120798,P100000120798,,GLGH Resita steel plant,Romania,perimeter exclusion,,,,"scrap EAF, no primary capacity",0,false,false,not_searched,false,sources/steel_entries.json,eufabric census,2026-09-18,day,out of perimeter; not scored,not_searched,false,sources/steel_entries.json,eufabric census,2026-09-18,day,out of perimeter; not scored,not_searched,false,sources/steel_entries.json,eufabric census,2026-09-18,day,out of perimeter; not scored,not_searched,false,sources/steel_entries.json,eufabric census,2026-09-18,day,out of perimeter; not scored,not_searched,false,sources/steel_entries.json,eufabric census,2026-09-18,day,out of perimeter; not scored,not_searched,false,sources/steel_entries.json,eufabric census,2026-09-18,day,out of perimeter; not scored,false
steel,gem:P100000121172,P100000121172,gravithy-fos-sur-mer,GravitHy Fos sur Mer iron plant,France,admitted,Construction,,,,0,true,false,fail,true,sources/steel_entries.json,eufabric census,2026-09-18,day,the census read the owner's own sources and none names a site for this project,fail,true,sources/steel_entries.json,eufabric census,2026-09-18,day,no owner document on file; the census is the record of looking,fail,true,sources/steel_entries.json,eufabric census,2026-09-18,day,no owner document on file; the census is the record of looking,fail,true,sources/funder_pass.json,eufabric funder pass,2026-09-19,day,the funder lists of sources/funder_pass.json — the Innovation Fund's own project table of 413 projects and 163 of its factsheets — name no award for this entry,fail,true,sources/steel_entries.json,eufabric census,2026-09-18,day,no owner document on file; the census is the record of looking,not_searched,false,sources/edges.json,eufabric dependency sweep,2026-09-11,day,"no register row, so no owner side to sweep; the graph names no edge for this entry",false
steel,gem:P100000121220,P100000121220,gravithy-kristinestad,GravitHy Kristinestad iron plant,Finland,admitted,,,,,0,true,false,fail,true,sources/steel_entries.json,eufabric census,2026-09-18,day,the census read the owner's own sources and none names a site for this project,fail,true,sources/steel_entries.json,eufabric census,2026-09-18,day,no owner document on file; the census is the record of looking,fail,true,sources/steel_entries.json,eufabric census,2026-09-18,day,no owner document on file; the census is the record of looking,fail,true,sources/funder_pass.json,eufabric funder pass,2026-09-19,day,the funder lists of sources/funder_pass.json — the Innovation Fund's own project table of 413 projects and 163 of its factsheets — name no award for this entry,fail,true,sources/steel_entries.json,eufabric census,2026-09-18,day,no owner document on file; the census is the record of looking,not_searched,false,sources/edges.json,eufabric dependency sweep,2026-09-11,day,"no register row, so no owner side to sweep; the graph names no edge for this entry",false
steel,gem:P100000120460,P100000120460,,Grupo Gallardo Corrugados Azpeitia steel plant,Spain,perimeter exclusion,,,,"scrap EAF, no primary capacity",0,false,false,not_searched,false,sources/steel_entries.json,eufabric census,2026-09-18,day,out of perimeter; not scored,not_searched,false,sources/steel_entries.json,eufabric census,2026-09-18,day,out of perimeter; not scored,not_searched,false,sources/steel_entries.json,eufabric census,2026-09-18,day,out of perimeter; not scored,not_searched,false,sources/steel_entries.json,eufabric census,2026-09-18,day,out of perimeter; not scored,not_searched,false,sources/steel_entries.json,eufabric census,2026-09-18,day,out of perimeter; not scored,not_searched,false,sources/steel_entries.json,eufabric census,2026-09-18,day,out of perimeter; not scored,false
steel,gem:P100000120461,P100000120461,,Grupo Gallardo Corrugados Getafe steel plant,Spain,perimeter exclusion,,,,"scrap EAF, no primary capacity",0,false,false,not_searched,false,sources/steel_entries.json,eufabric census,2026-09-18,day,out of perimeter; not scored,not_searched,false,sources/steel_entries.json,eufabric census,2026-09-18,day,out of perimeter; not scored,not_searched,false,sources/steel_entries.json,eufabric census,2026-09-18,day,out of perimeter; not scored,not_searched,false,sources/steel_entries.json,eufabric census,2026-09-18,day,out of perimeter; not scored,not_searched,false,sources/steel_entries.json,eufabric census,2026-09-18,day,out of perimeter; not scored,not_searched,false,sources/steel_entries.json,eufabric census,2026-09-18,day,out of perimeter; not scored,false
steel,gem:P100000120455,P100000120455,,Grupo Gallardo Siderurgica Balboa Jerez de los Caballeros steel plant,Spain,perimeter exclusion,,,,"scrap EAF, no primary capacity",0,false,false,not_searched,false,sources/steel_entries.json,eufabric census,2026-09-18,day,out of perimeter; not scored,not_searched,false,sources/steel_entries.json,eufabric census,2026-09-18,day,out of perimeter; not scored,not_searched,false,sources/steel_entries.json,eufabric census,2026-09-18,day,out of perimeter; not scored,not_searched,false,sources/steel_entries.json,eufabric census,2026-09-18,day,out of perimeter; not scored,not_searched,false,sources/steel_entries.json,eufabric census,2026-09-18,day,out of perimeter; not scored,not_searched,false,sources/steel_entries.json,eufabric census,2026-09-18,day,out of perimeter; not scored,false
steel,gem:P100000120491,P100000120491,,Halyvourgiki Eleusis steel plant,Greece,searched none found,,,,,0,true,false,fail,true,sources/steel_entries.json,eufabric census,2026-09-18,day,the census read the owner's own sources and none names a site for this project,fail,true,sources/steel_entries.json,eufabric census,2026-09-18,day,no owner document on file; the census is the record of looking,fail,true,sources/steel_entries.json,eufabric census,2026-09-18,day,no owner document on file; the census is the record of looking,fail,true,sources/funder_pass.json,eufabric funder pass,2026-09-19,day,the funder lists of sources/funder_pass.json — the Innovation Fund's own project table of 413 projects and 163 of its factsheets — name no award for this entry,fail,true,sources/steel_entries.json,eufabric census,2026-09-18,day,no owner document on file; the census is the record of looking,not_searched,false,sources/edges.json,eufabric dependency sweep,2026-09-11,day,"no register row, so no owner side to sweep; the graph names no edge for this entry",false
steel,gem:P100000121196,P100000121196,,Hellenic Halyvourgia Velestino steel plant,Greece,perimeter exclusion,,,,"scrap EAF, no primary capacity",0,false,false,not_searched,false,sources/steel_entries.json,eufabric census,2026-09-18,day,out of perimeter; not scored,not_searched,false,sources/steel_entries.json,eufabric census,2026-09-18,day,out of perimeter; not scored,not_searched,false,sources/steel_entries.json,eufabric census,2026-09-18,day,out of perimeter; not scored,not_searched,false,sources/steel_entries.json,eufabric census,2026-09-18,day,out of perimeter; not scored,not_searched,false,sources/steel_entries.json,eufabric census,2026-09-18,day,out of perimeter; not scored,not_searched,false,sources/steel_entries.json,eufabric census,2026-09-18,day,out of perimeter; not scored,false
steel,gem:P100000120789,P100000120789,,Huta Czestochowa steel plant,Poland,perimeter exclusion,,,,"scrap EAF, no primary capacity",0,false,false,not_searched,false,sources/steel_entries.json,eufabric census,2026-09-18,day,out of perimeter; not scored,not_searched,false,sources/steel_entries.json,eufabric census,2026-09-18,day,out of perimeter; not scored,not_searched,false,sources/steel_entries.json,eufabric census,2026-09-18,day,out of perimeter; not scored,not_searched,false,sources/steel_entries.json,eufabric census,2026-09-18,day,out of perimeter; not scored,not_searched,false,sources/steel_entries.json,eufabric census,2026-09-18,day,out of perimeter; not scored,not_searched,false,sources/steel_entries.json,eufabric census,2026-09-18,day,out of perimeter; not scored,false
steel,gem:P100000120422,P100000120422,hkm-duisburg,Hüttenwerke Krupp Mannesmann (HKM) steel plant,Germany,admitted,,,,,0,true,false,fail,true,sources/steel_entries.json,eufabric census,2026-09-18,day,the census read the owner's own sources and none names a site for this project,fail,true,sources/steel_entries.json,eufabric census,2026-09-18,day,no owner document on file; the census is the record of looking,fail,true,sources/steel_entries.json,eufabric census,2026-09-18,day,no owner document on file; the census is the record of looking,fail,true,sources/funder_pass.json,eufabric funder pass,2026-09-19,day,the funder lists of sources/funder_pass.json — the Innovation Fund's own project table of 413 projects and 163 of its factsheets — name no award for this entry,fail,true,sources/steel_entries.json,eufabric census,2026-09-18,day,no owner document on file; the census is the record of looking,not_searched,false,sources/edges.json,eufabric dependency sweep,2026-09-11,day,"no register row, so no owner side to sweep; the graph names no edge for this entry",false
steel,gem:P100000120851,P100000120851,hybrit-gallivare,HYBRIT Gallivare sponge iron plant,Sweden,admitted,Construction,,,,1,true,false,fail,true,sources/steel_entries.json,eufabric census,2026-09-18,day,the census read the owner's own sources and none names a site for this project,fail,true,sources/steel_entries.json,eufabric census,2026-09-18,day,no owner document on file; the census is the record of looking,fail,true,sources/steel_entries.json,eufabric census,2026-09-18,day,no owner document on file; the census is the record of looking,pass,true,https://ec.europa.eu/assets/cinea/project_fiches/innovation_fund/101051316.pdf,"European Commission (CINEA), Innovation Fund",2020,year,"Innovation Fund, 2020 Large-scale names 'HYBRIT demonstration: Swedish large-scale steel value chain demonstration of Hydrogen Breakthrough Iron-making Technologies' at EUR 143,000,000; the funder's own status is Terminated; matched on the fiche names 'a new, first-of-a-kind hydrogen production facility in Gällivare' and the coordinator is LUOSSAVAARA-KIIRUNAVAARA AB (LKAB)",fail,true,sources/steel_entries.json,eufabric census,2026-09-18,day,no owner document on file; the census is the record of looking,not_searched,false,sources/edges.json,eufabric dependency sweep,2026-09-11,day,"no register row, so no owner side to sweep; the graph names no edge for this entry",false
steel,gem:P100000120466,P100000120466,hydnum-steel-puertollano,Hydnum Steel Castilla-La Mancha plant,Spain,admitted,Construction,,,,0,true,false,fail,true,sources/steel_entries.json,eufabric census,2026-09-18,day,the census read the owner's own sources and none names a site for this project,fail,true,sources/steel_entries.json,eufabric census,2026-09-18,day,no owner document on file; the census is the record of looking,fail,true,sources/steel_entries.json,eufabric census,2026-09-18,day,no owner document on file; the census is the record of looking,fail,true,sources/funder_pass.json,eufabric funder pass,2026-09-19,day,the funder lists of sources/funder_pass.json — the Innovation Fund's own project table of 413 projects and 163 of its factsheets — name no award for this entry,fail,true,sources/steel_entries.json,eufabric census,2026-09-18,day,no owner document on file; the census is the record of looking,not_searched,false,sources/edges.json,eufabric dependency sweep,2026-09-11,day,"no register row, so no owner side to sweep; the graph names no edge for this entry",false
steel,gem:P100000120639,P100000120639,,IRO Odolo steel plant,Italy,perimeter exclusion,,,,"scrap EAF, no primary capacity",0,false,false,not_searched,false,sources/steel_entries.json,eufabric census,2026-09-18,day,out of perimeter; not scored,not_searched,false,sources/steel_entries.json,eufabric census,2026-09-18,day,out of perimeter; not scored,not_searched,false,sources/steel_entries.json,eufabric census,2026-09-18,day,out of perimeter; not scored,not_searched,false,sources/steel_entries.json,eufabric census,2026-09-18,day,out of perimeter; not scored,not_searched,false,sources/steel_entries.json,eufabric census,2026-09-18,day,out of perimeter; not scored,not_searched,false,sources/steel_entries.json,eufabric census,2026-09-18,day,out of perimeter; not scored,false
steel,gem:P100000120622,P100000120622,,JSW Steel Piombino steel plant,Italy,searched none found,,,,,0,true,false,fail,true,sources/steel_entries.json,eufabric census,2026-09-18,day,the census read the owner's own sources and none names a site for this project,fail,true,sources/steel_entries.json,eufabric census,2026-09-18,day,no owner document on file; the census is the record of looking,fail,true,sources/steel_entries.json,eufabric census,2026-09-18,day,no owner document on file; the census is the record of looking,fail,true,sources/funder_pass.json,eufabric funder pass,2026-09-19,day,the funder lists of sources/funder_pass.json — the Innovation Fund's own project table of 413 projects and 163 of its factsheets — name no award for this entry,fail,true,sources/steel_entries.json,eufabric census,2026-09-18,day,no owner document on file; the census is the record of looking,not_searched,false,sources/edges.json,eufabric dependency sweep,2026-09-11,day,"no register row, so no owner side to sweep; the graph names no edge for this entry",false
steel,gem:P100000120429,P100000120429,,Kehler Baden Steel Works,Germany,perimeter exclusion,,,,"scrap EAF, no primary capacity",0,false,false,not_searched,false,sources/steel_entries.json,eufabric census,2026-09-18,day,out of perimeter; not scored,not_searched,false,sources/steel_entries.json,eufabric census,2026-09-18,day,out of perimeter; not scored,not_searched,false,sources/steel_entries.json,eufabric census,2026-09-18,day,out of perimeter; not scored,not_searched,false,sources/steel_entries.json,eufabric census,2026-09-18,day,out of perimeter; not scored,not_searched,false,sources/steel_entries.json,eufabric census,2026-09-18,day,out of perimeter; not scored,not_searched,false,sources/steel_entries.json,eufabric census,2026-09-18,day,out of perimeter; not scored,false
steel,gem:P100000120437,P100000120437,,Lech Stahlwerke Meitingen steel plant,Germany,perimeter exclusion,,,,"scrap EAF, no primary capacity",0,false,false,not_searched,false,sources/steel_entries.json,eufabric census,2026-09-18,day,out of perimeter; not scored,not_searched,false,sources/steel_entries.json,eufabric census,2026-09-18,day,out of perimeter; not scored,not_searched,false,sources/steel_entries.json,eufabric census,2026-09-18,day,out of perimeter; not scored,not_searched,false,sources/steel_entries.json,eufabric census,2026-09-18,day,out of perimeter; not scored,not_searched,false,sources/steel_entries.json,eufabric census,2026-09-18,day,out of perimeter; not scored,not_searched,false,sources/steel_entries.json,eufabric census,2026-09-18,day,out of perimeter; not scored,false
steel,gem:P100000120496,P100000120496,,Liberty Steel Dunaferr Dunaújváros steel plant,Hungary,searched none found,,,,,0,true,false,fail,true,sources/steel_entries.json,eufabric census,2026-09-18,day,the census read the owner's own sources and none names a site for this project,fail,true,sources/steel_entries.json,eufabric census,2026-09-18,day,no owner document on file; the census is the record of looking,fail,true,sources/steel_entries.json,eufabric census,2026-09-18,day,no owner document on file; the census is the record of looking,fail,true,sources/funder_pass.json,eufabric funder pass,2026-09-19,day,the funder lists of sources/funder_pass.json — the Innovation Fund's own project table of 413 projects and 163 of its factsheets — name no award for this entry,fail,true,sources/steel_entries.json,eufabric census,2026-09-18,day,no owner document on file; the census is the record of looking,not_searched,false,sources/edges.json,eufabric dependency sweep,2026-09-11,day,"no register row, so no owner side to sweep; the graph names no edge for this entry",false
steel,gem:P100000121177,P100000121177,liberty-dunkerque-dri,Liberty Steel Dunkerque DRI plant,France,admitted,,,,,0,true,false,fail,true,sources/steel_entries.json,eufabric census,2026-09-18,day,the census read the owner's own sources and none names a site for this project,fail,true,sources/steel_entries.json,eufabric census,2026-09-18,day,no owner document on file; the census is the record of looking,fail,true,sources/steel_entries.json,eufabric census,2026-09-18,day,no owner document on file; the census is the record of looking,fail,true,sources/funder_pass.json,eufabric funder pass,2026-09-19,day,the funder lists of sources/funder_pass.json — the Innovation Fund's own project table of 413 projects and 163 of its factsheets — name no award for this entry,fail,true,sources/steel_entries.json,eufabric census,2026-09-18,day,no owner document on file; the census is the record of looking,not_searched,false,sources/edges.json,eufabric dependency sweep,2026-09-11,day,"no register row, so no owner side to sweep; the graph names no edge for this entry",false
steel,gem:P100000120716,P100000120716,,Liepājas Metalurgs steel plant,Latvia,perimeter exclusion,,,,"scrap EAF, no primary capacity",0,false,false,not_searched,false,sources/steel_entries.json,eufabric census,2026-09-18,day,out of perimeter; not scored,not_searched,false,sources/steel_entries.json,eufabric census,2026-09-18,day,out of perimeter; not scored,not_searched,false,sources/steel_entries.json,eufabric census,2026-09-18,day,out of perimeter; not scored,not_searched,false,sources/steel_entries.json,eufabric census,2026-09-18,day,out of perimeter; not scored,not_searched,false,sources/steel_entries.json,eufabric census,2026-09-18,day,out of perimeter; not scored,not_searched,false,sources/steel_entries.json,eufabric census,2026-09-18,day,out of perimeter; not scored,false
steel,gem:P100000120476,P100000120476,,LME Trith-Saint-Léger steel plant,France,perimeter exclusion,,,,"scrap EAF, no primary capacity",0,false,false,not_searched,false,sources/steel_entries.json,eufabric census,2026-09-18,day,out of perimeter; not scored,not_searched,false,sources/steel_entries.json,eufabric census,2026-09-18,day,out of perimeter; not scored,not_searched,false,sources/steel_entries.json,eufabric census,2026-09-18,day,out of perimeter; not scored,not_searched,false,sources/steel_entries.json,eufabric census,2026-09-18,day,out of perimeter; not scored,not_searched,false,sources/steel_entries.json,eufabric census,2026-09-18,day,out of perimeter; not scored,not_searched,false,sources/steel_entries.json,eufabric census,2026-09-18,day,out of perimeter; not scored,false
steel,gem:P100000121235,P100000121235,,Marcegaglia Fos Sur Mer steel plant,France,named not admitted,,,,,1,true,false,pass,true,sources/steel_entries.json,owner or permit source,2026-09-18,day,the census read an owner or permit source that names the site and the perimeter still refuses the entry,fail,true,sources/steel_entries.json,eufabric census,2026-09-18,day,no owner document on file; the census is the record of looking,fail,true,sources/steel_entries.json,eufabric census,2026-09-18,day,no owner document on file; the census is the record of looking,fail,true,sources/funder_pass.json,eufabric funder pass,2026-09-19,day,the funder lists of sources/funder_pass.json — the Innovation Fund's own project table of 413 projects and 163 of its factsheets — name no award for this entry,fail,true,sources/steel_entries.json,eufabric census,2026-09-18,day,no owner document on file; the census is the record of looking,not_searched,false,sources/edges.json,eufabric dependency sweep,2026-09-11,day,"no register row, so no owner side to sweep; the graph names no edge for this entry",false
steel,gem:P100000120487,P100000120487,,Marcegaglia Sheffield steel plant,United Kingdom,perimeter exclusion,,,,"scrap EAF, no primary capacity",0,false,false,not_searched,false,sources/steel_entries.json,eufabric census,2026-09-18,day,out of perimeter; not scored,not_searched,false,sources/steel_entries.json,eufabric census,2026-09-18,day,out of perimeter; not scored,not_searched,false,sources/steel_entries.json,eufabric census,2026-09-18,day,out of perimeter; not scored,not_searched,false,sources/steel_entries.json,eufabric census,2026-09-18,day,out of perimeter; not scored,not_searched,false,sources/steel_entries.json,eufabric census,2026-09-18,day,out of perimeter; not scored,not_searched,false,sources/steel_entries.json,eufabric census,2026-09-18,day,out of perimeter; not scored,false
steel,gem:P100000120855,P100000120855,,Max Aicher Slovakia Steel Mills Strazske,Slovakia,perimeter exclusion,,,,"scrap EAF, no primary capacity",0,false,false,not_searched,false,sources/steel_entries.json,eufabric census,2026-09-18,day,out of perimeter; not scored,not_searched,false,sources/steel_entries.json,eufabric census,2026-09-18,day,out of perimeter; not scored,not_searched,false,sources/steel_entries.json,eufabric census,2026-09-18,day,out of perimeter; not scored,not_searched,false,sources/steel_entries.json,eufabric census,2026-09-18,day,out of perimeter; not scored,not_searched,false,sources/steel_entries.json,eufabric census,2026-09-18,day,out of perimeter; not scored,not_searched,false,sources/steel_entries.json,eufabric census,2026-09-18,day,out of perimeter; not scored,false
steel,gem:P100000120463,P100000120463,,Megasa Siderúrgica Narón steel plant,Spain,perimeter exclusion,,,,"scrap EAF, no primary capacity",0,false,false,not_searched,false,sources/steel_entries.json,eufabric census,2026-09-18,day,out of perimeter; not scored,not_searched,false,sources/steel_entries.json,eufabric census,2026-09-18,day,out of perimeter; not scored,not_searched,false,sources/steel_entries.json,eufabric census,2026-09-18,day,out of perimeter; not scored,not_searched,false,sources/steel_entries.json,eufabric census,2026-09-18,day,out of perimeter; not scored,not_searched,false,sources/steel_entries.json,eufabric census,2026-09-18,day,out of perimeter; not scored,not_searched,false,sources/steel_entries.json,eufabric census,2026-09-18,day,out of perimeter; not scored,false
steel,gem:P100000120464,P100000120464,,Megasider Zaragoza steel plant,Spain,perimeter exclusion,,,,"scrap EAF, no primary capacity",0,false,false,not_searched,false,sources/steel_entries.json,eufabric census,2026-09-18,day,out of perimeter; not scored,not_searched,false,sources/steel_entries.json,eufabric census,2026-09-18,day,out of perimeter; not scored,not_searched,false,sources/steel_entries.json,eufabric census,2026-09-18,day,out of perimeter; not scored,not_searched,false,sources/steel_entries.json,eufabric census,2026-09-18,day,out of perimeter; not scored,not_searched,false,sources/steel_entries.json,eufabric census,2026-09-18,day,out of perimeter; not scored,not_searched,false,sources/steel_entries.json,eufabric census,2026-09-18,day,out of perimeter; not scored,false
steel,gem:P100000121211,P100000121211,metinvest-piombino,Metinvest Piombino steel plant,Italy,admitted,Announced,,,,0,true,false,fail,true,sources/steel_entries.json,eufabric census,2026-09-18,day,the census read the owner's own sources and none names a site for this project,fail,true,sources/steel_entries.json,eufabric census,2026-09-18,day,no owner document on file; the census is the record of looking,fail,true,sources/steel_entries.json,eufabric census,2026-09-18,day,no owner document on file; the census is the record of looking,fail,true,sources/funder_pass.json,eufabric funder pass,2026-09-19,day,the funder lists of sources/funder_pass.json — the Innovation Fund's own project table of 413 projects and 163 of its factsheets — name no award for this entry,fail,true,sources/steel_entries.json,eufabric census,2026-09-18,day,no owner document on file; the census is the record of looking,not_searched,false,sources/edges.json,eufabric dependency sweep,2026-09-11,day,"no register row, so no owner side to sweep; the graph names no edge for this entry",false
steel,gem:P100000121234,P100000121234,,Novasco Hagondange steel plant,France,perimeter exclusion,,,,"scrap EAF, no primary capacity",0,false,false,not_searched,false,sources/steel_entries.json,eufabric census,2026-09-18,day,out of perimeter; not scored,not_searched,false,sources/steel_entries.json,eufabric census,2026-09-18,day,out of perimeter; not scored,not_searched,false,sources/steel_entries.json,eufabric census,2026-09-18,day,out of perimeter; not scored,not_searched,false,sources/steel_entries.json,eufabric census,2026-09-18,day,out of perimeter; not scored,not_searched,false,sources/steel_entries.json,eufabric census,2026-09-18,day,out of perimeter; not scored,not_searched,false,sources/steel_entries.json,eufabric census,2026-09-18,day,out of perimeter; not scored,false
steel,gem:P100000120631,P100000120631,,Ori Martin Brescia steel plant,Italy,perimeter exclusion,,,,"scrap EAF, no primary capacity",0,false,false,not_searched,false,sources/steel_entries.json,eufabric census,2026-09-18,day,out of perimeter; not scored,not_searched,false,sources/steel_entries.json,eufabric census,2026-09-18,day,out of perimeter; not scored,not_searched,false,sources/steel_entries.json,eufabric census,2026-09-18,day,out of perimeter; not scored,not_searched,false,sources/steel_entries.json,eufabric census,2026-09-18,day,out of perimeter; not scored,not_searched,false,sources/steel_entries.json,eufabric census,2026-09-18,day,out of perimeter; not scored,not_searched,false,sources/steel_entries.json,eufabric census,2026-09-18,day,out of perimeter; not scored,false
steel,gem:P100000120799,P100000120799,,Otelu Rosu steel plant,Romania,perimeter exclusion,,,,"scrap EAF, no primary capacity",0,false,false,not_searched,false,sources/steel_entries.json,eufabric census,2026-09-18,day,out of perimeter; not scored,not_searched,false,sources/steel_entries.json,eufabric census,2026-09-18,day,out of perimeter; not scored,not_searched,false,sources/steel_entries.json,eufabric census,2026-09-18,day,out of perimeter; not scored,not_searched,false,sources/steel_entries.json,eufabric census,2026-09-18,day,out of perimeter; not scored,not_searched,false,sources/steel_entries.json,eufabric census,2026-09-18,day,out of perimeter; not scored,not_searched,false,sources/steel_entries.json,eufabric census,2026-09-18,day,out of perimeter; not scored,false
steel,gem:P100000120849,P100000120849,,Outokumpu Avesta steel plant,Sweden,perimeter exclusion,,,,"scrap EAF, no primary capacity",0,false,false,not_searched,false,sources/steel_entries.json,eufabric census,2026-09-18,day,out of perimeter; not scored,not_searched,false,sources/steel_entries.json,eufabric census,2026-09-18,day,out of perimeter; not scored,not_searched,false,sources/steel_entries.json,eufabric census,2026-09-18,day,out of perimeter; not scored,not_searched,false,sources/steel_entries.json,eufabric census,2026-09-18,day,out of perimeter; not scored,not_searched,false,sources/steel_entries.json,eufabric census,2026-09-18,day,out of perimeter; not scored,not_searched,false,sources/steel_entries.json,eufabric census,2026-09-18,day,out of perimeter; not scored,false
steel,gem:P100000120469,P100000120469,,Outokumpu Tornio steel plant,Finland,perimeter exclusion,Operating,,,"scrap EAF, no primary capacity",0,false,false,not_searched,false,sources/steel_entries.json,eufabric census,2026-09-18,day,out of perimeter; not scored,not_searched,false,sources/steel_entries.json,eufabric census,2026-09-18,day,out of perimeter; not scored,not_searched,false,sources/steel_entries.json,eufabric census,2026-09-18,day,out of perimeter; not scored,not_searched,false,sources/steel_entries.json,eufabric census,2026-09-18,day,out of perimeter; not scored,not_searched,false,sources/steel_entries.json,eufabric census,2026-09-18,day,out of perimeter; not scored,not_searched,false,sources/steel_entries.json,eufabric census,2026-09-18,day,out of perimeter; not scored,false
steel,gem:P100000120848,P100000120848,,Ovako Hofors steel plant,Sweden,perimeter exclusion,Announced,,,"scrap EAF, no primary capacity",0,false,false,not_searched,false,sources/steel_entries.json,eufabric census,2026-09-18,day,out of perimeter; not scored,not_searched,false,sources/steel_entries.json,eufabric census,2026-09-18,day,out of perimeter; not scored,not_searched,false,sources/steel_entries.json,eufabric census,2026-09-18,day,out of perimeter; not scored,not_searched,false,sources/steel_entries.json,eufabric census,2026-09-18,day,out of perimeter; not scored,not_searched,false,sources/steel_entries.json,eufabric census,2026-09-18,day,out of perimeter; not scored,not_searched,false,sources/steel_entries.json,eufabric census,2026-09-18,day,out of perimeter; not scored,false
steel,gem:P100000120470,P100000120470,,Ovako Imatra steel plant,Finland,perimeter exclusion,,,,"scrap EAF, no primary capacity",0,false,false,not_searched,false,sources/steel_entries.json,eufabric census,2026-09-18,day,out of perimeter; not scored,not_searched,false,sources/steel_entries.json,eufabric census,2026-09-18,day,out of perimeter; not scored,not_searched,false,sources/steel_entries.json,eufabric census,2026-09-18,day,out of perimeter; not scored,not_searched,false,sources/steel_entries.json,eufabric census,2026-09-18,day,out of perimeter; not scored,not_searched,false,sources/steel_entries.json,eufabric census,2026-09-18,day,out of perimeter; not scored,not_searched,false,sources/steel_entries.json,eufabric census,2026-09-18,day,out of perimeter; not scored,false
steel,gem:P100000120627,P100000120627,,Pittini Acciaierie di Verona steel plant,Italy,perimeter exclusion,,,,"scrap EAF, no primary capacity",0,false,false,not_searched,false,sources/steel_entries.json,eufabric census,2026-09-18,day,out of perimeter; not scored,not_searched,false,sources/steel_entries.json,eufabric census,2026-09-18,day,out of perimeter; not scored,not_searched,false,sources/steel_entries.json,eufabric census,2026-09-18,day,out of perimeter; not scored,not_searched,false,sources/steel_entries.json,eufabric census,2026-09-18,day,out of perimeter; not scored,not_searched,false,sources/steel_entries.json,eufabric census,2026-09-18,day,out of perimeter; not scored,not_searched,false,sources/steel_entries.json,eufabric census,2026-09-18,day,out of perimeter; not scored,false
steel,gem:P100000120628,P100000120628,,Pittini Ferriere Nord Osoppo steel plant,Italy,perimeter exclusion,,,,"scrap EAF, no primary capacity",0,false,false,not_searched,false,sources/steel_entries.json,eufabric census,2026-09-18,day,out of perimeter; not scored,not_searched,false,sources/steel_entries.json,eufabric census,2026-09-18,day,out of perimeter; not scored,not_searched,false,sources/steel_entries.json,eufabric census,2026-09-18,day,out of perimeter; not scored,not_searched,false,sources/steel_entries.json,eufabric census,2026-09-18,day,out of perimeter; not scored,not_searched,false,sources/steel_entries.json,eufabric census,2026-09-18,day,out of perimeter; not scored,not_searched,false,sources/steel_entries.json,eufabric census,2026-09-18,day,out of perimeter; not scored,false
steel,gem:P100000120629,P100000120629,,Pittini Siderpotenza Potenza steel plant,Italy,perimeter exclusion,,,,"scrap EAF, no primary capacity",0,false,false,not_searched,false,sources/steel_entries.json,eufabric census,2026-09-18,day,out of perimeter; not scored,not_searched,false,sources/steel_entries.json,eufabric census,2026-09-18,day,out of perimeter; not scored,not_searched,false,sources/steel_entries.json,eufabric census,2026-09-18,day,out of perimeter; not scored,not_searched,false,sources/steel_entries.json,eufabric census,2026-09-18,day,out of perimeter; not scored,not_searched,false,sources/steel_entries.json,eufabric census,2026-09-18,day,out of perimeter; not scored,not_searched,false,sources/steel_entries.json,eufabric census,2026-09-18,day,out of perimeter; not scored,false
steel,gem:P100000120641,P100000120641,,Riva Acciaio Caronno Pertusella steel plant,Italy,perimeter exclusion,,,,"scrap EAF, no primary capacity",0,false,false,not_searched,false,sources/steel_entries.json,eufabric census,2026-09-18,day,out of perimeter; not scored,not_searched,false,sources/steel_entries.json,eufabric census,2026-09-18,day,out of perimeter; not scored,not_searched,false,sources/steel_entries.json,eufabric census,2026-09-18,day,out of perimeter; not scored,not_searched,false,sources/steel_entries.json,eufabric census,2026-09-18,day,out of perimeter; not scored,not_searched,false,sources/steel_entries.json,eufabric census,2026-09-18,day,out of perimeter; not scored,not_searched,false,sources/steel_entries.json,eufabric census,2026-09-18,day,out of perimeter; not scored,false
steel,gem:P100000120642,P100000120642,,Riva Acciaio Lesegno steel plant,Italy,perimeter exclusion,,,,"scrap EAF, no primary capacity",0,false,false,not_searched,false,sources/steel_entries.json,eufabric census,2026-09-18,day,out of perimeter; not scored,not_searched,false,sources/steel_entries.json,eufabric census,2026-09-18,day,out of perimeter; not scored,not_searched,false,sources/steel_entries.json,eufabric census,2026-09-18,day,out of perimeter; not scored,not_searched,false,sources/steel_entries.json,eufabric census,2026-09-18,day,out of perimeter; not scored,not_searched,false,sources/steel_entries.json,eufabric census,2026-09-18,day,out of perimeter; not scored,not_searched,false,sources/steel_entries.json,eufabric census,2026-09-18,day,out of perimeter; not scored,false
steel,gem:P100000120481,P100000120481,,Riva Alpa Gargenville steel plant,France,perimeter exclusion,,,,"scrap EAF, no primary capacity",0,false,false,not_searched,false,sources/steel_entries.json,eufabric census,2026-09-18,day,out of perimeter; not scored,not_searched,false,sources/steel_entries.json,eufabric census,2026-09-18,day,out of perimeter; not scored,not_searched,false,sources/steel_entries.json,eufabric census,2026-09-18,day,out of perimeter; not scored,not_searched,false,sources/steel_entries.json,eufabric census,2026-09-18,day,out of perimeter; not scored,not_searched,false,sources/steel_entries.json,eufabric census,2026-09-18,day,out of perimeter; not scored,not_searched,false,sources/steel_entries.json,eufabric census,2026-09-18,day,out of perimeter; not scored,false
steel,gem:P100000120430,P100000120430,,Riva Brandenburg Electric Steel Works,Germany,perimeter exclusion,,,,"scrap EAF, no primary capacity",0,false,false,not_searched,false,sources/steel_entries.json,eufabric census,2026-09-18,day,out of perimeter; not scored,not_searched,false,sources/steel_entries.json,eufabric census,2026-09-18,day,out of perimeter; not scored,not_searched,false,sources/steel_entries.json,eufabric census,2026-09-18,day,out of perimeter; not scored,not_searched,false,sources/steel_entries.json,eufabric census,2026-09-18,day,out of perimeter; not scored,not_searched,false,sources/steel_entries.json,eufabric census,2026-09-18,day,out of perimeter; not scored,not_searched,false,sources/steel_entries.json,eufabric census,2026-09-18,day,out of perimeter; not scored,false
steel,gem:P100000120431,P100000120431,,Riva Hennigsdorfer Electric Steel Works,Germany,perimeter exclusion,,,,"scrap EAF, no primary capacity",0,false,false,not_searched,false,sources/steel_entries.json,eufabric census,2026-09-18,day,out of perimeter; not scored,not_searched,false,sources/steel_entries.json,eufabric census,2026-09-18,day,out of perimeter; not scored,not_searched,false,sources/steel_entries.json,eufabric census,2026-09-18,day,out of perimeter; not scored,not_searched,false,sources/steel_entries.json,eufabric census,2026-09-18,day,out of perimeter; not scored,not_searched,false,sources/steel_entries.json,eufabric census,2026-09-18,day,out of perimeter; not scored,not_searched,false,sources/steel_entries.json,eufabric census,2026-09-18,day,out of perimeter; not scored,false
steel,gem:P100000120480,P100000120480,,Riva Iton Seine Bonnieres Sur Seine steel plant,France,perimeter exclusion,,,,"scrap EAF, no primary capacity",0,false,false,not_searched,false,sources/steel_entries.json,eufabric census,2026-09-18,day,out of perimeter; not scored,not_searched,false,sources/steel_entries.json,eufabric census,2026-09-18,day,out of perimeter; not scored,not_searched,false,sources/steel_entries.json,eufabric census,2026-09-18,day,out of perimeter; not scored,not_searched,false,sources/steel_entries.json,eufabric census,2026-09-18,day,out of perimeter; not scored,not_searched,false,sources/steel_entries.json,eufabric census,2026-09-18,day,out of perimeter; not scored,not_searched,false,sources/steel_entries.json,eufabric census,2026-09-18,day,out of perimeter; not scored,false
steel,gem:P100000120478,P100000120478,,Riva Sam Montereau steel plant,France,perimeter exclusion,,,,"scrap EAF, no primary capacity",0,false,false,not_searched,false,sources/steel_entries.json,eufabric census,2026-09-18,day,out of perimeter; not scored,not_searched,false,sources/steel_entries.json,eufabric census,2026-09-18,day,out of perimeter; not scored,not_searched,false,sources/steel_entries.json,eufabric census,2026-09-18,day,out of perimeter; not scored,not_searched,false,sources/steel_entries.json,eufabric census,2026-09-18,day,out of perimeter; not scored,not_searched,false,sources/steel_entries.json,eufabric census,2026-09-18,day,out of perimeter; not scored,not_searched,false,sources/steel_entries.json,eufabric census,2026-09-18,day,out of perimeter; not scored,false
steel,gem:P100000120479,P100000120479,,Riva Sam Neuves-Maisons steel plant,France,perimeter exclusion,,,,"scrap EAF, no primary capacity",0,false,false,not_searched,false,sources/steel_entries.json,eufabric census,2026-09-18,day,out of perimeter; not scored,not_searched,false,sources/steel_entries.json,eufabric census,2026-09-18,day,out of perimeter; not scored,not_searched,false,sources/steel_entries.json,eufabric census,2026-09-18,day,out of perimeter; not scored,not_searched,false,sources/steel_entries.json,eufabric census,2026-09-18,day,out of perimeter; not scored,not_searched,false,sources/steel_entries.json,eufabric census,2026-09-18,day,out of perimeter; not scored,not_searched,false,sources/steel_entries.json,eufabric census,2026-09-18,day,out of perimeter; not scored,false
steel,gem:P100000120457,P100000120457,,Riva Siderurgica Sevillana steel plant,Spain,perimeter exclusion,,,,"scrap EAF, no primary capacity",0,false,false,not_searched,false,sources/steel_entries.json,eufabric census,2026-09-18,day,out of perimeter; not scored,not_searched,false,sources/steel_entries.json,eufabric census,2026-09-18,day,out of perimeter; not scored,not_searched,false,sources/steel_entries.json,eufabric census,2026-09-18,day,out of perimeter; not scored,not_searched,false,sources/steel_entries.json,eufabric census,2026-09-18,day,out of perimeter; not scored,not_searched,false,sources/steel_entries.json,eufabric census,2026-09-18,day,out of perimeter; not scored,not_searched,false,sources/steel_entries.json,eufabric census,2026-09-18,day,out of perimeter; not scored,false
steel,gem:P100000120477,P100000120477,,Saarstahl Ascoval Saint-Saulve steel plant,France,perimeter exclusion,Announced,,,"scrap EAF, no primary capacity",0,false,false,not_searched,false,sources/steel_entries.json,eufabric census,2026-09-18,day,out of perimeter; not scored,not_searched,false,sources/steel_entries.json,eufabric census,2026-09-18,day,out of perimeter; not scored,not_searched,false,sources/steel_entries.json,eufabric census,2026-09-18,day,out of perimeter; not scored,not_searched,false,sources/steel_entries.json,eufabric census,2026-09-18,day,out of perimeter; not scored,not_searched,false,sources/steel_entries.json,eufabric census,2026-09-18,day,out of perimeter; not scored,not_searched,false,sources/steel_entries.json,eufabric census,2026-09-18,day,out of perimeter; not scored,false
steel,gem:P100000120432,P100000120432,power4steel-voelklingen,Saarstahl Völklingen steel plant,Germany,admitted,,,,,0,true,false,fail,true,sources/steel_entries.json,eufabric census,2026-09-18,day,the census read the owner's own sources and none names a site for this project,fail,true,sources/steel_entries.json,eufabric census,2026-09-18,day,no owner document on file; the census is the record of looking,fail,true,sources/steel_entries.json,eufabric census,2026-09-18,day,no owner document on file; the census is the record of looking,fail,true,sources/funder_pass.json,eufabric funder pass,2026-09-19,day,the funder lists of sources/funder_pass.json — the Innovation Fund's own project table of 413 projects and 163 of its factsheets — name no award for this entry,fail,true,sources/steel_entries.json,eufabric census,2026-09-18,day,no owner document on file; the census is the record of looking,not_searched,false,sources/edges.json,eufabric dependency sweep,2026-09-11,day,"no register row, so no owner side to sweep; the graph names no edge for this entry",false
steel,gem:P100000120424,P100000120424,salcos-salzgitter,Salzgitter Flachstahl steel plant,Germany,held,Finalized (research & testing),1900000,t_per_year,,5,true,false,pass,true,https://www.salzgitter-ag.com/en/newsroom/press-releases/details/salcos-milestone-reached-salzgitter-ag-awards-contract-for-direct-reduction-plant-20791.html,owner,2024-03-07,day,row carries a position from a company or permit source,pass,true,https://www.salzgitter-ag.com/en/newsroom/press-releases/details/salzgitter-ag-receives-official-notice-of-government-funding-for-the-salcosr-low-co2-steel-production-program-20702.html,owner,2023-04-18,day,1900000 t_per_year as stated,pass,true,https://www.salzgitter-ag.com/en/newsroom/press-releases/details/salcos-milestone-reached-salzgitter-ag-awards-contract-for-direct-reduction-plant-20791.html,owner,2024-03-07,day,status_to construction,fail,true,sources/funder_pass.json,eufabric funder pass,2026-09-19,day,the funder lists of sources/funder_pass.json — the Innovation Fund's own project table of 413 projects and 163 of its factsheets — name no award for this entry,pass,true,https://www.salzgitter-ag.com/en/newsroom/press-releases/details/salcos-milestone-reached-salzgitter-ag-awards-contract-for-direct-reduction-plant-20791.html,company,2023-05-24,day,commissioning 2025 at year precision,pass,true,https://tenova.com/newsroom/press-releases/energironr-direct-reduction-plant-contracted-salzgitter-ag-represents,supplier,2023-05-24,day,equipment_order at firmness contract,true
steel,gem:P100000120433,P100000120433,,Salzgitter Peiner Träger Peine steel plant,Germany,perimeter exclusion,,,,"scrap EAF, no primary capacity",0,false,false,not_searched,false,sources/steel_entries.json,eufabric census,2026-09-18,day,out of perimeter; not scored,not_searched,false,sources/steel_entries.json,eufabric census,2026-09-18,day,out of perimeter; not scored,not_searched,false,sources/steel_entries.json,eufabric census,2026-09-18,day,out of perimeter; not scored,not_searched,false,sources/steel_entries.json,eufabric census,2026-09-18,day,out of perimeter; not scored,not_searched,false,sources/steel_entries.json,eufabric census,2026-09-18,day,out of perimeter; not scored,not_searched,false,sources/steel_entries.json,eufabric census,2026-09-18,day,out of perimeter; not scored,false
steel,gem:P100000120484,P100000120484,,Se.ven GI Cardiff steel plant,United Kingdom,perimeter exclusion,,,,"scrap EAF, no primary capacity",0,false,false,not_searched,false,sources/steel_entries.json,eufabric census,2026-09-18,day,out of perimeter; not scored,not_searched,false,sources/steel_entries.json,eufabric census,2026-09-18,day,out of perimeter; not scored,not_searched,false,sources/steel_entries.json,eufabric census,2026-09-18,day,out of perimeter; not scored,not_searched,false,sources/steel_entries.json,eufabric census,2026-09-18,day,out of perimeter; not scored,not_searched,false,sources/steel_entries.json,eufabric census,2026-09-18,day,out of perimeter; not scored,not_searched,false,sources/steel_entries.json,eufabric census,2026-09-18,day,out of perimeter; not scored,false
steel,gem:P100000120760,P100000120760,,Sev.en GI Mo i Rana steel plant,Norway,perimeter exclusion,,,,"scrap EAF, no primary capacity",0,false,false,not_searched,false,sources/steel_entries.json,eufabric census,2026-09-18,day,out of perimeter; not scored,not_searched,false,sources/steel_entries.json,eufabric census,2026-09-18,day,out of perimeter; not scored,not_searched,false,sources/steel_entries.json,eufabric census,2026-09-18,day,out of perimeter; not scored,not_searched,false,sources/steel_entries.json,eufabric census,2026-09-18,day,out of perimeter; not scored,not_searched,false,sources/steel_entries.json,eufabric census,2026-09-18,day,out of perimeter; not scored,not_searched,false,sources/steel_entries.json,eufabric census,2026-09-18,day,out of perimeter; not scored,false
steel,gem:P100000120465,P100000120465,,Sidenor Aceros Especiales Basauri steel plant,Spain,perimeter exclusion,,,,"scrap EAF, no primary capacity",0,false,false,not_searched,false,sources/steel_entries.json,eufabric census,2026-09-18,day,out of perimeter; not scored,not_searched,false,sources/steel_entries.json,eufabric census,2026-09-18,day,out of perimeter; not scored,not_searched,false,sources/steel_entries.json,eufabric census,2026-09-18,day,out of perimeter; not scored,not_searched,false,sources/steel_entries.json,eufabric census,2026-09-18,day,out of perimeter; not scored,not_searched,false,sources/steel_entries.json,eufabric census,2026-09-18,day,out of perimeter; not scored,not_searched,false,sources/steel_entries.json,eufabric census,2026-09-18,day,out of perimeter; not scored,false
steel,gem:P100000120493,P100000120493,,Sidenor Steel Industry Thessaloniki plant,Greece,perimeter exclusion,,,,"scrap EAF, no primary capacity",0,false,false,not_searched,false,sources/steel_entries.json,eufabric census,2026-09-18,day,out of perimeter; not scored,not_searched,false,sources/steel_entries.json,eufabric census,2026-09-18,day,out of perimeter; not scored,not_searched,false,sources/steel_entries.json,eufabric census,2026-09-18,day,out of perimeter; not scored,not_searched,false,sources/steel_entries.json,eufabric census,2026-09-18,day,out of perimeter; not scored,not_searched,false,sources/steel_entries.json,eufabric census,2026-09-18,day,out of perimeter; not scored,not_searched,false,sources/steel_entries.json,eufabric census,2026-09-18,day,out of perimeter; not scored,false
steel,gem:P100000120853,P100000120853,,SIJ Acroni Jesenice steel plant,Slovenia,perimeter exclusion,,,,"scrap EAF, no primary capacity",0,false,false,not_searched,false,sources/steel_entries.json,eufabric census,2026-09-18,day,out of perimeter; not scored,not_searched,false,sources/steel_entries.json,eufabric census,2026-09-18,day,out of perimeter; not scored,not_searched,false,sources/steel_entries.json,eufabric census,2026-09-18,day,out of perimeter; not scored,not_searched,false,sources/steel_entries.json,eufabric census,2026-09-18,day,out of perimeter; not scored,not_searched,false,sources/steel_entries.json,eufabric census,2026-09-18,day,out of perimeter; not scored,not_searched,false,sources/steel_entries.json,eufabric census,2026-09-18,day,out of perimeter; not scored,false
steel,gem:P100000120794,P100000120794,,SN MAIA Siderurgia Nacional steel plant,Portugal,perimeter exclusion,,,,"scrap EAF, no primary capacity",0,false,false,not_searched,false,sources/steel_entries.json,eufabric census,2026-09-18,day,out of perimeter; not scored,not_searched,false,sources/steel_entries.json,eufabric census,2026-09-18,day,out of perimeter; not scored,not_searched,false,sources/steel_entries.json,eufabric census,2026-09-18,day,out of perimeter; not scored,not_searched,false,sources/steel_entries.json,eufabric census,2026-09-18,day,out of perimeter; not scored,not_searched,false,sources/steel_entries.json,eufabric census,2026-09-18,day,out of perimeter; not scored,not_searched,false,sources/steel_entries.json,eufabric census,2026-09-18,day,out of perimeter; not scored,false
steel,gem:P100000120793,P100000120793,,SN SEIXAL Siderurgia Nacional steel plant,Portugal,perimeter exclusion,,,,"scrap EAF, no primary capacity",0,false,false,not_searched,false,sources/steel_entries.json,eufabric census,2026-09-18,day,out of perimeter; not scored,not_searched,false,sources/steel_entries.json,eufabric census,2026-09-18,day,out of perimeter; not scored,not_searched,false,sources/steel_entries.json,eufabric census,2026-09-18,day,out of perimeter; not scored,not_searched,false,sources/steel_entries.json,eufabric census,2026-09-18,day,out of perimeter; not scored,not_searched,false,sources/steel_entries.json,eufabric census,2026-09-18,day,out of perimeter; not scored,not_searched,false,sources/steel_entries.json,eufabric census,2026-09-18,day,out of perimeter; not scored,false
steel,gem:P100000120492,P100000120492,,Sovel Almyros steel plant,Greece,perimeter exclusion,,,,"scrap EAF, no primary capacity",0,false,false,not_searched,false,sources/steel_entries.json,eufabric census,2026-09-18,day,out of perimeter; not scored,not_searched,false,sources/steel_entries.json,eufabric census,2026-09-18,day,out of perimeter; not scored,not_searched,false,sources/steel_entries.json,eufabric census,2026-09-18,day,out of perimeter; not scored,not_searched,false,sources/steel_entries.json,eufabric census,2026-09-18,day,out of perimeter; not scored,not_searched,false,sources/steel_entries.json,eufabric census,2026-09-18,day,out of perimeter; not scored,not_searched,false,sources/steel_entries.json,eufabric census,2026-09-18,day,out of perimeter; not scored,false
steel,gem:P100000120845,P100000120845,ssab-lulea,SSAB Luleå steel plant,Sweden,admitted,Announced,,,,0,true,false,fail,true,sources/steel_entries.json,eufabric census,2026-09-18,day,the census read the owner's own sources and none names a site for this project,fail,true,sources/steel_entries.json,eufabric census,2026-09-18,day,no owner document on file; the census is the record of looking,fail,true,sources/steel_entries.json,eufabric census,2026-09-18,day,no owner document on file; the census is the record of looking,fail,true,sources/funder_pass.json,eufabric funder pass,2026-09-19,day,the funder lists of sources/funder_pass.json — the Innovation Fund's own project table of 413 projects and 163 of its factsheets — name no award for this entry,fail,true,sources/steel_entries.json,eufabric census,2026-09-18,day,no owner document on file; the census is the record of looking,not_searched,false,sources/edges.json,eufabric dependency sweep,2026-09-11,day,"no register row, so no owner side to sweep; the graph names no edge for this entry",false
steel,gem:P100000120844,P100000120844,ssab-oxelosund,SSAB Oxelösund steel plant,Sweden,admitted,Construction,,,,1,true,false,fail,true,sources/steel_entries.json,eufabric census,2026-09-18,day,the census read the owner's own sources and none names a site for this project,fail,true,sources/steel_entries.json,eufabric census,2026-09-18,day,no owner document on file; the census is the record of looking,fail,true,sources/steel_entries.json,eufabric census,2026-09-18,day,no owner document on file; the census is the record of looking,pass,true,https://ec.europa.eu/assets/cinea/project_fiches/innovation_fund/101051316.pdf,"European Commission (CINEA), Innovation Fund",2020,year,"Innovation Fund, 2020 Large-scale names 'HYBRIT demonstration: Swedish large-scale steel value chain demonstration of Hydrogen Breakthrough Iron-making Technologies' at EUR 143,000,000; the funder's own status is Terminated; matched on the same fiche names 'SSAB to replace two blast furnaces in Oxelösund with an electric arc furnace'",fail,true,sources/steel_entries.json,eufabric census,2026-09-18,day,no owner document on file; the census is the record of looking,not_searched,false,sources/edges.json,eufabric dependency sweep,2026-09-11,day,"no register row, so no owner side to sweep; the graph names no edge for this entry",false
steel,gem:P100000120468,P100000120468,,SSAB Raahe steel plant,Finland,named not admitted,Cancelled,,,,1,true,false,pass,true,sources/steel_entries.json,owner or permit source,2026-09-18,day,the census read an owner or permit source that names the site and the perimeter still refuses the entry,fail,true,sources/steel_entries.json,eufabric census,2026-09-18,day,no owner document on file; the census is the record of looking,fail,true,sources/steel_entries.json,eufabric census,2026-09-18,day,no owner document on file; the census is the record of looking,fail,true,sources/funder_pass.json,eufabric funder pass,2026-09-19,day,the funder lists of sources/funder_pass.json — the Innovation Fund's own project table of 413 projects and 163 of its factsheets — name no award for this entry,fail,true,sources/steel_entries.json,eufabric census,2026-09-18,day,no owner document on file; the census is the record of looking,not_searched,false,sources/edges.json,eufabric dependency sweep,2026-09-11,day,"no register row, so no owner side to sweep; the graph names no edge for this entry",false
steel,gem:P100000120065,P100000120065,,Stahl Gerlafingen steel plant,Switzerland,perimeter exclusion,,,,"scrap EAF, no primary capacity",0,false,false,not_searched,false,sources/steel_entries.json,eufabric census,2026-09-18,day,out of perimeter; not scored,not_searched,false,sources/steel_entries.json,eufabric census,2026-09-18,day,out of perimeter; not scored,not_searched,false,sources/steel_entries.json,eufabric census,2026-09-18,day,out of perimeter; not scored,not_searched,false,sources/steel_entries.json,eufabric census,2026-09-18,day,out of perimeter; not scored,not_searched,false,sources/steel_entries.json,eufabric census,2026-09-18,day,out of perimeter; not scored,not_searched,false,sources/steel_entries.json,eufabric census,2026-09-18,day,out of perimeter; not scored,false
steel,gem:P100000120850,P100000120850,stegra-boden,Stegra Boden steel plant,Sweden,held,Construction,2500000,t_per_year,,5,true,false,pass,true,https://stegra.com/en/news-and-stories/stegra-announces-closing-of-14-billion-financing-round,owner,2026-06-24,day,row carries a position from a company or permit source,pass,true,https://stegra.com/en/news-and-stories/h2-green-steel-raises-more-than-4-billion-in-debt-financing-for-the-worlds-first-large-scale-green-steel-plant,owner,2024-01-22,day,2500000 t_per_year as stated,pass,true,https://bioenergytimes.com/europes-largest-green-hydrogen-plant-takes-shape-as-stegra-installs-final-electrolyser/,owner,2026-04-04,day,status_to construction,pass,true,https://ec.europa.eu/assets/cinea/project_fiches/innovation_fund/101133206.pdf,"European Commission (CINEA), Innovation Fund",2022,year,"Innovation Fund, 2022 Large-scale names 'STEGRA' at EUR 250,000,000; the funder's own status is Grant signed; matched on the award's coordinator is STEGRA AB and the works is Stegra's Boden plant, which the register holds as stegra-boden",fail,true,https://stegra.com/en/news-and-stories/stegra-announces-closing-of-14-billion-financing-round,owner,2026-06-24,day,no owner-stated start carrying a date precision,pass,true,https://www.thyssenkrupp-nucera.com/newsroom/news-press-releases/thyssenkrupp-nucera-supplies-the-electrolyzers-for-h2-green-steel-to-build-one-of-the-largest-integrated-green-steel-plants-in-europe,supplier,2023-05-22,day,equipment_order at firmness contract,true
steel,gem:P100000121222,P100000121222,stegra-spain,Stegra Spain steel plant,Spain,admitted,Paused or postponed,,,,0,true,false,fail,true,sources/steel_entries.json,eufabric census,2026-09-18,day,the census read the owner's own sources and none names a site for this project,fail,true,sources/steel_entries.json,eufabric census,2026-09-18,day,no owner document on file; the census is the record of looking,fail,true,sources/steel_entries.json,eufabric census,2026-09-18,day,no owner document on file; the census is the record of looking,fail,true,sources/funder_pass.json,eufabric funder pass,2026-09-19,day,the funder lists of sources/funder_pass.json — the Innovation Fund's own project table of 413 projects and 163 of its factsheets — name no award for this entry,fail,true,sources/steel_entries.json,eufabric census,2026-09-18,day,no owner document on file; the census is the record of looking,not_searched,false,sources/edges.json,eufabric dependency sweep,2026-09-11,day,"no register row, so no owner side to sweep; the graph names no edge for this entry",false
steel,gem:P100000120031,P100000120031,,Stomana Industry Pernik steel plant,Bulgaria,perimeter exclusion,,,,"scrap EAF, no primary capacity",0,false,false,not_searched,false,sources/steel_entries.json,eufabric census,2026-09-18,day,out of perimeter; not scored,not_searched,false,sources/steel_entries.json,eufabric census,2026-09-18,day,out of perimeter; not scored,not_searched,false,sources/steel_entries.json,eufabric census,2026-09-18,day,out of perimeter; not scored,not_searched,false,sources/steel_entries.json,eufabric census,2026-09-18,day,out of perimeter; not scored,not_searched,false,sources/steel_entries.json,eufabric census,2026-09-18,day,out of perimeter; not scored,not_searched,false,sources/steel_entries.json,eufabric census,2026-09-18,day,out of perimeter; not scored,false
steel,gem:P100000121227,P100000121227,,Swiss Steel Emmenbrücke plant,Switzerland,perimeter exclusion,,,,"scrap EAF, no primary capacity",0,false,false,not_searched,false,sources/steel_entries.json,eufabric census,2026-09-18,day,out of perimeter; not scored,not_searched,false,sources/steel_entries.json,eufabric census,2026-09-18,day,out of perimeter; not scored,not_searched,false,sources/steel_entries.json,eufabric census,2026-09-18,day,out of perimeter; not scored,not_searched,false,sources/steel_entries.json,eufabric census,2026-09-18,day,out of perimeter; not scored,not_searched,false,sources/steel_entries.json,eufabric census,2026-09-18,day,out of perimeter; not scored,not_searched,false,sources/steel_entries.json,eufabric census,2026-09-18,day,out of perimeter; not scored,false
steel,gem:P100000120758,P100000120758,tata-steel-ijmuiden,Tata Steel IJmuiden steel plant,Netherlands,admitted,Finalized (research & testing),,,,0,true,false,fail,true,sources/steel_entries.json,eufabric census,2026-09-18,day,the census read the owner's own sources and none names a site for this project,fail,true,sources/steel_entries.json,eufabric census,2026-09-18,day,no owner document on file; the census is the record of looking,fail,true,sources/steel_entries.json,eufabric census,2026-09-18,day,no owner document on file; the census is the record of looking,fail,true,sources/funder_pass.json,eufabric funder pass,2026-09-19,day,the funder lists of sources/funder_pass.json — the Innovation Fund's own project table of 413 projects and 163 of its factsheets — name no award for this entry,fail,true,sources/steel_entries.json,eufabric census,2026-09-18,day,no owner document on file; the census is the record of looking,not_searched,false,sources/edges.json,eufabric dependency sweep,2026-09-11,day,"no register row, so no owner side to sweep; the graph names no edge for this entry",false
steel,gem:P100000120482,P100000120482,tata-steel-port-talbot,Tata Steel Port Talbot steel plant,United Kingdom,admitted,,,,,0,true,false,fail,true,sources/steel_entries.json,eufabric census,2026-09-18,day,the census read the owner's own sources and none names a site for this project,fail,true,sources/steel_entries.json,eufabric census,2026-09-18,day,no owner document on file; the census is the record of looking,fail,true,sources/steel_entries.json,eufabric census,2026-09-18,day,no owner document on file; the census is the record of looking,fail,true,sources/funder_pass.json,eufabric funder pass,2026-09-19,day,the funder lists of sources/funder_pass.json — the Innovation Fund's own project table of 413 projects and 163 of its factsheets — name no award for this entry,fail,true,sources/steel_entries.json,eufabric census,2026-09-18,day,no owner document on file; the census is the record of looking,not_searched,false,sources/edges.json,eufabric dependency sweep,2026-09-11,day,"no register row, so no owner side to sweep; the graph names no edge for this entry",false
steel,gem:P100000120625,P100000120625,,Tenaris Dalmine steel plant,Italy,perimeter exclusion,Announced,,,"scrap EAF, no primary capacity",0,false,false,not_searched,false,sources/steel_entries.json,eufabric census,2026-09-18,day,out of perimeter; not scored,not_searched,false,sources/steel_entries.json,eufabric census,2026-09-18,day,out of perimeter; not scored,not_searched,false,sources/steel_entries.json,eufabric census,2026-09-18,day,out of perimeter; not scored,not_searched,false,sources/steel_entries.json,eufabric census,2026-09-18,day,out of perimeter; not scored,not_searched,false,sources/steel_entries.json,eufabric census,2026-09-18,day,out of perimeter; not scored,not_searched,false,sources/steel_entries.json,eufabric census,2026-09-18,day,out of perimeter; not scored,false
steel,gem:P100000121242,P100000121242,,Tenaris Silcotub Calarasi steel mill,Romania,perimeter exclusion,,,,"scrap EAF, no primary capacity",0,false,false,not_searched,false,sources/steel_entries.json,eufabric census,2026-09-18,day,out of perimeter; not scored,not_searched,false,sources/steel_entries.json,eufabric census,2026-09-18,day,out of perimeter; not scored,not_searched,false,sources/steel_entries.json,eufabric census,2026-09-18,day,out of perimeter; not scored,not_searched,false,sources/steel_entries.json,eufabric census,2026-09-18,day,out of perimeter; not scored,not_searched,false,sources/steel_entries.json,eufabric census,2026-09-18,day,out of perimeter; not scored,not_searched,false,sources/steel_entries.json,eufabric census,2026-09-18,day,out of perimeter; not scored,false
steel,gem:P100000120030,P100000120030,,Thy Marcinelle Charleroi steel plant,Belgium,perimeter exclusion,,,,"scrap EAF, no primary capacity",0,false,false,not_searched,false,sources/steel_entries.json,eufabric census,2026-09-18,day,out of perimeter; not scored,not_searched,false,sources/steel_entries.json,eufabric census,2026-09-18,day,out of perimeter; not scored,not_searched,false,sources/steel_entries.json,eufabric census,2026-09-18,day,out of perimeter; not scored,not_searched,false,sources/steel_entries.json,eufabric census,2026-09-18,day,out of perimeter; not scored,not_searched,false,sources/steel_entries.json,eufabric census,2026-09-18,day,out of perimeter; not scored,not_searched,false,sources/steel_entries.json,eufabric census,2026-09-18,day,out of perimeter; not scored,false
steel,gem:P100000120421,P100000120421,tkh2steel-duisburg,ThyssenKrupp Steel Duisburg steel plant,Germany,held,Paused or postponed,2500000,t_per_year,,5,true,false,pass,true,https://www.thyssenkrupp.com/en/newsroom/press-releases/pressdetailpage/eu-commission-approves-german-federal-and-state-government-fund-ing-for-thyssenkrupp-steels-tkh2steel-decarbonization-project-228875,owner,2023-07-20,day,row carries a position from a company or permit source,pass,true,https://www.thyssenkrupp.com/en/newsroom/press-releases/pressdetailpage/eu-commission-approves-german-federal-and-state-government-fund-ing-for-thyssenkrupp-steels-tkh2steel-decarbonization-project-228875,owner,2023-07-20,day,2500000 t_per_year as stated,pass,true,https://www.thyssenkrupp.com/en/newsroom/press-releases/pressdetailpage/eu-commission-approves-german-federal-and-state-government-fund-ing-for-thyssenkrupp-steels-tkh2steel-decarbonization-project-228875,owner,2023-07-20,day,status_to construction,fail,true,sources/funder_pass.json,eufabric funder pass,2026-09-19,day,the funder lists of sources/funder_pass.json — the Innovation Fund's own project table of 413 projects and 163 of its factsheets — name no award for this entry,pass,true,https://www.thyssenkrupp-steel.com/en/newsroom/press-releases/decision-taken-on-the-construction-of-germanys-largest-direct-reduction-plant-for-low-co2-steel.html,company,2022-09-08,day,production_start 2026 at year precision,pass,true,https://www.midrex.com/news/thyssenkrupp-steel-receives-construction-approval-for-hydrogen-ready-dri-smelter-project/,supplier,2026-09-11,not_after,equipment_order at firmness contract,true
steel,gem:P100000120854,P100000120854,,U. S. Steel Košice steel plant,Slovakia,searched none found,,,,,0,true,false,fail,true,sources/steel_entries.json,eufabric census,2026-09-18,day,the census read the owner's own sources and none names a site for this project,fail,true,sources/steel_entries.json,eufabric census,2026-09-18,day,no owner document on file; the census is the record of looking,fail,true,sources/steel_entries.json,eufabric census,2026-09-18,day,no owner document on file; the census is the record of looking,fail,true,sources/funder_pass.json,eufabric funder pass,2026-09-19,day,the funder lists of sources/funder_pass.json — the Innovation Fund's own project table of 413 projects and 163 of its factsheets — name no award for this entry,fail,true,sources/steel_entries.json,eufabric census,2026-09-18,day,no owner document on file; the census is the record of looking,not_searched,false,sources/edges.json,eufabric dependency sweep,2026-09-11,day,"no register row, so no owner side to sweep; the graph names no edge for this entry",false
steel,gem:P100000120797,P100000120797,,UMB Hunedoara steel plant,Romania,perimeter exclusion,,,,"scrap EAF, no primary capacity",0,false,false,not_searched,false,sources/steel_entries.json,eufabric census,2026-09-18,day,out of perimeter; not scored,not_searched,false,sources/steel_entries.json,eufabric census,2026-09-18,day,out of perimeter; not scored,not_searched,false,sources/steel_entries.json,eufabric census,2026-09-18,day,out of perimeter; not scored,not_searched,false,sources/steel_entries.json,eufabric census,2026-09-18,day,out of perimeter; not scored,not_searched,false,sources/steel_entries.json,eufabric census,2026-09-18,day,out of perimeter; not scored,not_searched,false,sources/steel_entries.json,eufabric census,2026-09-18,day,out of perimeter; not scored,false
steel,gem:P100001045064,P100001045064,ussuri-romania,Ussuri Capital Romania steel plant,Romania,perimeter exclusion,,,,"scrap EAF, no primary capacity",0,false,false,not_searched,false,sources/steel_entries.json,eufabric census,2026-09-18,day,out of perimeter; not scored,not_searched,false,sources/steel_entries.json,eufabric census,2026-09-18,day,out of perimeter; not scored,not_searched,false,sources/steel_entries.json,eufabric census,2026-09-18,day,out of perimeter; not scored,not_searched,false,sources/steel_entries.json,eufabric census,2026-09-18,day,out of perimeter; not scored,not_searched,false,sources/steel_entries.json,eufabric census,2026-09-18,day,out of perimeter; not scored,not_searched,false,sources/steel_entries.json,eufabric census,2026-09-18,day,out of perimeter; not scored,false
steel,gem:P100000120759,P100000120759,,Van Merksteijn International steel plant,Netherlands,perimeter exclusion,,,,"scrap EAF, no primary capacity",0,false,false,not_searched,false,sources/steel_entries.json,eufabric census,2026-09-18,day,out of perimeter; not scored,not_searched,false,sources/steel_entries.json,eufabric census,2026-09-18,day,out of perimeter; not scored,not_searched,false,sources/steel_entries.json,eufabric census,2026-09-18,day,out of perimeter; not scored,not_searched,false,sources/steel_entries.json,eufabric census,2026-09-18,day,out of perimeter; not scored,not_searched,false,sources/steel_entries.json,eufabric census,2026-09-18,day,out of perimeter; not scored,not_searched,false,sources/steel_entries.json,eufabric census,2026-09-18,day,out of perimeter; not scored,false
steel,gem:P100000120011,P100000120011,greentec-donawitz,Voestalpine Stahl Donawitz steel plant,Austria,held,Finalized (research & testing),850000,t_per_year,,5,true,false,pass,true,https://www.voestalpine.com/group/en/media/press-releases/2026-06-18-voestalpine-unveils-further-expansion-plans-for-greentec-steel-at-its-donawitz-location/,owner,2026-06-18,day,row carries a position from a company or permit source,pass,true,https://www.voestalpine.com/group/en/media/press-releases/2026-06-18-voestalpine-unveils-further-expansion-plans-for-greentec-steel-at-its-donawitz-location/,owner,2026-06-18,day,850000 t_per_year as stated,pass,true,https://www.voestalpine.com/group/en/media/press-releases/2026-06-18-voestalpine-unveils-further-expansion-plans-for-greentec-steel-at-its-donawitz-location/,owner,2026-06-18,day,status_to construction,fail,true,sources/funder_pass.json,eufabric funder pass,2026-09-19,day,the funder lists of sources/funder_pass.json — the Innovation Fund's own project table of 413 projects and 163 of its factsheets — name no award for this entry,pass,true,https://www.voestalpine.com/group/en/media/press-releases/2026-06-18-voestalpine-unveils-further-expansion-plans-for-greentec-steel-at-its-donawitz-location/,company,2026-06-18,day,production_start 2027 at year precision,pass,true,https://www.primetals.com/en/news/hyfor-pilot-plant-under-operation-the-next-step-for-carbon-free-hydrogen-based-direct-reduction-is-done/,supplier,2021-06-24,day,equipment_order at firmness contract,true
steel,gem:P100000120010,P100000120010,greentec-linz,Voestalpine Stahl Linz steel plant,Austria,held,Finalized (research & testing),,,,4,true,false,pass,true,https://www.voestalpine.com/group/en/media/press-releases/2026-06-18-voestalpine-unveils-further-expansion-plans-for-greentec-steel-at-its-donawitz-location/,owner,2026-06-18,day,row carries a position from a company or permit source,fail,true,https://www.voestalpine.com/group/en/media/press-releases/2026-06-18-voestalpine-unveils-further-expansion-plans-for-greentec-steel-at-its-donawitz-location/,owner,2026-06-18,day,no capacity stated by the owner on file,pass,true,https://www.voestalpine.com/group/en/media/press-releases/2026-06-18-voestalpine-unveils-further-expansion-plans-for-greentec-steel-at-its-donawitz-location/,owner,2026-06-18,day,status_to construction,fail,true,sources/funder_pass.json,eufabric funder pass,2026-09-19,day,the funder lists of sources/funder_pass.json — the Innovation Fund's own project table of 413 projects and 163 of its factsheets — name no award for this entry,pass,true,https://www.voestalpine.com/group/en/media/press-releases/2026-06-18-voestalpine-unveils-further-expansion-plans-for-greentec-steel-at-its-donawitz-location/,company,2026-06-18,day,production_start 2027 at year precision,pass,true,https://www.primetals.com/en/news/construction-begins-on-hydrogen-based-ironmaking-plant-in-linz-austria/,supplier,2025-09-25,day,equipment_order at firmness contract,true
steel,gem:P100000120791,P100000120791,,Weglokoks Ruda Slaska steel plant,Poland,perimeter exclusion,,,,"scrap EAF, no primary capacity",0,false,false,not_searched,false,sources/steel_entries.json,eufabric census,2026-09-18,day,out of perimeter; not scored,not_searched,false,sources/steel_entries.json,eufabric census,2026-09-18,day,out of perimeter; not scored,not_searched,false,sources/steel_entries.json,eufabric census,2026-09-18,day,out of perimeter; not scored,not_searched,false,sources/steel_entries.json,eufabric census,2026-09-18,day,out of perimeter; not scored,not_searched,false,sources/steel_entries.json,eufabric census,2026-09-18,day,out of perimeter; not scored,not_searched,false,sources/steel_entries.json,eufabric census,2026-09-18,day,out of perimeter; not scored,false
steel,leadit:GST-011,GST-011,,ArcelorMittal SIDERWIN Maizières-lès-Metz,France,perimeter exclusion,Finalized (research & testing),,,research pilot of an electrolytic iron route; none of the four legs,0,false,false,not_searched,false,sources/steel_entries.json,eufabric census,2026-09-18,day,out of perimeter; not scored,not_searched,false,sources/steel_entries.json,eufabric census,2026-09-18,day,out of perimeter; not scored,not_searched,false,sources/steel_entries.json,eufabric census,2026-09-18,day,out of perimeter; not scored,not_searched,false,sources/steel_entries.json,eufabric census,2026-09-18,day,out of perimeter; not scored,not_searched,false,sources/steel_entries.json,eufabric census,2026-09-18,day,out of perimeter; not scored,not_searched,false,sources/steel_entries.json,eufabric census,2026-09-18,day,out of perimeter; not scored,false
steel,leadit:GST-016,GST-016,,HyIron - GEiSt,Germany,admitted,Finalized (research & testing),,,,0,true,false,fail,true,sources/steel_entries.json,eufabric census,2026-09-18,day,the census read the owner's own sources and none names a site for this project,fail,true,sources/steel_entries.json,eufabric census,2026-09-18,day,no owner document on file; the census is the record of looking,fail,true,sources/steel_entries.json,eufabric census,2026-09-18,day,no owner document on file; the census is the record of looking,fail,true,sources/funder_pass.json,eufabric funder pass,2026-09-19,day,the funder lists of sources/funder_pass.json — the Innovation Fund's own project table of 413 projects and 163 of its factsheets — name no award for this entry,fail,true,sources/steel_entries.json,eufabric census,2026-09-18,day,no owner document on file; the census is the record of looking,not_searched,false,sources/edges.json,eufabric dependency sweep,2026-09-11,day,"no register row, so no owner side to sweep; the graph names no edge for this entry",false
steel,leadit:GST-023,GST-023,,Metso DRI Smelting Furnace Pilot Pori,Finland,perimeter exclusion,Finalized (research & testing),,,"equipment vendor's test centre, no primary capacity at a works",0,false,false,not_searched,false,sources/steel_entries.json,eufabric census,2026-09-18,day,out of perimeter; not scored,not_searched,false,sources/steel_entries.json,eufabric census,2026-09-18,day,out of perimeter; not scored,not_searched,false,sources/steel_entries.json,eufabric census,2026-09-18,day,out of perimeter; not scored,not_searched,false,sources/steel_entries.json,eufabric census,2026-09-18,day,out of perimeter; not scored,not_searched,false,sources/steel_entries.json,eufabric census,2026-09-18,day,out of perimeter; not scored,not_searched,false,sources/steel_entries.json,eufabric census,2026-09-18,day,out of perimeter; not scored,false
steel,leadit:GST-059,GST-059,,ArcelorMittal SeaH2Land North Sea,Netherlands,perimeter exclusion,Announced,,,"hydrogen supply to a works; fuel switch, no primary route change",0,false,false,not_searched,false,sources/steel_entries.json,eufabric census,2026-09-18,day,out of perimeter; not scored,not_searched,false,sources/steel_entries.json,eufabric census,2026-09-18,day,out of perimeter; not scored,not_searched,false,sources/steel_entries.json,eufabric census,2026-09-18,day,out of perimeter; not scored,not_searched,false,sources/steel_entries.json,eufabric census,2026-09-18,day,out of perimeter; not scored,not_searched,false,sources/steel_entries.json,eufabric census,2026-09-18,day,out of perimeter; not scored,not_searched,false,sources/steel_entries.json,eufabric census,2026-09-18,day,out of perimeter; not scored,false
steel,leadit:GST-067,GST-067,,Equinor Northern Lights Troll field,Norway,perimeter exclusion,Operating,,,"CO2 transport and storage, not steel",0,false,false,not_searched,false,sources/steel_entries.json,eufabric census,2026-09-18,day,out of perimeter; not scored,not_searched,false,sources/steel_entries.json,eufabric census,2026-09-18,day,out of perimeter; not scored,not_searched,false,sources/steel_entries.json,eufabric census,2026-09-18,day,out of perimeter; not scored,not_searched,false,sources/steel_entries.json,eufabric census,2026-09-18,day,out of perimeter; not scored,not_searched,false,sources/steel_entries.json,eufabric census,2026-09-18,day,out of perimeter; not scored,not_searched,false,sources/steel_entries.json,eufabric census,2026-09-18,day,out of perimeter; not scored,false
steel,leadit:GST-070,GST-070,,Not available,Germany,named not admitted,Announced,,,,1,true,false,pass,true,sources/steel_entries.json,owner or permit source,2026-09-18,day,the census read an owner or permit source that names the site and the perimeter still refuses the entry,fail,true,sources/steel_entries.json,eufabric census,2026-09-18,day,no owner document on file; the census is the record of looking,fail,true,sources/steel_entries.json,eufabric census,2026-09-18,day,no owner document on file; the census is the record of looking,fail,true,sources/funder_pass.json,eufabric funder pass,2026-09-19,day,the funder lists of sources/funder_pass.json — the Innovation Fund's own project table of 413 projects and 163 of its factsheets — name no award for this entry,fail,true,sources/steel_entries.json,eufabric census,2026-09-18,day,no owner document on file; the census is the record of looking,not_searched,false,sources/edges.json,eufabric dependency sweep,2026-09-11,day,"no register row, so no owner side to sweep; the graph names no edge for this entry",false
steel,leadit:GST-072,GST-072,,"Equinor Zero Carbon Humber, Hydrogen to Humber (H2H) Saltend",United Kingdom,perimeter exclusion,Announced,,,"hydrogen supply, not steel",0,false,false,not_searched,false,sources/steel_entries.json,eufabric census,2026-09-18,day,out of perimeter; not scored,not_searched,false,sources/steel_entries.json,eufabric census,2026-09-18,day,out of perimeter; not scored,not_searched,false,sources/steel_entries.json,eufabric census,2026-09-18,day,out of perimeter; not scored,not_searched,false,sources/steel_entries.json,eufabric census,2026-09-18,day,out of perimeter; not scored,not_searched,false,sources/steel_entries.json,eufabric census,2026-09-18,day,out of perimeter; not scored,not_searched,false,sources/steel_entries.json,eufabric census,2026-09-18,day,out of perimeter; not scored,false
steel,leadit:GST-084,GST-084,,Thyssenkrupp H-vision Rotterdam,Netherlands,perimeter exclusion,Announced,,,"hydrogen imports, not one of the four legs",0,false,false,not_searched,false,sources/steel_entries.json,eufabric census,2026-09-18,day,out of perimeter; not scored,not_searched,false,sources/steel_entries.json,eufabric census,2026-09-18,day,out of perimeter; not scored,not_searched,false,sources/steel_entries.json,eufabric census,2026-09-18,day,out of perimeter; not scored,not_searched,false,sources/steel_entries.json,eufabric census,2026-09-18,day,out of perimeter; not scored,not_searched,false,sources/steel_entries.json,eufabric census,2026-09-18,day,out of perimeter; not scored,not_searched,false,sources/steel_entries.json,eufabric census,2026-09-18,day,out of perimeter; not scored,false
steel,leadit:GST-093,GST-093,,ArcelorMittal HyDeal España Asturias,Spain,perimeter exclusion,Paused or postponed,,,"hydrogen supply, not steel",0,false,false,not_searched,false,sources/steel_entries.json,eufabric census,2026-09-18,day,out of perimeter; not scored,not_searched,false,sources/steel_entries.json,eufabric census,2026-09-18,day,out of perimeter; not scored,not_searched,false,sources/steel_entries.json,eufabric census,2026-09-18,day,out of perimeter; not scored,not_searched,false,sources/steel_entries.json,eufabric census,2026-09-18,day,out of perimeter; not scored,not_searched,false,sources/steel_entries.json,eufabric census,2026-09-18,day,out of perimeter; not scored,not_searched,false,sources/steel_entries.json,eufabric census,2026-09-18,day,out of perimeter; not scored,false
steel,leadit:GST-094,GST-094,,Not available,Germany,named not admitted,Announced,,,,1,true,false,pass,true,sources/steel_entries.json,owner or permit source,2026-09-18,day,the census read an owner or permit source that names the site and the perimeter still refuses the entry,fail,true,sources/steel_entries.json,eufabric census,2026-09-18,day,no owner document on file; the census is the record of looking,fail,true,sources/steel_entries.json,eufabric census,2026-09-18,day,no owner document on file; the census is the record of looking,fail,true,sources/funder_pass.json,eufabric funder pass,2026-09-19,day,the funder lists of sources/funder_pass.json — the Innovation Fund's own project table of 413 projects and 163 of its factsheets — name no award for this entry,fail,true,sources/steel_entries.json,eufabric census,2026-09-18,day,no owner document on file; the census is the record of looking,not_searched,false,sources/edges.json,eufabric dependency sweep,2026-09-11,day,"no register row, so no owner side to sweep; the graph names no edge for this entry",false
steel,leadit:GST-120,GST-120,,GreenIron H2 MoU Vale and GreenIron Sandviken,Sweden,named not admitted,Announced,,,,1,true,false,pass,true,sources/steel_entries.json,owner or permit source,2026-09-18,day,the census read an owner or permit source that names the site and the perimeter still refuses the entry,fail,true,sources/steel_entries.json,eufabric census,2026-09-18,day,no owner document on file; the census is the record of looking,fail,true,sources/steel_entries.json,eufabric census,2026-09-18,day,no owner document on file; the census is the record of looking,fail,true,sources/funder_pass.json,eufabric funder pass,2026-09-19,day,the funder lists of sources/funder_pass.json — the Innovation Fund's own project table of 413 projects and 163 of its factsheets — name no award for this entry,fail,true,sources/steel_entries.json,eufabric census,2026-09-18,day,no owner document on file; the census is the record of looking,not_searched,false,sources/edges.json,eufabric dependency sweep,2026-09-11,day,"no register row, so no owner side to sweep; the graph names no edge for this entry",false
steel,leadit:GST-125,GST-125,,Soladvent HyDeal Ambition Asturias,Spain,perimeter exclusion,Announced,,,"a consortium, not a project",0,false,false,not_searched,false,sources/steel_entries.json,eufabric census,2026-09-18,day,out of perimeter; not scored,not_searched,false,sources/steel_entries.json,eufabric census,2026-09-18,day,out of perimeter; not scored,not_searched,false,sources/steel_entries.json,eufabric census,2026-09-18,day,out of perimeter; not scored,not_searched,false,sources/steel_entries.json,eufabric census,2026-09-18,day,out of perimeter; not scored,not_searched,false,sources/steel_entries.json,eufabric census,2026-09-18,day,out of perimeter; not scored,not_searched,false,sources/steel_entries.json,eufabric census,2026-09-18,day,out of perimeter; not scored,false
steel,leadit:GST-158,GST-158,,Marcegaglia AdriatiCO2 Ravenna,Italy,named not admitted,Announced,,,,2,true,false,pass,true,sources/steel_entries.json,owner or permit source,2026-09-18,day,the census read an owner or permit source that names the site and the perimeter still refuses the entry,fail,true,sources/steel_entries.json,eufabric census,2026-09-18,day,no owner document on file; the census is the record of looking,fail,true,sources/steel_entries.json,eufabric census,2026-09-18,day,no owner document on file; the census is the record of looking,pass,true,https://ec.europa.eu/assets/cinea/project_fiches/innovation_fund/101191172.pdf,"European Commission (CINEA), Innovation Fund",2023,year,"Innovation Fund, IF23Call – General medium-scale names 'AdriatiCO2 Marcegaglia AdriatiCO2' at EUR 31,238,542; the funder's own status is Grant signed; matched on the award's own name is AdriatiCO2, which is LeadIT's own name for the entry, and the coordinator is MARCEGAGLIA RAVENNA S.P.A.",fail,true,sources/steel_entries.json,eufabric census,2026-09-18,day,no owner document on file; the census is the record of looking,not_searched,false,sources/edges.json,eufabric dependency sweep,2026-09-11,day,"no register row, so no owner side to sweep; the graph names no edge for this entry",false
steel,row:hybrit-pilot-lulea,hybrit-pilot-lulea,hybrit-pilot-lulea,"SSAB, LKAB and Vattenfall Luleå",SE,admitted,,,,,2,true,false,pass,true,https://www.ssab.com/en/news/2021/06/hybrit-ssab-lkab-and-vattenfall-first-in-the-world-with-hydrogenreduced-sponge-iron,owner,2021-06-21,day,row carries a position from a company or permit source,fail,true,https://www.ssab.com/en/news/2021/06/hybrit-ssab-lkab-and-vattenfall-first-in-the-world-with-hydrogenreduced-sponge-iron,owner,2021-06-21,day,no capacity stated by the owner on file,pass,true,https://www.ssab.com/en/news/2021/06/hybrit-ssab-lkab-and-vattenfall-first-in-the-world-with-hydrogenreduced-sponge-iron,owner,2021-06-21,day,status_to operating,fail,true,sources/funder_pass.json,eufabric funder pass,2026-09-19,day,the funder lists of sources/funder_pass.json — the Innovation Fund's own project table of 413 projects and 163 of its factsheets — name no award for this entry,fail,true,https://www.ssab.com/en/news/2021/06/hybrit-ssab-lkab-and-vattenfall-first-in-the-world-with-hydrogenreduced-sponge-iron,owner,2021-06-21,day,no owner-stated start carrying a date precision,fail,true,sources/edges.json,eufabric dependency sweep,2026-09-11,day,"no edge in the dependency graph names this project; the date is the graph's newest statement, not a sweep date",true
steel,row:3d-dunkirk,3d-dunkirk,3d-dunkirk,ArcelorMittal Dunkirk,FR,admitted,,,,,2,true,false,pass,true,https://www.axens.net/resources-events/news/pr-successful-demonstration-dunkirk-co2-capture-dmx-process,owner,2024-03-14,day,row carries a position from a company or permit source,fail,true,https://www.axens.net/resources-events/news/pr-successful-demonstration-dunkirk-co2-capture-dmx-process,owner,2024-03-14,day,no capacity stated by the owner on file,pass,true,https://www.axens.net/resources-events/news/pr-successful-demonstration-dunkirk-co2-capture-dmx-process,owner,2024-03-14,day,status_to operating,fail,true,sources/funder_pass.json,eufabric funder pass,2026-09-19,day,the funder lists of sources/funder_pass.json — the Innovation Fund's own project table of 413 projects and 163 of its factsheets — name no award for this entry,fail,true,https://www.axens.net/resources-events/news/pr-successful-demonstration-dunkirk-co2-capture-dmx-process,owner,2024-03-14,day,no owner-stated start carrying a date precision,fail,true,https://www.airliquide.com/group/press-releases-news/2021-03-17/air-liquide-and-arcelormittal-join-forces-accelerate-decarbonization-steel-production-basin-dunkirk,supplier,2021-03-17,day,framework_agreement at firmness framework,true
