iea_ref,name,country,iea_status_2023_vintage,technology,capacity_value,capacity_unit,announced_size,ou_outcome,ou_restated_status,ou_restated_date_online,ou_comment,in_current_iea_vintage,in_ladder_population,register_class,census_searched,readable_capture_at_or_before_cutoff,rungs_cleared_as_of,site_result,site_searched,site_source,site_speaker,site_date,site_precision,site_note,capacity_result,capacity_searched,capacity_source,capacity_speaker,capacity_date,capacity_precision,capacity_note,fid_result,fid_searched,fid_source,fid_speaker,fid_date,fid_precision,fid_note,funding_result,funding_searched,funding_source,funding_speaker,funding_date,funding_precision,funding_note,start_result,start_searched,start_source,start_speaker,start_date,start_precision,start_note,input_result,input_searched,input_source,input_speaker,input_date,input_precision,input_note,as_of
3,H2GO Energy Park Oude-Tonge - 1st phase,NLD,FID/Construction,Other Electrolysis,2.5,MWel,2.5MW,delayed,FID/Construction,2024,[49] Doesn't look operational -> Postpone to 2024,yes,no,never seen by this register,yes,no,0,fail,true,sources/hydrogen_cohort_census.json,eufabric cohort census,2023-10-31,day,census pass: no reference of this entry answered a declared reader,fail,true,sources/hydrogen_cohort_census.json,eufabric cohort census,2023-10-31,day,no owner document on file for this rung; the cohort census is the record of looking,fail,true,sources/hydrogen_cohort_census.json,eufabric cohort census,2023-10-31,day,no owner document on file for this rung; the cohort census is the record of looking,not_searched,false,sources/hydrogen_funder_pass.json,eufabric funder pass,2026-09-17,day,"as of 2023-10-31: the document cited is dated 2026-09-17, after the cut-off, so this rung was fail on evidence that did not exist yet",fail,true,sources/hydrogen_cohort_census.json,eufabric cohort census,2023-10-31,day,no owner document on file for this rung; the cohort census is the record of looking,fail,true,sources/hydrogen_cohort_census.json,eufabric cohort census,2023-10-31,day,no owner document on file for this rung; the cohort census is the record of looking,2023-10-31
205,"HySynergy, phase 1",DNK,FID/Construction,ALK,20.0,MWel,20MW,delayed,FID/Construction,2024,"[15] ""production now expected to commence in the second half of 2024""",yes,no,never seen by this register,yes,yes,0,fail,true,https://web.archive.org/web/20220315052738/https://bioenergyinternational.com/storage-logistics/everfuel-and-shell-enter-into-strategic-collaboration-on-a-large-scale-hydrogen-plant,eufabric cohort census,2022-03-15,not_after,census pass: the sources read name no site at municipality or finer,fail,true,https://web.archive.org/web/20220315052738/https://bioenergyinternational.com/storage-logistics/everfuel-and-shell-enter-into-strategic-collaboration-on-a-large-scale-hydrogen-plant,eufabric cohort census,2022-03-15,not_after,no owner document on file for this rung; the cohort census is the record of looking,fail,true,https://web.archive.org/web/20220315052738/https://bioenergyinternational.com/storage-logistics/everfuel-and-shell-enter-into-strategic-collaboration-on-a-large-scale-hydrogen-plant,eufabric cohort census,2022-03-15,not_after,no owner document on file for this rung; the cohort census is the record of looking,not_searched,false,sources/hydrogen_funder_pass.json,eufabric funder pass,2026-09-17,day,"as of 2023-10-31: the document cited is dated 2026-09-17, after the cut-off, so this rung was fail on evidence that did not exist yet",fail,true,https://web.archive.org/web/20220315052738/https://bioenergyinternational.com/storage-logistics/everfuel-and-shell-enter-into-strategic-collaboration-on-a-large-scale-hydrogen-plant,eufabric cohort census,2022-03-15,not_after,no owner document on file for this rung; the cohort census is the record of looking,fail,true,https://web.archive.org/web/20220315052738/https://bioenergyinternational.com/storage-logistics/everfuel-and-shell-enter-into-strategic-collaboration-on-a-large-scale-hydrogen-plant,eufabric cohort census,2022-03-15,not_after,no owner document on file for this rung; the cohort census is the record of looking,2023-10-31
500,"REMOTE - Spain, Canary Islands",ESP,Operational,ALK,0.08,MWel,0.080MW,on time,Operational,2023,,no,no,never seen by this register,yes,yes,0,fail,true,https://web.archive.org/web/20230930083540/https://www.remote-euproject.eu/remote-project/,eufabric cohort census,2023-09-30,not_after,census pass: the sources read name no site at municipality or finer,fail,true,https://web.archive.org/web/20230930083540/https://www.remote-euproject.eu/remote-project/,eufabric cohort census,2023-09-30,not_after,no owner document on file for this rung; the cohort census is the record of looking,fail,true,https://web.archive.org/web/20230930083540/https://www.remote-euproject.eu/remote-project/,eufabric cohort census,2023-09-30,not_after,no owner document on file for this rung; the cohort census is the record of looking,not_searched,false,sources/hydrogen_funder_pass.json,eufabric funder pass,2026-09-17,day,"as of 2023-10-31: the document cited is dated 2026-09-17, after the cut-off, so this rung was fail on evidence that did not exist yet",fail,true,https://web.archive.org/web/20230930083540/https://www.remote-euproject.eu/remote-project/,eufabric cohort census,2023-09-30,not_after,no owner document on file for this rung; the cohort census is the record of looking,fail,true,https://web.archive.org/web/20230930083540/https://www.remote-euproject.eu/remote-project/,eufabric cohort census,2023-09-30,not_after,no owner document on file for this rung; the cohort census is the record of looking,2023-10-31
548,"Green fertilizer project Porsgrunn-Heroya, phase 1 - SKREI",NOR,FID/Construction,PEM,24.0,MWel,24MW,delayed,FID/Construction,2024,[11] Project inaugurated,yes,no,never seen by this register,yes,yes,1,pass,true,https://web.archive.org/web/20230923142627/https://www.yara.com/corporate-releases/yara-begins-electrifying-the-factory-at-heroya/,owner,2023-09-23,not_after,"census pass, hand verdict: Yara's own release 'Yara begins electrifying the factory at Heroya' names the Heroya works at Porsgrunn",fail,true,https://web.archive.org/web/20230923084028/https://www.yara.com/news-and-media/news/archive/2019/yara-and-nel-carbon-free-hydrogen-for-fertilizer-production/,eufabric cohort census,2023-09-23,not_after,no owner document on file for this rung; the cohort census is the record of looking,fail,true,https://web.archive.org/web/20230923084028/https://www.yara.com/news-and-media/news/archive/2019/yara-and-nel-carbon-free-hydrogen-for-fertilizer-production/,eufabric cohort census,2023-09-23,not_after,no owner document on file for this rung; the cohort census is the record of looking,not_searched,false,sources/hydrogen_funder_pass.json,eufabric funder pass,2026-09-17,day,"as of 2023-10-31: the document cited is dated 2026-09-17, after the cut-off, so this rung was fail on evidence that did not exist yet",fail,true,https://web.archive.org/web/20230923084028/https://www.yara.com/news-and-media/news/archive/2019/yara-and-nel-carbon-free-hydrogen-for-fertilizer-production/,eufabric cohort census,2023-09-23,not_after,no owner document on file for this rung; the cohort census is the record of looking,fail,true,https://web.archive.org/web/20230923084028/https://www.yara.com/news-and-media/news/archive/2019/yara-and-nel-carbon-free-hydrogen-for-fertilizer-production/,eufabric cohort census,2023-09-23,not_after,no owner document on file for this rung; the cohort census is the record of looking,2023-10-31
574,"H2 Pilotanlage  Lingen, phase 1",DEU,FID/Construction,ALK,14.0,MWel,14 MW (10 + 4),delayed,FID/Construction,2024,"[18] Only 250 kW inaugurated, ""In a few months, our 14-megawatt pilot electrolyser at the Lingen plant, our first one that will produce hydrogen on an industrial scale, will also go into operation."" -> Delayed to 2024",yes,no,never seen by this register,yes,yes,1,pass,true,https://web.archive.org/web/20231004134558/https://www.rwe.com/presse/rwe-generation/2023-09-06-get-h2-nukleus-behoerden-genehmigen-bau-und-betrieb-der-elektrolyse-grossanlage-in-lingen/,owner,2023-10-04,not_after,"census pass, hand verdict: RWE's own release names the electrolysis plant 'in Lingen' -- 'Behoerden genehmigen Bau und Betrieb der Elektrolyse-Grossanlage in Lingen'",fail,true,https://web.archive.org/web/20221005022438/https://www.get-h2.de/en/project-lingen/,eufabric cohort census,2022-10-05,not_after,no owner document on file for this rung; the cohort census is the record of looking,fail,true,https://web.archive.org/web/20221005022438/https://www.get-h2.de/en/project-lingen/,eufabric cohort census,2022-10-05,not_after,no owner document on file for this rung; the cohort census is the record of looking,not_searched,false,sources/hydrogen_funder_pass.json,eufabric funder pass,2026-09-17,day,"as of 2023-10-31: the document cited is dated 2026-09-17, after the cut-off, so this rung was fail on evidence that did not exist yet",fail,true,https://web.archive.org/web/20221005022438/https://www.get-h2.de/en/project-lingen/,eufabric cohort census,2022-10-05,not_after,no owner document on file for this rung; the cohort census is the record of looking,fail,true,https://web.archive.org/web/20221005022438/https://www.get-h2.de/en/project-lingen/,eufabric cohort census,2022-10-05,not_after,no owner document on file for this rung; the cohort census is the record of looking,2023-10-31
597,HyGreen Provence (Phase 1),FRA,Feasibility study,Other Electrolysis,1.0,MWel,1MW,delayed,Feasibility study,2024,"[73] ""hydrogen storage will be developed in salt caverns by 2024""",no,no,never seen by this register,yes,yes,0,fail,true,https://web.archive.org/web/20210920022303/https://www.smart-energy.com/renewable-energy/engie-signs-cooperation-deal-to-participate-in-hygreen-provence-project-air-liquede/,eufabric cohort census,2021-09-20,not_after,census pass: the sources read name no site at municipality or finer,fail,true,https://web.archive.org/web/20210920022303/https://www.smart-energy.com/renewable-energy/engie-signs-cooperation-deal-to-participate-in-hygreen-provence-project-air-liquede/,eufabric cohort census,2021-09-20,not_after,no owner document on file for this rung; the cohort census is the record of looking,fail,true,https://web.archive.org/web/20210920022303/https://www.smart-energy.com/renewable-energy/engie-signs-cooperation-deal-to-participate-in-hygreen-provence-project-air-liquede/,eufabric cohort census,2021-09-20,not_after,no owner document on file for this rung; the cohort census is the record of looking,not_searched,false,sources/hydrogen_funder_pass.json,eufabric funder pass,2026-09-17,day,"as of 2023-10-31: the document cited is dated 2026-09-17, after the cut-off, so this rung was fail on evidence that did not exist yet",fail,true,https://web.archive.org/web/20210920022303/https://www.smart-energy.com/renewable-energy/engie-signs-cooperation-deal-to-participate-in-hygreen-provence-project-air-liquede/,eufabric cohort census,2021-09-20,not_after,no owner document on file for this rung; the cohort census is the record of looking,fail,true,https://web.archive.org/web/20210920022303/https://www.smart-energy.com/renewable-energy/engie-signs-cooperation-deal-to-participate-in-hygreen-provence-project-air-liquede/,eufabric cohort census,2021-09-20,not_after,no owner document on file for this rung; the cohort census is the record of looking,2023-10-31
625,"Repsol Basque Hydrogen Corrido Bilbao, phase 1",ESP,FID/Construction,ALK,2.5,MWel,2.5MW,on time,Operational,2023,[50] Production started,no,no,never seen by this register,yes,yes,0,fail,true,https://web.archive.org/web/20220926152833/https://www.h2-view.com/story/repsol-unveils-green-hydrogen-project/,eufabric cohort census,2022-09-26,not_after,census pass: the sources read name no site at municipality or finer,fail,true,https://web.archive.org/web/20220926152833/https://www.h2-view.com/story/repsol-unveils-green-hydrogen-project/,eufabric cohort census,2022-09-26,not_after,no owner document on file for this rung; the cohort census is the record of looking,fail,true,https://web.archive.org/web/20220926152833/https://www.h2-view.com/story/repsol-unveils-green-hydrogen-project/,eufabric cohort census,2022-09-26,not_after,no owner document on file for this rung; the cohort census is the record of looking,not_searched,false,sources/hydrogen_funder_pass.json,eufabric funder pass,2026-09-17,day,"as of 2023-10-31: the document cited is dated 2026-09-17, after the cut-off, so this rung was fail on evidence that did not exist yet",fail,true,https://web.archive.org/web/20220926152833/https://www.h2-view.com/story/repsol-unveils-green-hydrogen-project/,eufabric cohort census,2022-09-26,not_after,no owner document on file for this rung; the cohort census is the record of looking,fail,true,https://web.archive.org/web/20220926152833/https://www.h2-view.com/story/repsol-unveils-green-hydrogen-project/,eufabric cohort census,2022-09-26,not_after,no owner document on file for this rung; the cohort census is the record of looking,2023-10-31
637,Multiphly,NLD,Operational,SOEC,2.5,MWel,2.5MW,on time,Operational,2023,[51] Commissioning is ongoing,yes,no,never seen by this register,yes,yes,0,fail,true,https://web.archive.org/web/20230922192516/https://www.offshore-energy.biz/multiplhy-project-sunfire-installs-worlds-largest-soec-electrolyser/,eufabric cohort census,2023-09-22,not_after,census pass: the sources read name no site at municipality or finer,fail,true,https://web.archive.org/web/20230922192516/https://www.offshore-energy.biz/multiplhy-project-sunfire-installs-worlds-largest-soec-electrolyser/,eufabric cohort census,2023-09-22,not_after,no owner document on file for this rung; the cohort census is the record of looking,fail,true,https://web.archive.org/web/20230922192516/https://www.offshore-energy.biz/multiplhy-project-sunfire-installs-worlds-largest-soec-electrolyser/,eufabric cohort census,2023-09-22,not_after,no owner document on file for this rung; the cohort census is the record of looking,not_searched,false,sources/hydrogen_funder_pass.json,eufabric funder pass,2026-09-17,day,"as of 2023-10-31: the document cited is dated 2026-09-17, after the cut-off, so this rung was fail on evidence that did not exist yet",fail,true,https://web.archive.org/web/20230922192516/https://www.offshore-energy.biz/multiplhy-project-sunfire-installs-worlds-largest-soec-electrolyser/,eufabric cohort census,2023-09-22,not_after,no owner document on file for this rung; the cohort census is the record of looking,fail,true,https://web.archive.org/web/20230922192516/https://www.offshore-energy.biz/multiplhy-project-sunfire-installs-worlds-largest-soec-electrolyser/,eufabric cohort census,2023-09-22,not_after,no owner document on file for this rung; the cohort census is the record of looking,2023-10-31
645,Hyport - Toulouse-Blagnac Airport,FRA,Operational,ALK,2.0,MWel,2MW,on time,Operational,2023,"[62] ""With a production capacity of over 400 kilograms of carbon-free hydrogen a day, or the equivalent of one megawatt of high-power electrolysis""",yes,no,never seen by this register,yes,yes,1,pass,true,https://web.archive.org/web/20220812235318/https://www.engie-solutions.com/fr/actualites/station-hyport-toulouse-blagnac,owner,2022-08-12,not_after,"census pass, hand verdict: ENGIE Solutions' own page is the HyPort station at Toulouse-Blagnac airport, finer than the municipality",fail,true,https://web.archive.org/web/20220812235318/https://www.engie-solutions.com/fr/actualites/station-hyport-toulouse-blagnac,eufabric cohort census,2022-08-12,not_after,no owner document on file for this rung; the cohort census is the record of looking,fail,true,https://web.archive.org/web/20220812235318/https://www.engie-solutions.com/fr/actualites/station-hyport-toulouse-blagnac,eufabric cohort census,2022-08-12,not_after,no owner document on file for this rung; the cohort census is the record of looking,not_searched,false,sources/hydrogen_funder_pass.json,eufabric funder pass,2026-09-17,day,"as of 2023-10-31: the document cited is dated 2026-09-17, after the cut-off, so this rung was fail on evidence that did not exist yet",fail,true,https://web.archive.org/web/20220812235318/https://www.engie-solutions.com/fr/actualites/station-hyport-toulouse-blagnac,eufabric cohort census,2022-08-12,not_after,no owner document on file for this rung; the cohort census is the record of looking,fail,true,https://web.archive.org/web/20220812235318/https://www.engie-solutions.com/fr/actualites/station-hyport-toulouse-blagnac,eufabric cohort census,2022-08-12,not_after,no owner document on file for this rung; the cohort census is the record of looking,2023-10-31
702,GldH2,NLD,FID/Construction,Other Electrolysis,2.0,MWel,2MW,delayed,FID/Construction,2024,[63] No news regarding inauguration on official website -> delayed,no,no,never seen by this register,yes,no,0,fail,true,sources/hydrogen_cohort_census.json,eufabric cohort census,2023-10-31,day,census pass: no reference of this entry answered a declared reader,fail,true,sources/hydrogen_cohort_census.json,eufabric cohort census,2023-10-31,day,no owner document on file for this rung; the cohort census is the record of looking,fail,true,sources/hydrogen_cohort_census.json,eufabric cohort census,2023-10-31,day,no owner document on file for this rung; the cohort census is the record of looking,not_searched,false,sources/hydrogen_funder_pass.json,eufabric funder pass,2026-09-17,day,"as of 2023-10-31: the document cited is dated 2026-09-17, after the cut-off, so this rung was fail on evidence that did not exist yet",fail,true,sources/hydrogen_cohort_census.json,eufabric cohort census,2023-10-31,day,no owner document on file for this rung; the cohort census is the record of looking,fail,true,sources/hydrogen_cohort_census.json,eufabric cohort census,2023-10-31,day,no owner document on file for this rung; the cohort census is the record of looking,2023-10-31
768,Ribatejo natural gas power plant ,PRT,DEMO,PEM,1.0,MWel,1MW,delayed,DEMO,2023,[74] Research project,yes,no,never seen by this register,yes,yes,1,pass,true,https://web.archive.org/web/20230929164442/https://flexnconfu.eu/demonstration/,owner,2023-09-29,not_after,"census pass, hand verdict: 'Ribatejo Power Plant (owned and operated by EDP Gestao da Producao de Energia) ... located on the right bank of the Tejo River, about 30 km northeast of Lisbon, in Vala do Carregado'",fail,true,https://web.archive.org/web/20230929164442/https://flexnconfu.eu/demonstration/,eufabric cohort census,2023-09-29,not_after,no owner document on file for this rung; the cohort census is the record of looking,fail,true,https://web.archive.org/web/20230929164442/https://flexnconfu.eu/demonstration/,eufabric cohort census,2023-09-29,not_after,no owner document on file for this rung; the cohort census is the record of looking,not_searched,false,sources/hydrogen_funder_pass.json,eufabric funder pass,2026-09-17,day,"as of 2023-10-31: the document cited is dated 2026-09-17, after the cut-off, so this rung was fail on evidence that did not exist yet",fail,true,https://web.archive.org/web/20230929164442/https://flexnconfu.eu/demonstration/,eufabric cohort census,2023-09-29,not_after,no owner document on file for this rung; the cohort census is the record of looking,fail,true,https://web.archive.org/web/20230929164442/https://flexnconfu.eu/demonstration/,eufabric cohort census,2023-09-29,not_after,no owner document on file for this rung; the cohort census is the record of looking,2023-10-31
789,Hysolar Green on Road - Nieuwegein,NLD,FID/Construction,Other Electrolysis,2.0,MWel,2MW,delayed,FID/Construction,2024,"[20] Official website doesn't say anything about a first phase of 10 MW, no press release or any other information found -> delaying until 2024",yes,no,never seen by this register,yes,yes,1,pass,true,https://web.archive.org/web/20230602230058/https://www.hysolar.nl/nieuws/groene-waterstof-krijgt-vaart/,owner,2023-06-02,not_after,"census pass, hand verdict: Hysolar's own site carries the project under the heading 'Project Nieuwegein'. THIN: the naming is a section title on the owner's site and not a sentence in the release, and it is recorded as that",fail,true,https://web.archive.org/web/20230602025743/https://allesoverwaterstof.nl/mega-waterstofproject-opgestart-in-nieuwegein/,eufabric cohort census,2023-06-02,not_after,no owner document on file for this rung; the cohort census is the record of looking,fail,true,https://web.archive.org/web/20230602025743/https://allesoverwaterstof.nl/mega-waterstofproject-opgestart-in-nieuwegein/,eufabric cohort census,2023-06-02,not_after,no owner document on file for this rung; the cohort census is the record of looking,not_searched,false,sources/hydrogen_funder_pass.json,eufabric funder pass,2026-09-17,day,"as of 2023-10-31: the document cited is dated 2026-09-17, after the cut-off, so this rung was fail on evidence that did not exist yet",fail,true,https://web.archive.org/web/20230602025743/https://allesoverwaterstof.nl/mega-waterstofproject-opgestart-in-nieuwegein/,eufabric cohort census,2023-06-02,not_after,no owner document on file for this rung; the cohort census is the record of looking,fail,true,https://web.archive.org/web/20230602025743/https://allesoverwaterstof.nl/mega-waterstofproject-opgestart-in-nieuwegein/,eufabric cohort census,2023-06-02,not_after,no owner document on file for this rung; the cohort census is the record of looking,2023-10-31
792,Kopernikus 2.0,DEU,DEMO,SOEC,0.25,MWel,0.25MW,delayed,DEMO,2023,[107] 60 kW,yes,no,never seen by this register,yes,yes,0,fail,true,https://web.archive.org/web/20231002043509/https://www.kopernikus-projekte.de/projekte/p2x,eufabric cohort census,2023-10-02,not_after,census pass: the sources read name no site at municipality or finer,fail,true,https://web.archive.org/web/20231002043509/https://www.kopernikus-projekte.de/projekte/p2x,eufabric cohort census,2023-10-02,not_after,no owner document on file for this rung; the cohort census is the record of looking,fail,true,https://web.archive.org/web/20231002043509/https://www.kopernikus-projekte.de/projekte/p2x,eufabric cohort census,2023-10-02,not_after,no owner document on file for this rung; the cohort census is the record of looking,not_searched,false,sources/hydrogen_funder_pass.json,eufabric funder pass,2026-09-17,day,"as of 2023-10-31: the document cited is dated 2026-09-17, after the cut-off, so this rung was fail on evidence that did not exist yet",fail,true,https://web.archive.org/web/20231002043509/https://www.kopernikus-projekte.de/projekte/p2x,eufabric cohort census,2023-10-02,not_after,no owner document on file for this rung; the cohort census is the record of looking,fail,true,https://web.archive.org/web/20231002043509/https://www.kopernikus-projekte.de/projekte/p2x,eufabric cohort census,2023-10-02,not_after,no owner document on file for this rung; the cohort census is the record of looking,2023-10-31
793,E-CO2MET Raffinerie Mitteldeutschland,DEU,DEMO,SOEC,1.0,MWel,1MW,delayed,DEMO,2023,"[76] ""Der Hochtemperaturelektrolyseur von Sunfire ist mit einer Eingangsleistung von 1 MW vergleichsweise klein. Sunfire bestätigt, dass er seit Februar 2023 in Betrieb ist.""",yes,no,never seen by this register,yes,yes,0,fail,true,https://web.archive.org/web/20201017154957/https://www.sunfire.de/en/company/news/detail/sunfire-partners-with-total-on-highly-efficient-hydrogen-technology,eufabric cohort census,2020-10-17,not_after,census pass: the sources read name no site at municipality or finer,fail,true,https://web.archive.org/web/20201017154957/https://www.sunfire.de/en/company/news/detail/sunfire-partners-with-total-on-highly-efficient-hydrogen-technology,eufabric cohort census,2020-10-17,not_after,no owner document on file for this rung; the cohort census is the record of looking,fail,true,https://web.archive.org/web/20201017154957/https://www.sunfire.de/en/company/news/detail/sunfire-partners-with-total-on-highly-efficient-hydrogen-technology,eufabric cohort census,2020-10-17,not_after,no owner document on file for this rung; the cohort census is the record of looking,not_searched,false,sources/hydrogen_funder_pass.json,eufabric funder pass,2026-09-17,day,"as of 2023-10-31: the document cited is dated 2026-09-17, after the cut-off, so this rung was fail on evidence that did not exist yet",fail,true,https://web.archive.org/web/20201017154957/https://www.sunfire.de/en/company/news/detail/sunfire-partners-with-total-on-highly-efficient-hydrogen-technology,eufabric cohort census,2020-10-17,not_after,no owner document on file for this rung; the cohort census is the record of looking,fail,true,https://web.archive.org/web/20201017154957/https://www.sunfire.de/en/company/news/detail/sunfire-partners-with-total-on-highly-efficient-hydrogen-technology,eufabric cohort census,2020-10-17,not_after,no owner document on file for this rung; the cohort census is the record of looking,2023-10-31
837,Producing Hydrogen by Gasification of Biomass in 'het Groene Hart' - GH2,NLD,DEMO,Biomass,,,1.2MW,not assessed,,,,no,no,never seen by this register,yes,no,0,fail,true,sources/hydrogen_cohort_census.json,eufabric cohort census,2023-10-31,day,census pass: no reference of this entry answered a declared reader,fail,true,sources/hydrogen_cohort_census.json,eufabric cohort census,2023-10-31,day,no owner document on file for this rung; the cohort census is the record of looking,fail,true,sources/hydrogen_cohort_census.json,eufabric cohort census,2023-10-31,day,no owner document on file for this rung; the cohort census is the record of looking,not_searched,false,sources/hydrogen_funder_pass.json,eufabric funder pass,2026-09-17,day,"as of 2023-10-31: the document cited is dated 2026-09-17, after the cut-off, so this rung was fail on evidence that did not exist yet",fail,true,sources/hydrogen_cohort_census.json,eufabric cohort census,2023-10-31,day,no owner document on file for this rung; the cohort census is the record of looking,fail,true,sources/hydrogen_cohort_census.json,eufabric cohort census,2023-10-31,day,no owner document on file for this rung; the cohort census is the record of looking,2023-10-31
850,Green lab skive (Phase I),DNK,FID/Construction,Other Electrolysis,6.0,MWel,6MW,on time,Operational,2023,[30] The 6 MW is a testing unit for further scale-up and was installed in 2023 -> counting as operational,yes,no,never seen by this register,yes,yes,1,pass,true,https://web.archive.org/web/20230529215735/https://www.greenlab.dk/knowledge/denmark-s-first-large-scale-electrolyser-module-delivered/,owner,2023-05-29,not_after,"census pass, hand verdict: 'a 6MW test module for Power-to-X production was delivered to the green industrial park, GreenLab in Skive, Denmark'",fail,true,https://web.archive.org/web/20210803195009/https://fuelcellsworks.com/news/danish-company-greenlab-to-create-worlds-largest-scale-production-facility-for-green-hydrogen/,eufabric cohort census,2021-08-03,not_after,no owner document on file for this rung; the cohort census is the record of looking,fail,true,https://web.archive.org/web/20210803195009/https://fuelcellsworks.com/news/danish-company-greenlab-to-create-worlds-largest-scale-production-facility-for-green-hydrogen/,eufabric cohort census,2021-08-03,not_after,no owner document on file for this rung; the cohort census is the record of looking,not_searched,false,sources/hydrogen_funder_pass.json,eufabric funder pass,2026-09-17,day,"as of 2023-10-31: the document cited is dated 2026-09-17, after the cut-off, so this rung was fail on evidence that did not exist yet",fail,true,https://web.archive.org/web/20210803195009/https://fuelcellsworks.com/news/danish-company-greenlab-to-create-worlds-largest-scale-production-facility-for-green-hydrogen/,eufabric cohort census,2021-08-03,not_after,no owner document on file for this rung; the cohort census is the record of looking,fail,true,https://web.archive.org/web/20210803195009/https://fuelcellsworks.com/news/danish-company-greenlab-to-create-worlds-largest-scale-production-facility-for-green-hydrogen/,eufabric cohort census,2021-08-03,not_after,no owner document on file for this rung; the cohort census is the record of looking,2023-10-31
938,Abanto Technology Park,ESP,Operational,ALk,2.5,MWel,2.5MW,on time,Operational,2023,,yes,no,never seen by this register,yes,yes,0,fail,true,https://web.archive.org/web/20231001183053/https://fuelcellsworks.com/news/basque-hydrogen-corridor-unveiled-a-e1-3billion-hydrogen-project/,eufabric cohort census,2023-10-01,not_after,census pass: the sources read name no site at municipality or finer,fail,true,https://web.archive.org/web/20231001183053/https://fuelcellsworks.com/news/basque-hydrogen-corridor-unveiled-a-e1-3billion-hydrogen-project/,eufabric cohort census,2023-10-01,not_after,no owner document on file for this rung; the cohort census is the record of looking,fail,true,https://web.archive.org/web/20231001183053/https://fuelcellsworks.com/news/basque-hydrogen-corridor-unveiled-a-e1-3billion-hydrogen-project/,eufabric cohort census,2023-10-01,not_after,no owner document on file for this rung; the cohort census is the record of looking,not_searched,false,sources/hydrogen_funder_pass.json,eufabric funder pass,2026-09-17,day,"as of 2023-10-31: the document cited is dated 2026-09-17, after the cut-off, so this rung was fail on evidence that did not exist yet",fail,true,https://web.archive.org/web/20231001183053/https://fuelcellsworks.com/news/basque-hydrogen-corridor-unveiled-a-e1-3billion-hydrogen-project/,eufabric cohort census,2023-10-01,not_after,no owner document on file for this rung; the cohort census is the record of looking,fail,true,https://web.archive.org/web/20231001183053/https://fuelcellsworks.com/news/basque-hydrogen-corridor-unveiled-a-e1-3billion-hydrogen-project/,eufabric cohort census,2023-10-01,not_after,no owner document on file for this rung; the cohort census is the record of looking,2023-10-31
993,Aquamarine,HUN,Operational,PEM,2.0,MWel,2MW,on time,Operational,2023,,yes,no,never seen by this register,yes,yes,1,pass,true,https://web.archive.org/web/20230418104431/https://mfgt.hu/en/Akvamarin,owner,2023-04-18,not_after,"census pass, hand verdict: 'the on-site civil, mechanical, electrical and instrumentation/process control construction works of the Aquamarine project were completed at the Kardoskut UGS'",fail,true,https://web.archive.org/web/20230418104431/https://mfgt.hu/en/Akvamarin,eufabric cohort census,2023-04-18,not_after,no owner document on file for this rung; the cohort census is the record of looking,fail,true,https://web.archive.org/web/20230418104431/https://mfgt.hu/en/Akvamarin,eufabric cohort census,2023-04-18,not_after,no owner document on file for this rung; the cohort census is the record of looking,not_searched,false,sources/hydrogen_funder_pass.json,eufabric funder pass,2026-09-17,day,"as of 2023-10-31: the document cited is dated 2026-09-17, after the cut-off, so this rung was fail on evidence that did not exist yet",fail,true,https://web.archive.org/web/20230418104431/https://mfgt.hu/en/Akvamarin,eufabric cohort census,2023-04-18,not_after,no owner document on file for this rung; the cohort census is the record of looking,fail,true,https://web.archive.org/web/20230418104431/https://mfgt.hu/en/Akvamarin,eufabric cohort census,2023-04-18,not_after,no owner document on file for this rung; the cohort census is the record of looking,2023-10-31
1005,Rossello paper factory,ESP,Feasibility study,Other Electrolysis,,,,not assessed,,,,no,no,never seen by this register,yes,yes,0,fail,true,https://web.archive.org/web/20210322205007/https://www.segre.com/es/noticias/comarcas/2021/03/21/impulsan_una_planta_pionera_lleida_para_obtener_hidrogeno_usarlo_como_combustible_129129_1091.html,eufabric cohort census,2021-03-22,not_after,census pass: the sources read name no site at municipality or finer,fail,true,https://web.archive.org/web/20210322205007/https://www.segre.com/es/noticias/comarcas/2021/03/21/impulsan_una_planta_pionera_lleida_para_obtener_hidrogeno_usarlo_como_combustible_129129_1091.html,eufabric cohort census,2021-03-22,not_after,no owner document on file for this rung; the cohort census is the record of looking,fail,true,https://web.archive.org/web/20210322205007/https://www.segre.com/es/noticias/comarcas/2021/03/21/impulsan_una_planta_pionera_lleida_para_obtener_hidrogeno_usarlo_como_combustible_129129_1091.html,eufabric cohort census,2021-03-22,not_after,no owner document on file for this rung; the cohort census is the record of looking,not_searched,false,sources/hydrogen_funder_pass.json,eufabric funder pass,2026-09-17,day,"as of 2023-10-31: the document cited is dated 2026-09-17, after the cut-off, so this rung was fail on evidence that did not exist yet",fail,true,https://web.archive.org/web/20210322205007/https://www.segre.com/es/noticias/comarcas/2021/03/21/impulsan_una_planta_pionera_lleida_para_obtener_hidrogeno_usarlo_como_combustible_129129_1091.html,eufabric cohort census,2021-03-22,not_after,no owner document on file for this rung; the cohort census is the record of looking,fail,true,https://web.archive.org/web/20210322205007/https://www.segre.com/es/noticias/comarcas/2021/03/21/impulsan_una_planta_pionera_lleida_para_obtener_hidrogeno_usarlo_como_combustible_129129_1091.html,eufabric cohort census,2021-03-22,not_after,no owner document on file for this rung; the cohort census is the record of looking,2023-10-31
1022,H2Pioneer - H2 Carinthia,AUT,FID/Construction,PEM,2.0,MWel,2MW,delayed,FID/Construction,2024,"[65] Electrolyser delivered | [66] ""Wasserstoff soll in Villach aus erneuerbarer Energie hergestellt und in der Produktion verwendet werden, Testbetrieb startet 2024""",yes,no,never seen by this register,yes,yes,0,fail,true,https://web.archive.org/web/20220301062301/https://www.wiva.at/v2/portfolio-item/h2pioneer-pave-the-way-for-green-hydrogen-for-early-adopters-in-the-light-industry/?lang=en,eufabric cohort census,2022-03-01,not_after,census pass: the sources read name no site at municipality or finer,fail,true,https://web.archive.org/web/20220301062301/https://www.wiva.at/v2/portfolio-item/h2pioneer-pave-the-way-for-green-hydrogen-for-early-adopters-in-the-light-industry/?lang=en,eufabric cohort census,2022-03-01,not_after,no owner document on file for this rung; the cohort census is the record of looking,fail,true,https://web.archive.org/web/20220301062301/https://www.wiva.at/v2/portfolio-item/h2pioneer-pave-the-way-for-green-hydrogen-for-early-adopters-in-the-light-industry/?lang=en,eufabric cohort census,2022-03-01,not_after,no owner document on file for this rung; the cohort census is the record of looking,not_searched,false,sources/hydrogen_funder_pass.json,eufabric funder pass,2026-09-17,day,"as of 2023-10-31: the document cited is dated 2026-09-17, after the cut-off, so this rung was fail on evidence that did not exist yet",fail,true,https://web.archive.org/web/20220301062301/https://www.wiva.at/v2/portfolio-item/h2pioneer-pave-the-way-for-green-hydrogen-for-early-adopters-in-the-light-industry/?lang=en,eufabric cohort census,2022-03-01,not_after,no owner document on file for this rung; the cohort census is the record of looking,fail,true,https://web.archive.org/web/20220301062301/https://www.wiva.at/v2/portfolio-item/h2pioneer-pave-the-way-for-green-hydrogen-for-early-adopters-in-the-light-industry/?lang=en,eufabric cohort census,2022-03-01,not_after,no owner document on file for this rung; the cohort census is the record of looking,2023-10-31
1029,Birsfelden power plant,CHE,FID/Construction,Other Electrolysis,2.5,MWel,2.5MW,delayed,FID/Construction,2026,"[53] Original source points to wrong project, project in Birsfelden was first cancelled, now delayed and increased to 15 MW by 2026",yes,no,never seen by this register,yes,yes,0,fail,true,https://web.archive.org/web/20230330115415/https://www.world-energy.org/article/29081.html,eufabric cohort census,2023-03-30,not_after,census pass: the sources read name no site at municipality or finer,fail,true,https://web.archive.org/web/20230330115415/https://www.world-energy.org/article/29081.html,eufabric cohort census,2023-03-30,not_after,no owner document on file for this rung; the cohort census is the record of looking,fail,true,https://web.archive.org/web/20230330115415/https://www.world-energy.org/article/29081.html,eufabric cohort census,2023-03-30,not_after,no owner document on file for this rung; the cohort census is the record of looking,not_searched,false,sources/hydrogen_funder_pass.json,eufabric funder pass,2026-09-17,day,"as of 2023-10-31: the document cited is dated 2026-09-17, after the cut-off, so this rung was fail on evidence that did not exist yet",fail,true,https://web.archive.org/web/20230330115415/https://www.world-energy.org/article/29081.html,eufabric cohort census,2023-03-30,not_after,no owner document on file for this rung; the cohort census is the record of looking,fail,true,https://web.archive.org/web/20230330115415/https://www.world-energy.org/article/29081.html,eufabric cohort census,2023-03-30,not_after,no owner document on file for this rung; the cohort census is the record of looking,2023-10-31
1033,Greening of Gas (GoG) - Net4Gas DEMO,CZE,Feasibility study,Other Electrolysis,0.44999999999999996,MWel,50m3 CH4/h,delayed,Feasibility study,2024,[104] No up-to-date information found -> delayed,no,no,never seen by this register,yes,no,0,fail,true,sources/hydrogen_cohort_census.json,eufabric cohort census,2023-10-31,day,census pass: no reference of this entry answered a declared reader,fail,true,sources/hydrogen_cohort_census.json,eufabric cohort census,2023-10-31,day,no owner document on file for this rung; the cohort census is the record of looking,fail,true,sources/hydrogen_cohort_census.json,eufabric cohort census,2023-10-31,day,no owner document on file for this rung; the cohort census is the record of looking,not_searched,false,sources/hydrogen_funder_pass.json,eufabric funder pass,2026-09-17,day,"as of 2023-10-31: the document cited is dated 2026-09-17, after the cut-off, so this rung was fail on evidence that did not exist yet",fail,true,sources/hydrogen_cohort_census.json,eufabric cohort census,2023-10-31,day,no owner document on file for this rung; the cohort census is the record of looking,fail,true,sources/hydrogen_cohort_census.json,eufabric cohort census,2023-10-31,day,no owner document on file for this rung; the cohort census is the record of looking,2023-10-31
1064,Vallée Hydrogène Grand Ouest (VHyGO) - Saint-Nazaire,FRA,Operational,Other Electrolysis,1.5,MWel,1.5MW,on time,Operational,2022,[71] Already operational since 2022,no,no,never seen by this register,yes,yes,0,fail,true,https://web.archive.org/web/20211018200557/https://www.h2-mobile.fr/actus/hygo-station-hydrogene-vannes-ouvrira-octobre-2021/,eufabric cohort census,2021-10-18,not_after,census pass: the sources read name no site at municipality or finer,fail,true,https://web.archive.org/web/20211018200557/https://www.h2-mobile.fr/actus/hygo-station-hydrogene-vannes-ouvrira-octobre-2021/,eufabric cohort census,2021-10-18,not_after,no owner document on file for this rung; the cohort census is the record of looking,fail,true,https://web.archive.org/web/20211018200557/https://www.h2-mobile.fr/actus/hygo-station-hydrogene-vannes-ouvrira-octobre-2021/,eufabric cohort census,2021-10-18,not_after,no owner document on file for this rung; the cohort census is the record of looking,not_searched,false,sources/hydrogen_funder_pass.json,eufabric funder pass,2026-09-17,day,"as of 2023-10-31: the document cited is dated 2026-09-17, after the cut-off, so this rung was fail on evidence that did not exist yet",fail,true,https://web.archive.org/web/20211018200557/https://www.h2-mobile.fr/actus/hygo-station-hydrogene-vannes-ouvrira-octobre-2021/,eufabric cohort census,2021-10-18,not_after,no owner document on file for this rung; the cohort census is the record of looking,fail,true,https://web.archive.org/web/20211018200557/https://www.h2-mobile.fr/actus/hygo-station-hydrogene-vannes-ouvrira-octobre-2021/,eufabric cohort census,2021-10-18,not_after,no owner document on file for this rung; the cohort census is the record of looking,2023-10-31
1091,SmartQuart project - Kaisersesch ,DEU,FID/Construction,PEM,1.0,MWel,1MW,on time,Operational,2023,[77] Operational,no,no,never seen by this register,yes,yes,0,fail,true,https://web.archive.org/web/20230930163653/https://gtt.fr/news/elogen-selected-equip-smartquart-project-led-eon-germany,eufabric cohort census,2023-09-30,not_after,census pass: the sources read name no site at municipality or finer,fail,true,https://web.archive.org/web/20230930163653/https://gtt.fr/news/elogen-selected-equip-smartquart-project-led-eon-germany,eufabric cohort census,2023-09-30,not_after,no owner document on file for this rung; the cohort census is the record of looking,fail,true,https://web.archive.org/web/20230930163653/https://gtt.fr/news/elogen-selected-equip-smartquart-project-led-eon-germany,eufabric cohort census,2023-09-30,not_after,no owner document on file for this rung; the cohort census is the record of looking,not_searched,false,sources/hydrogen_funder_pass.json,eufabric funder pass,2026-09-17,day,"as of 2023-10-31: the document cited is dated 2026-09-17, after the cut-off, so this rung was fail on evidence that did not exist yet",fail,true,https://web.archive.org/web/20230930163653/https://gtt.fr/news/elogen-selected-equip-smartquart-project-led-eon-germany,eufabric cohort census,2023-09-30,not_after,no owner document on file for this rung; the cohort census is the record of looking,fail,true,https://web.archive.org/web/20230930163653/https://gtt.fr/news/elogen-selected-equip-smartquart-project-led-eon-germany,eufabric cohort census,2023-09-30,not_after,no owner document on file for this rung; the cohort census is the record of looking,2023-10-31
1121,Hydrogen Wind Turbine,NLD,FID/Construction,Other Electrolysis,2.3,MWel,2.3MW,on time,Operational,2021,"[56] ""Since 2021, the hydrogen turbine at the ECN Wind Turbine Test Field Wieringermeer has been operating.""",yes,no,never seen by this register,yes,no,0,fail,true,sources/hydrogen_cohort_census.json,eufabric cohort census,2023-10-31,day,census pass: no reference of this entry answered a declared reader,fail,true,sources/hydrogen_cohort_census.json,eufabric cohort census,2023-10-31,day,no owner document on file for this rung; the cohort census is the record of looking,fail,true,sources/hydrogen_cohort_census.json,eufabric cohort census,2023-10-31,day,no owner document on file for this rung; the cohort census is the record of looking,not_searched,false,sources/hydrogen_funder_pass.json,eufabric funder pass,2026-09-17,day,"as of 2023-10-31: the document cited is dated 2026-09-17, after the cut-off, so this rung was fail on evidence that did not exist yet",fail,true,sources/hydrogen_cohort_census.json,eufabric cohort census,2023-10-31,day,no owner document on file for this rung; the cohort census is the record of looking,fail,true,sources/hydrogen_cohort_census.json,eufabric cohort census,2023-10-31,day,no owner document on file for this rung; the cohort census is the record of looking,2023-10-31
1156,Hydrogen Lab Bremerhaven (phase 1),DEU,FID/Construction,Other Electrolysis,2.0,MWel,2MW,on time,Operational,2023,"[67] Electrolyser delivered, research facility, therefore counting delivery as operational",yes,no,never seen by this register,yes,yes,0,fail,true,https://web.archive.org/web/20210528051243/https://hydrogen-central.com/hydrogen-lab-leuna-starts-operations-germany/,eufabric cohort census,2021-05-28,not_after,census pass: the sources read name no site at municipality or finer,fail,true,https://web.archive.org/web/20210528051243/https://hydrogen-central.com/hydrogen-lab-leuna-starts-operations-germany/,eufabric cohort census,2021-05-28,not_after,no owner document on file for this rung; the cohort census is the record of looking,fail,true,https://web.archive.org/web/20210528051243/https://hydrogen-central.com/hydrogen-lab-leuna-starts-operations-germany/,eufabric cohort census,2021-05-28,not_after,no owner document on file for this rung; the cohort census is the record of looking,not_searched,false,sources/hydrogen_funder_pass.json,eufabric funder pass,2026-09-17,day,"as of 2023-10-31: the document cited is dated 2026-09-17, after the cut-off, so this rung was fail on evidence that did not exist yet",fail,true,https://web.archive.org/web/20210528051243/https://hydrogen-central.com/hydrogen-lab-leuna-starts-operations-germany/,eufabric cohort census,2021-05-28,not_after,no owner document on file for this rung; the cohort census is the record of looking,fail,true,https://web.archive.org/web/20210528051243/https://hydrogen-central.com/hydrogen-lab-leuna-starts-operations-germany/,eufabric cohort census,2021-05-28,not_after,no owner document on file for this rung; the cohort census is the record of looking,2023-10-31
1184,Sealhyfe,FRA,Operational,PEM,1.0,MWel,"1MW, 400 kg H2/d",on time,Operational,2023,"[78] ""As of 20 June 2023, the platform began producing its first kilos of offshore hydrogen""",yes,no,never seen by this register,yes,yes,0,fail,true,https://web.archive.org/web/20230324091025/https://www.azocleantech.com/article.aspx?ArticleID=1254,eufabric cohort census,2023-03-24,not_after,census pass: the sources read name no site at municipality or finer,fail,true,https://web.archive.org/web/20230324091025/https://www.azocleantech.com/article.aspx?ArticleID=1254,eufabric cohort census,2023-03-24,not_after,no owner document on file for this rung; the cohort census is the record of looking,fail,true,https://web.archive.org/web/20230324091025/https://www.azocleantech.com/article.aspx?ArticleID=1254,eufabric cohort census,2023-03-24,not_after,no owner document on file for this rung; the cohort census is the record of looking,not_searched,false,sources/hydrogen_funder_pass.json,eufabric funder pass,2026-09-17,day,"as of 2023-10-31: the document cited is dated 2026-09-17, after the cut-off, so this rung was fail on evidence that did not exist yet",fail,true,https://web.archive.org/web/20230324091025/https://www.azocleantech.com/article.aspx?ArticleID=1254,eufabric cohort census,2023-03-24,not_after,no owner document on file for this rung; the cohort census is the record of looking,fail,true,https://web.archive.org/web/20230324091025/https://www.azocleantech.com/article.aspx?ArticleID=1254,eufabric cohort census,2023-03-24,not_after,no owner document on file for this rung; the cohort census is the record of looking,2023-10-31
1187,Hofors rolling project,SWE,Operational,ALK,20.0,MWel,20 MW,on time,Operational,2023,"[17] ""On September 5, 2023, the world's first plant for fossil-free hydrogen for heating steel before rolling was inaugurated."", ""Sweden’s largest electrolysis plant, being rated at 20 MW""",yes,no,never seen by this register,yes,yes,1,pass,true,https://web.archive.org/web/20231025092756/https://www.ovako.com/en/about-ovako/our-hydrogen-plant/,owner,2023-10-25,not_after,"census pass, hand verdict: 'The new plant in Hofors starts a new chapter in Swedish steel history ... the electrolyzer ... will be installed at Ovako's site in Hofors'",fail,true,https://web.archive.org/web/20230329040818/https://renewablesnow.com/news/swedish-steel-mill-to-install-17-mw-hydrogen-plant-745424/,eufabric cohort census,2023-03-29,not_after,no owner document on file for this rung; the cohort census is the record of looking,fail,true,https://web.archive.org/web/20230329040818/https://renewablesnow.com/news/swedish-steel-mill-to-install-17-mw-hydrogen-plant-745424/,eufabric cohort census,2023-03-29,not_after,no owner document on file for this rung; the cohort census is the record of looking,not_searched,false,sources/hydrogen_funder_pass.json,eufabric funder pass,2026-09-17,day,"as of 2023-10-31: the document cited is dated 2026-09-17, after the cut-off, so this rung was fail on evidence that did not exist yet",fail,true,https://web.archive.org/web/20230329040818/https://renewablesnow.com/news/swedish-steel-mill-to-install-17-mw-hydrogen-plant-745424/,eufabric cohort census,2023-03-29,not_after,no owner document on file for this rung; the cohort census is the record of looking,fail,true,https://web.archive.org/web/20230329040818/https://renewablesnow.com/news/swedish-steel-mill-to-install-17-mw-hydrogen-plant-745424/,eufabric cohort census,2023-03-29,not_after,no owner document on file for this rung; the cohort census is the record of looking,2023-10-31
1273,"Trailblazer - Siemens-Air Liquide Oberhausen, Phase 1",DEU,FID/Construction,PEM,20.0,MWel,20MW,delayed,FID/Construction,2024,"[16] ""Air Liquide’s Trailblazer 20 MW large-scale electrolyzer project is reaching completion"", but has not been inaugurated yet -> delayed to 2024",yes,no,never seen by this register,yes,yes,1,pass,true,https://web.archive.org/web/20230324185959/https://www.airliquide.com/group/press-releases-news/2021-07-29/air-liquide-transforms-its-network-germany-connecting-large-electrolyzer-producing-renewable,owner,2023-03-24,not_after,"census pass, hand verdict: 'Air Liquide is planning to build in Oberhausen, Germany, a renewable hydrogen production plant by electrolysis'",fail,true,https://web.archive.org/web/20230324185959/https://www.airliquide.com/group/press-releases-news/2021-07-29/air-liquide-transforms-its-network-germany-connecting-large-electrolyzer-producing-renewable,eufabric cohort census,2023-03-24,not_after,no owner document on file for this rung; the cohort census is the record of looking,fail,true,https://web.archive.org/web/20230324185959/https://www.airliquide.com/group/press-releases-news/2021-07-29/air-liquide-transforms-its-network-germany-connecting-large-electrolyzer-producing-renewable,eufabric cohort census,2023-03-24,not_after,no owner document on file for this rung; the cohort census is the record of looking,not_searched,false,sources/hydrogen_funder_pass.json,eufabric funder pass,2026-09-17,day,"as of 2023-10-31: the document cited is dated 2026-09-17, after the cut-off, so this rung was fail on evidence that did not exist yet",fail,true,https://web.archive.org/web/20230324185959/https://www.airliquide.com/group/press-releases-news/2021-07-29/air-liquide-transforms-its-network-germany-connecting-large-electrolyzer-producing-renewable,eufabric cohort census,2023-03-24,not_after,no owner document on file for this rung; the cohort census is the record of looking,fail,true,https://web.archive.org/web/20230324185959/https://www.airliquide.com/group/press-releases-news/2021-07-29/air-liquide-transforms-its-network-germany-connecting-large-electrolyzer-producing-renewable,eufabric cohort census,2023-03-24,not_after,no owner document on file for this rung; the cohort census is the record of looking,2023-10-31
1277,Wintershall Dea - VNG Turquoise H2 project,DEU,DEMO,Other,,,400kg H2/d,not assessed,,,,no,no,never seen by this register,yes,yes,0,fail,true,https://web.archive.org/web/20230325004100/https://wintershalldea.com/en/newsroom/wintershall-dea-and-vng-jointly-invest-hydrogen-pilot-project,eufabric cohort census,2023-03-25,not_after,census pass: the sources read name no site at municipality or finer,fail,true,https://web.archive.org/web/20230325004100/https://wintershalldea.com/en/newsroom/wintershall-dea-and-vng-jointly-invest-hydrogen-pilot-project,eufabric cohort census,2023-03-25,not_after,no owner document on file for this rung; the cohort census is the record of looking,fail,true,https://web.archive.org/web/20230325004100/https://wintershalldea.com/en/newsroom/wintershall-dea-and-vng-jointly-invest-hydrogen-pilot-project,eufabric cohort census,2023-03-25,not_after,no owner document on file for this rung; the cohort census is the record of looking,not_searched,false,sources/hydrogen_funder_pass.json,eufabric funder pass,2026-09-17,day,"as of 2023-10-31: the document cited is dated 2026-09-17, after the cut-off, so this rung was fail on evidence that did not exist yet",fail,true,https://web.archive.org/web/20230325004100/https://wintershalldea.com/en/newsroom/wintershall-dea-and-vng-jointly-invest-hydrogen-pilot-project,eufabric cohort census,2023-03-25,not_after,no owner document on file for this rung; the cohort census is the record of looking,fail,true,https://web.archive.org/web/20230325004100/https://wintershalldea.com/en/newsroom/wintershall-dea-and-vng-jointly-invest-hydrogen-pilot-project,eufabric cohort census,2023-03-25,not_after,no owner document on file for this rung; the cohort census is the record of looking,2023-10-31
1288,Energy-Norweigian Catapult Centre,NOR,Operational,ALK,0.9,MWel,0.9MW,on time,Operational,2023,"[93] ""From Q2 2023, Stord Hydrogen AS's hydrogen plant entered into to normal operation.""",no,no,never seen by this register,yes,yes,1,pass,true,https://web.archive.org/web/20230530085641/https://hydrogensolutions.no/en/starter-gronn-hydrogenproduksjon-vestlandet/,owner,2023-05-30,not_after,"census pass, hand verdict: 'Newly started Stord Hydrogen can produce 140 tonnes of green hydrogen every year'",fail,true,https://web.archive.org/web/20230530085641/https://hydrogensolutions.no/en/starter-gronn-hydrogenproduksjon-vestlandet/,eufabric cohort census,2023-05-30,not_after,no owner document on file for this rung; the cohort census is the record of looking,fail,true,https://web.archive.org/web/20230530085641/https://hydrogensolutions.no/en/starter-gronn-hydrogenproduksjon-vestlandet/,eufabric cohort census,2023-05-30,not_after,no owner document on file for this rung; the cohort census is the record of looking,not_searched,false,sources/hydrogen_funder_pass.json,eufabric funder pass,2026-09-17,day,"as of 2023-10-31: the document cited is dated 2026-09-17, after the cut-off, so this rung was fail on evidence that did not exist yet",fail,true,https://web.archive.org/web/20230530085641/https://hydrogensolutions.no/en/starter-gronn-hydrogenproduksjon-vestlandet/,eufabric cohort census,2023-05-30,not_after,no owner document on file for this rung; the cohort census is the record of looking,fail,true,https://web.archive.org/web/20230530085641/https://hydrogensolutions.no/en/starter-gronn-hydrogenproduksjon-vestlandet/,eufabric cohort census,2023-05-30,not_after,no owner document on file for this rung; the cohort census is the record of looking,2023-10-31
1294,Octopus Hydrogen - MIRA Technology Park,GBR,FID/Construction,ALK,0.9,MWel,0.9MW,disappeared,FID/Construction,,"[94] This is the same project as ""Energy Hub at MIRA Technology Park.""",yes,no,never seen by this register,yes,yes,0,fail,true,https://web.archive.org/web/20230201192846/https://www.spglobal.com/commodityinsights/en/market-insights/latest-news/electric-power/020123-interview-uks-octopus-hydrogen-seeks-to-unseat-conventional-production-diesel-in-transport,eufabric cohort census,2023-02-01,not_after,census pass: the sources read name no site at municipality or finer,fail,true,https://web.archive.org/web/20230201192846/https://www.spglobal.com/commodityinsights/en/market-insights/latest-news/electric-power/020123-interview-uks-octopus-hydrogen-seeks-to-unseat-conventional-production-diesel-in-transport,eufabric cohort census,2023-02-01,not_after,no owner document on file for this rung; the cohort census is the record of looking,fail,true,https://web.archive.org/web/20230201192846/https://www.spglobal.com/commodityinsights/en/market-insights/latest-news/electric-power/020123-interview-uks-octopus-hydrogen-seeks-to-unseat-conventional-production-diesel-in-transport,eufabric cohort census,2023-02-01,not_after,no owner document on file for this rung; the cohort census is the record of looking,not_searched,false,sources/hydrogen_funder_pass.json,eufabric funder pass,2026-09-17,day,"as of 2023-10-31: the document cited is dated 2026-09-17, after the cut-off, so this rung was fail on evidence that did not exist yet",fail,true,https://web.archive.org/web/20230201192846/https://www.spglobal.com/commodityinsights/en/market-insights/latest-news/electric-power/020123-interview-uks-octopus-hydrogen-seeks-to-unseat-conventional-production-diesel-in-transport,eufabric cohort census,2023-02-01,not_after,no owner document on file for this rung; the cohort census is the record of looking,fail,true,https://web.archive.org/web/20230201192846/https://www.spglobal.com/commodityinsights/en/market-insights/latest-news/electric-power/020123-interview-uks-octopus-hydrogen-seeks-to-unseat-conventional-production-diesel-in-transport,eufabric cohort census,2023-02-01,not_after,no owner document on file for this rung; the cohort census is the record of looking,2023-10-31
1301,H2 Évora - GreenGas II,PRT,FID/Construction,PEM,0.3001385254732954,MWel,60t H2/y,on time,Operational,2023,"[106] "" which began with the Company’s demonstration projects in Evora"" -> sounds like the demonstration project is finished",yes,no,never seen by this register,yes,yes,0,fail,true,https://web.archive.org/web/20230201124324/https://hydrogen-central.com/fusion-fuel-signs-green-hydrogen-offtake-agreement-portuguese-gas-utility-dourogas/,eufabric cohort census,2023-02-01,not_after,census pass: the sources read name no site at municipality or finer,fail,true,https://web.archive.org/web/20230201124324/https://hydrogen-central.com/fusion-fuel-signs-green-hydrogen-offtake-agreement-portuguese-gas-utility-dourogas/,eufabric cohort census,2023-02-01,not_after,no owner document on file for this rung; the cohort census is the record of looking,fail,true,https://web.archive.org/web/20230201124324/https://hydrogen-central.com/fusion-fuel-signs-green-hydrogen-offtake-agreement-portuguese-gas-utility-dourogas/,eufabric cohort census,2023-02-01,not_after,no owner document on file for this rung; the cohort census is the record of looking,not_searched,false,sources/hydrogen_funder_pass.json,eufabric funder pass,2026-09-17,day,"as of 2023-10-31: the document cited is dated 2026-09-17, after the cut-off, so this rung was fail on evidence that did not exist yet",fail,true,https://web.archive.org/web/20230201124324/https://hydrogen-central.com/fusion-fuel-signs-green-hydrogen-offtake-agreement-portuguese-gas-utility-dourogas/,eufabric cohort census,2023-02-01,not_after,no owner document on file for this rung; the cohort census is the record of looking,fail,true,https://web.archive.org/web/20230201124324/https://hydrogen-central.com/fusion-fuel-signs-green-hydrogen-offtake-agreement-portuguese-gas-utility-dourogas/,eufabric cohort census,2023-02-01,not_after,no owner document on file for this rung; the cohort census is the record of looking,2023-10-31
1314,Heroya Industrial Park,NOR,FID/Construction,ALK,5.5,MWel,5.5 MW or 1100 Nm3 H2/hour,on time,Operational,2023,"[31] 5.5 MW testing unit, counting as operational in 2023",yes,no,never seen by this register,yes,yes,1,pass,true,https://web.archive.org/web/20220327094045/https://eng.heroya-industripark.no/latest-news/another-green-hydrogen-investment-for-heroeya-this-could-be-big,owner,2022-03-27,not_after,"census pass, hand verdict: the park operator's own news page names Heroya Industrial Park as the site of the electrolyser test facility",fail,true,https://web.archive.org/web/20220327094045/https://eng.heroya-industripark.no/latest-news/another-green-hydrogen-investment-for-heroeya-this-could-be-big,eufabric cohort census,2022-03-27,not_after,no owner document on file for this rung; the cohort census is the record of looking,fail,true,https://web.archive.org/web/20220327094045/https://eng.heroya-industripark.no/latest-news/another-green-hydrogen-investment-for-heroeya-this-could-be-big,eufabric cohort census,2022-03-27,not_after,no owner document on file for this rung; the cohort census is the record of looking,not_searched,false,sources/hydrogen_funder_pass.json,eufabric funder pass,2026-09-17,day,"as of 2023-10-31: the document cited is dated 2026-09-17, after the cut-off, so this rung was fail on evidence that did not exist yet",fail,true,https://web.archive.org/web/20220327094045/https://eng.heroya-industripark.no/latest-news/another-green-hydrogen-investment-for-heroeya-this-could-be-big,eufabric cohort census,2022-03-27,not_after,no owner document on file for this rung; the cohort census is the record of looking,fail,true,https://web.archive.org/web/20220327094045/https://eng.heroya-industripark.no/latest-news/another-green-hydrogen-investment-for-heroeya-this-could-be-big,eufabric cohort census,2022-03-27,not_after,no owner document on file for this rung; the cohort census is the record of looking,2023-10-31
1345,Hypster,FRA,DEMO,PEM,1.0,MWel,1MW,delayed,DEMO,2023,[79] Inaugurated 15 September 2023,no,no,never seen by this register,yes,yes,0,fail,true,https://web.archive.org/web/20231003003639/https://www.h2-view.com/story/france-hypster-project-to-produce-400kg-of-green-hydrogen-daily/,eufabric cohort census,2023-10-03,not_after,census pass: the sources read name no site at municipality or finer,fail,true,https://web.archive.org/web/20231003003639/https://www.h2-view.com/story/france-hypster-project-to-produce-400kg-of-green-hydrogen-daily/,eufabric cohort census,2023-10-03,not_after,no owner document on file for this rung; the cohort census is the record of looking,fail,true,https://web.archive.org/web/20231003003639/https://www.h2-view.com/story/france-hypster-project-to-produce-400kg-of-green-hydrogen-daily/,eufabric cohort census,2023-10-03,not_after,no owner document on file for this rung; the cohort census is the record of looking,not_searched,false,sources/hydrogen_funder_pass.json,eufabric funder pass,2026-09-17,day,"as of 2023-10-31: the document cited is dated 2026-09-17, after the cut-off, so this rung was fail on evidence that did not exist yet",fail,true,https://web.archive.org/web/20231003003639/https://www.h2-view.com/story/france-hypster-project-to-produce-400kg-of-green-hydrogen-daily/,eufabric cohort census,2023-10-03,not_after,no owner document on file for this rung; the cohort census is the record of looking,fail,true,https://web.archive.org/web/20231003003639/https://www.h2-view.com/story/france-hypster-project-to-produce-400kg-of-green-hydrogen-daily/,eufabric cohort census,2023-10-03,not_after,no owner document on file for this rung; the cohort census is the record of looking,2023-10-31
1355,Port of Gothenburg - Statkraft,SWE,Feasibility study,Other Electrolysis,4.0,MWel,4MW,delayed,Feasibility study,2024,"[42] ""The planned facility will have an initial capacity of four MW"" -> doesn't sound operational yet",no,no,never seen by this register,yes,yes,1,pass,true,https://web.archive.org/web/20230529063317/https://www.goteborgshamn.se/press/pressmeddelanden/anlaggning-for-vatgasproduktion-planeras-i-goteborgs-hamn/,permitting authority,2023-05-29,not_after,"census pass, hand verdict: 'Anlaeggning foer vaetgasproduktion planeras i Goeteborgs hamn' -- the port authority names its own port as the site",fail,true,https://web.archive.org/web/20230529063317/https://www.goteborgshamn.se/press/pressmeddelanden/anlaggning-for-vatgasproduktion-planeras-i-goteborgs-hamn/,eufabric cohort census,2023-05-29,not_after,no owner document on file for this rung; the cohort census is the record of looking,fail,true,https://web.archive.org/web/20230529063317/https://www.goteborgshamn.se/press/pressmeddelanden/anlaggning-for-vatgasproduktion-planeras-i-goteborgs-hamn/,eufabric cohort census,2023-05-29,not_after,no owner document on file for this rung; the cohort census is the record of looking,not_searched,false,sources/hydrogen_funder_pass.json,eufabric funder pass,2026-09-17,day,"as of 2023-10-31: the document cited is dated 2026-09-17, after the cut-off, so this rung was fail on evidence that did not exist yet",fail,true,https://web.archive.org/web/20230529063317/https://www.goteborgshamn.se/press/pressmeddelanden/anlaggning-for-vatgasproduktion-planeras-i-goteborgs-hamn/,eufabric cohort census,2023-05-29,not_after,no owner document on file for this rung; the cohort census is the record of looking,fail,true,https://web.archive.org/web/20230529063317/https://www.goteborgshamn.se/press/pressmeddelanden/anlaggning-for-vatgasproduktion-planeras-i-goteborgs-hamn/,eufabric cohort census,2023-05-29,not_after,no owner document on file for this rung; the cohort census is the record of looking,2023-10-31
1386,Steinbeis Innovation Center Braunschweig,DEU,DEMO,Other Electrolysis,1.0,MWel,1MW,delayed,DEMO,2024,"[80] slide 22, ""in commissioning as of Feb 2024""",yes,no,never seen by this register,yes,no,0,not_searched,false,https://fuelcellsworks.com/news/first-order-placed-for-enapters-aem-multicore-megawatt-class-electrolyser-system/?mc_cid=9ed68568bf&mc_eid=da4624d261,eufabric cohort census,,day,"as of 2023-10-31: the document cited is dated nothing, after the cut-off, so this rung was fail on evidence that did not exist yet",fail,true,https://fuelcellsworks.com/news/first-order-placed-for-enapters-aem-multicore-megawatt-class-electrolyser-system/?mc_cid=9ed68568bf&mc_eid=da4624d261,eufabric cohort census,2023-10-31,day,no owner document on file for this rung; the cohort census is the record of looking,fail,true,https://fuelcellsworks.com/news/first-order-placed-for-enapters-aem-multicore-megawatt-class-electrolyser-system/?mc_cid=9ed68568bf&mc_eid=da4624d261,eufabric cohort census,2023-10-31,day,no owner document on file for this rung; the cohort census is the record of looking,not_searched,false,sources/hydrogen_funder_pass.json,eufabric funder pass,2026-09-17,day,"as of 2023-10-31: the document cited is dated 2026-09-17, after the cut-off, so this rung was fail on evidence that did not exist yet",fail,true,https://fuelcellsworks.com/news/first-order-placed-for-enapters-aem-multicore-megawatt-class-electrolyser-system/?mc_cid=9ed68568bf&mc_eid=da4624d261,eufabric cohort census,2023-10-31,day,no owner document on file for this rung; the cohort census is the record of looking,fail,true,https://fuelcellsworks.com/news/first-order-placed-for-enapters-aem-multicore-megawatt-class-electrolyser-system/?mc_cid=9ed68568bf&mc_eid=da4624d261,eufabric cohort census,2023-10-31,day,no owner document on file for this rung; the cohort census is the record of looking,2023-10-31
1391,Carlentini Energy park (Sicily),ITA,FID/Construction,ALK,4.0,MWel,4MW,delayed,FID/Construction,2025,"[43] ""The project construction is expected to commence from 2024. Subsequent to that it will enter into commercial operation by 2025.""",yes,no,never seen by this register,yes,no,0,fail,true,sources/hydrogen_cohort_census.json,eufabric cohort census,2023-10-31,day,census pass: no reference of this entry answered a declared reader,fail,true,sources/hydrogen_cohort_census.json,eufabric cohort census,2023-10-31,day,no owner document on file for this rung; the cohort census is the record of looking,fail,true,sources/hydrogen_cohort_census.json,eufabric cohort census,2023-10-31,day,no owner document on file for this rung; the cohort census is the record of looking,not_searched,false,sources/hydrogen_funder_pass.json,eufabric funder pass,2026-09-17,day,"as of 2023-10-31: the document cited is dated 2026-09-17, after the cut-off, so this rung was fail on evidence that did not exist yet",fail,true,sources/hydrogen_cohort_census.json,eufabric cohort census,2023-10-31,day,no owner document on file for this rung; the cohort census is the record of looking,fail,true,sources/hydrogen_cohort_census.json,eufabric cohort census,2023-10-31,day,no owner document on file for this rung; the cohort census is the record of looking,2023-10-31
1467,"Los Barrios coal plant, Cadiz, phase 1",ESP,FID/Construction,Other Electrolysis,5.0,MWel,5MW,delayed,FID/Construction,2024,"[34] No information on first 5 MW phase, only 130 MW by 2026 -> postpone",yes,no,never seen by this register,yes,yes,0,fail,true,https://web.archive.org/web/20230704205741/https://www.elconfidencial.com/espana/andalucia/2022-01-23/primera-planta-comercial-hidrogeno-verde-algeciras_3362444/,eufabric cohort census,2023-07-04,not_after,census pass: the sources read name no site at municipality or finer,fail,true,https://web.archive.org/web/20230704205741/https://www.elconfidencial.com/espana/andalucia/2022-01-23/primera-planta-comercial-hidrogeno-verde-algeciras_3362444/,eufabric cohort census,2023-07-04,not_after,no owner document on file for this rung; the cohort census is the record of looking,fail,true,https://web.archive.org/web/20230704205741/https://www.elconfidencial.com/espana/andalucia/2022-01-23/primera-planta-comercial-hidrogeno-verde-algeciras_3362444/,eufabric cohort census,2023-07-04,not_after,no owner document on file for this rung; the cohort census is the record of looking,not_searched,false,sources/hydrogen_funder_pass.json,eufabric funder pass,2026-09-17,day,"as of 2023-10-31: the document cited is dated 2026-09-17, after the cut-off, so this rung was fail on evidence that did not exist yet",fail,true,https://web.archive.org/web/20230704205741/https://www.elconfidencial.com/espana/andalucia/2022-01-23/primera-planta-comercial-hidrogeno-verde-algeciras_3362444/,eufabric cohort census,2023-07-04,not_after,no owner document on file for this rung; the cohort census is the record of looking,fail,true,https://web.archive.org/web/20230704205741/https://www.elconfidencial.com/espana/andalucia/2022-01-23/primera-planta-comercial-hidrogeno-verde-algeciras_3362444/,eufabric cohort census,2023-07-04,not_after,no owner document on file for this rung; the cohort census is the record of looking,2023-10-31
1478,NFC Belfort (Phase 1),FRA,FID/Construction,ALK,1.0,MWel,"1 MW, 400 kg H2/d",on time,Operational,2023,"[81] ""After having benefited from initial State aid of €3,550,380 intended to finance the installation of a 1 MW electrolyser"", ""From this year, the station, construction of which began in September 2022, will power 7 hydrogen buses to gradually reach 27 H2 buses by 2025.""",yes,no,never seen by this register,yes,no,0,not_searched,false,https://fuelcellsworks.com/news/mcphy-to-install-a-1-mw-electrolyzer-and-a-refueling-station-in-belfort-to-provide-hydrogen-for-a-fleet-of-buses/,eufabric cohort census,,day,"as of 2023-10-31: the document cited is dated nothing, after the cut-off, so this rung was fail on evidence that did not exist yet",fail,true,https://fuelcellsworks.com/news/mcphy-to-install-a-1-mw-electrolyzer-and-a-refueling-station-in-belfort-to-provide-hydrogen-for-a-fleet-of-buses/,eufabric cohort census,2023-10-31,day,no owner document on file for this rung; the cohort census is the record of looking,fail,true,https://fuelcellsworks.com/news/mcphy-to-install-a-1-mw-electrolyzer-and-a-refueling-station-in-belfort-to-provide-hydrogen-for-a-fleet-of-buses/,eufabric cohort census,2023-10-31,day,no owner document on file for this rung; the cohort census is the record of looking,not_searched,false,sources/hydrogen_funder_pass.json,eufabric funder pass,2026-09-17,day,"as of 2023-10-31: the document cited is dated 2026-09-17, after the cut-off, so this rung was fail on evidence that did not exist yet",fail,true,https://fuelcellsworks.com/news/mcphy-to-install-a-1-mw-electrolyzer-and-a-refueling-station-in-belfort-to-provide-hydrogen-for-a-fleet-of-buses/,eufabric cohort census,2023-10-31,day,no owner document on file for this rung; the cohort census is the record of looking,fail,true,https://fuelcellsworks.com/news/mcphy-to-install-a-1-mw-electrolyzer-and-a-refueling-station-in-belfort-to-provide-hydrogen-for-a-fleet-of-buses/,eufabric cohort census,2023-10-31,day,no owner document on file for this rung; the cohort census is the record of looking,2023-10-31
1482,Lhyfe-Enerparc Luckau project,DEU,Feasibility study,ALK,5.0,MWel,5MW,delayed,Feasibility study,2024,"[35] No press release or information on inauguration found -> very likely delayed, postponing to 2024",no,no,never seen by this register,yes,yes,1,pass,true,https://web.archive.org/web/20230528065348/https://www.lhyfe.com/press/lhyfe-and-enerparc-join-forces-to-produce-renewable-hydrogen-from-solar-energy/,owner,2023-05-28,not_after,"census pass, hand verdict: 'Based in Luckau, Brandenburg, this project is intended to serve industry, transport companies, filling stations and municipalities in the region'",fail,true,https://web.archive.org/web/20230528065348/https://www.lhyfe.com/press/lhyfe-and-enerparc-join-forces-to-produce-renewable-hydrogen-from-solar-energy/,eufabric cohort census,2023-05-28,not_after,no owner document on file for this rung; the cohort census is the record of looking,fail,true,https://web.archive.org/web/20230528065348/https://www.lhyfe.com/press/lhyfe-and-enerparc-join-forces-to-produce-renewable-hydrogen-from-solar-energy/,eufabric cohort census,2023-05-28,not_after,no owner document on file for this rung; the cohort census is the record of looking,not_searched,false,sources/hydrogen_funder_pass.json,eufabric funder pass,2026-09-17,day,"as of 2023-10-31: the document cited is dated 2026-09-17, after the cut-off, so this rung was fail on evidence that did not exist yet",fail,true,https://web.archive.org/web/20230528065348/https://www.lhyfe.com/press/lhyfe-and-enerparc-join-forces-to-produce-renewable-hydrogen-from-solar-energy/,eufabric cohort census,2023-05-28,not_after,no owner document on file for this rung; the cohort census is the record of looking,fail,true,https://web.archive.org/web/20230528065348/https://www.lhyfe.com/press/lhyfe-and-enerparc-join-forces-to-produce-renewable-hydrogen-from-solar-energy/,eufabric cohort census,2023-05-28,not_after,no owner document on file for this rung; the cohort census is the record of looking,2023-10-31
1487,Dorset Green H2 Project,GBR,FID/Construction,Other Electrolysis,0.9,MWel,0.9MW,on time,Operational,2023,[95] Commissioned,yes,no,never seen by this register,yes,no,0,not_searched,false,https://www.dorsetlep.co.uk/dorset-green-h2,eufabric cohort census,,day,"as of 2023-10-31: the document cited is dated nothing, after the cut-off, so this rung was fail on evidence that did not exist yet",fail,true,https://www.dorsetlep.co.uk/dorset-green-h2,eufabric cohort census,2023-10-31,day,no owner document on file for this rung; the cohort census is the record of looking,fail,true,https://www.dorsetlep.co.uk/dorset-green-h2,eufabric cohort census,2023-10-31,day,no owner document on file for this rung; the cohort census is the record of looking,not_searched,false,sources/hydrogen_funder_pass.json,eufabric funder pass,2026-09-17,day,"as of 2023-10-31: the document cited is dated 2026-09-17, after the cut-off, so this rung was fail on evidence that did not exist yet",fail,true,https://www.dorsetlep.co.uk/dorset-green-h2,eufabric cohort census,2023-10-31,day,no owner document on file for this rung; the cohort census is the record of looking,fail,true,https://www.dorsetlep.co.uk/dorset-green-h2,eufabric cohort census,2023-10-31,day,no owner document on file for this rung; the cohort census is the record of looking,2023-10-31
1506,"European Energy, phase I",DNK,FID/Construction,Other Electrolysis,3.0,MWel,6MW,delayed,FID/Construction,2024,"[24] ""At Måde, the construction of a green hydrogen plant with a capacity of 12 MW, when fully build-out is also ongoing.""",yes,no,never seen by this register,yes,no,0,not_searched,false,https://europeanenergy.com/2023/03/27/european-energy-orders-electrolyzer-from-stiesdal/,eufabric cohort census,,day,"as of 2023-10-31: the document cited is dated nothing, after the cut-off, so this rung was fail on evidence that did not exist yet",fail,true,https://europeanenergy.com/2023/03/27/european-energy-orders-electrolyzer-from-stiesdal/,eufabric cohort census,2023-10-31,day,no owner document on file for this rung; the cohort census is the record of looking,fail,true,https://europeanenergy.com/2023/03/27/european-energy-orders-electrolyzer-from-stiesdal/,eufabric cohort census,2023-10-31,day,no owner document on file for this rung; the cohort census is the record of looking,not_searched,false,sources/hydrogen_funder_pass.json,eufabric funder pass,2026-09-17,day,"as of 2023-10-31: the document cited is dated 2026-09-17, after the cut-off, so this rung was fail on evidence that did not exist yet",fail,true,https://europeanenergy.com/2023/03/27/european-energy-orders-electrolyzer-from-stiesdal/,eufabric cohort census,2023-10-31,day,no owner document on file for this rung; the cohort census is the record of looking,fail,true,https://europeanenergy.com/2023/03/27/european-energy-orders-electrolyzer-from-stiesdal/,eufabric cohort census,2023-10-31,day,no owner document on file for this rung; the cohort census is the record of looking,2023-10-31
1507,"European Energy, phase II",DNK,FID/Construction,Other Electrolysis,9.0,MWel,12MW,delayed,FID/Construction,2024,"[24] ""At Måde, the construction of a green hydrogen plant with a capacity of 12 MW, when fully build-out is also ongoing.""",yes,no,never seen by this register,yes,no,0,not_searched,false,https://europeanenergy.com/2023/03/27/european-energy-orders-electrolyzer-from-stiesdal/,eufabric cohort census,,day,"as of 2023-10-31: the document cited is dated nothing, after the cut-off, so this rung was fail on evidence that did not exist yet",fail,true,https://europeanenergy.com/2023/03/27/european-energy-orders-electrolyzer-from-stiesdal/,eufabric cohort census,2023-10-31,day,no owner document on file for this rung; the cohort census is the record of looking,fail,true,https://europeanenergy.com/2023/03/27/european-energy-orders-electrolyzer-from-stiesdal/,eufabric cohort census,2023-10-31,day,no owner document on file for this rung; the cohort census is the record of looking,not_searched,false,sources/hydrogen_funder_pass.json,eufabric funder pass,2026-09-17,day,"as of 2023-10-31: the document cited is dated 2026-09-17, after the cut-off, so this rung was fail on evidence that did not exist yet",fail,true,https://europeanenergy.com/2023/03/27/european-energy-orders-electrolyzer-from-stiesdal/,eufabric cohort census,2023-10-31,day,no owner document on file for this rung; the cohort census is the record of looking,fail,true,https://europeanenergy.com/2023/03/27/european-energy-orders-electrolyzer-from-stiesdal/,eufabric cohort census,2023-10-31,day,no owner document on file for this rung; the cohort census is the record of looking,2023-10-31
1661,Vätgas Ljungby,SWE,FID/Construction,Other Electrolysis,2.0,MWel,2 MW,disappeared,FID/Construction,,"[68] Very likely the same project as ""Strandmollen Ljungby""",yes,no,never seen by this register,yes,no,0,not_searched,false,https://vatgas.se/2021/09/07/strandmollen-ab-far-investeringsstod-fran-klimatklivet-for-vatgasproduktion/,eufabric cohort census,,day,"as of 2023-10-31: the document cited is dated nothing, after the cut-off, so this rung was fail on evidence that did not exist yet",fail,true,https://vatgas.se/2021/09/07/strandmollen-ab-far-investeringsstod-fran-klimatklivet-for-vatgasproduktion/,eufabric cohort census,2023-10-31,day,no owner document on file for this rung; the cohort census is the record of looking,fail,true,https://vatgas.se/2021/09/07/strandmollen-ab-far-investeringsstod-fran-klimatklivet-for-vatgasproduktion/,eufabric cohort census,2023-10-31,day,no owner document on file for this rung; the cohort census is the record of looking,not_searched,false,sources/hydrogen_funder_pass.json,eufabric funder pass,2026-09-17,day,"as of 2023-10-31: the document cited is dated 2026-09-17, after the cut-off, so this rung was fail on evidence that did not exist yet",fail,true,https://vatgas.se/2021/09/07/strandmollen-ab-far-investeringsstod-fran-klimatklivet-for-vatgasproduktion/,eufabric cohort census,2023-10-31,day,no owner document on file for this rung; the cohort census is the record of looking,fail,true,https://vatgas.se/2021/09/07/strandmollen-ab-far-investeringsstod-fran-klimatklivet-for-vatgasproduktion/,eufabric cohort census,2023-10-31,day,no owner document on file for this rung; the cohort census is the record of looking,2023-10-31
1752,Dijon Métropole Smart EnergHy (DMSE) - Station 1,FRA,FID/Construction,ALK,1.0,MWel,1 MW,delayed,FID/Construction,2024,"[82] ""This involves gradually deploying from 2024 alongside the respective delegatees Suez and Keolis a fleet of clean vehicles with 22 household waste bins converted to green hydrogen and around fifty buses in service by 2026 on the Divia network.""",no,no,never seen by this register,yes,yes,0,fail,true,https://web.archive.org/web/20230323112507/https://mcphy.com/en/achievements/hydrogen-mobility-en/dijon-metropole-smart-energhy-dmse/?cn-reloaded=1,eufabric cohort census,2023-03-23,not_after,census pass: the sources read name no site at municipality or finer,fail,true,https://web.archive.org/web/20230323112507/https://mcphy.com/en/achievements/hydrogen-mobility-en/dijon-metropole-smart-energhy-dmse/?cn-reloaded=1,eufabric cohort census,2023-03-23,not_after,no owner document on file for this rung; the cohort census is the record of looking,fail,true,https://web.archive.org/web/20230323112507/https://mcphy.com/en/achievements/hydrogen-mobility-en/dijon-metropole-smart-energhy-dmse/?cn-reloaded=1,eufabric cohort census,2023-03-23,not_after,no owner document on file for this rung; the cohort census is the record of looking,not_searched,false,sources/hydrogen_funder_pass.json,eufabric funder pass,2026-09-17,day,"as of 2023-10-31: the document cited is dated 2026-09-17, after the cut-off, so this rung was fail on evidence that did not exist yet",fail,true,https://web.archive.org/web/20230323112507/https://mcphy.com/en/achievements/hydrogen-mobility-en/dijon-metropole-smart-energhy-dmse/?cn-reloaded=1,eufabric cohort census,2023-03-23,not_after,no owner document on file for this rung; the cohort census is the record of looking,fail,true,https://web.archive.org/web/20230323112507/https://mcphy.com/en/achievements/hydrogen-mobility-en/dijon-metropole-smart-energhy-dmse/?cn-reloaded=1,eufabric cohort census,2023-03-23,not_after,no owner document on file for this rung; the cohort census is the record of looking,2023-10-31
1768,Porte de St Cloud HRS station,FRA,Operational,PEM,2.5,MWel,2.5MW,on time,Operational,2023,,yes,no,never seen by this register,yes,no,0,not_searched,false,https://www.cummins.com/news/releases/2022/04/04/worlds-largest-hydrogen-taxi-fleet-be-powered-cummins-electrolyzer?utm_campaign=606db7a3f585320001a13d30&utm_content=624afb9efcfe5e00018d9901&utm_medium=smarpshare&utm_source=linkedin,eufabric cohort census,,day,"as of 2023-10-31: the document cited is dated nothing, after the cut-off, so this rung was fail on evidence that did not exist yet",fail,true,https://www.cummins.com/news/releases/2022/04/04/worlds-largest-hydrogen-taxi-fleet-be-powered-cummins-electrolyzer?utm_campaign=606db7a3f585320001a13d30&utm_content=624afb9efcfe5e00018d9901&utm_medium=smarpshare&utm_source=linkedin,eufabric cohort census,2023-10-31,day,no owner document on file for this rung; the cohort census is the record of looking,fail,true,https://www.cummins.com/news/releases/2022/04/04/worlds-largest-hydrogen-taxi-fleet-be-powered-cummins-electrolyzer?utm_campaign=606db7a3f585320001a13d30&utm_content=624afb9efcfe5e00018d9901&utm_medium=smarpshare&utm_source=linkedin,eufabric cohort census,2023-10-31,day,no owner document on file for this rung; the cohort census is the record of looking,not_searched,false,sources/hydrogen_funder_pass.json,eufabric funder pass,2026-09-17,day,"as of 2023-10-31: the document cited is dated 2026-09-17, after the cut-off, so this rung was fail on evidence that did not exist yet",fail,true,https://www.cummins.com/news/releases/2022/04/04/worlds-largest-hydrogen-taxi-fleet-be-powered-cummins-electrolyzer?utm_campaign=606db7a3f585320001a13d30&utm_content=624afb9efcfe5e00018d9901&utm_medium=smarpshare&utm_source=linkedin,eufabric cohort census,2023-10-31,day,no owner document on file for this rung; the cohort census is the record of looking,fail,true,https://www.cummins.com/news/releases/2022/04/04/worlds-largest-hydrogen-taxi-fleet-be-powered-cummins-electrolyzer?utm_campaign=606db7a3f585320001a13d30&utm_content=624afb9efcfe5e00018d9901&utm_medium=smarpshare&utm_source=linkedin,eufabric cohort census,2023-10-31,day,no owner document on file for this rung; the cohort census is the record of looking,2023-10-31
1835,Pau-Lescar Biofactory,FRA,Feasibility study,PEM,1.0,MWel,"1MW electrolyzer, 13000MWh CH4/y",delayed,Feasibility study,2024,"[83] No more up-to-date information found online, seems suspicious because a press release was issued for the contract -> delayed",no,no,never seen by this register,yes,no,0,not_searched,false,https://hydrogen-central.com/storengy-chooses-man-energy-solutions-methanation-reactor-produce-syngas-french-wastewater-treatment-plant/,eufabric cohort census,,day,"as of 2023-10-31: the document cited is dated nothing, after the cut-off, so this rung was fail on evidence that did not exist yet",fail,true,https://hydrogen-central.com/storengy-chooses-man-energy-solutions-methanation-reactor-produce-syngas-french-wastewater-treatment-plant/,eufabric cohort census,2023-10-31,day,no owner document on file for this rung; the cohort census is the record of looking,fail,true,https://hydrogen-central.com/storengy-chooses-man-energy-solutions-methanation-reactor-produce-syngas-french-wastewater-treatment-plant/,eufabric cohort census,2023-10-31,day,no owner document on file for this rung; the cohort census is the record of looking,not_searched,false,sources/hydrogen_funder_pass.json,eufabric funder pass,2026-09-17,day,"as of 2023-10-31: the document cited is dated 2026-09-17, after the cut-off, so this rung was fail on evidence that did not exist yet",fail,true,https://hydrogen-central.com/storengy-chooses-man-energy-solutions-methanation-reactor-produce-syngas-french-wastewater-treatment-plant/,eufabric cohort census,2023-10-31,day,no owner document on file for this rung; the cohort census is the record of looking,fail,true,https://hydrogen-central.com/storengy-chooses-man-energy-solutions-methanation-reactor-produce-syngas-french-wastewater-treatment-plant/,eufabric cohort census,2023-10-31,day,no owner document on file for this rung; the cohort census is the record of looking,2023-10-31
1845,WAviatER,NLD,DEMO,Other Electrolysis,0.0,MWel,,delayed,DEMO,2023,,yes,no,never seen by this register,yes,no,0,fail,true,sources/hydrogen_cohort_census.json,eufabric cohort census,2023-10-31,day,census pass: no reference of this entry answered a declared reader,fail,true,sources/hydrogen_cohort_census.json,eufabric cohort census,2023-10-31,day,no owner document on file for this rung; the cohort census is the record of looking,fail,true,sources/hydrogen_cohort_census.json,eufabric cohort census,2023-10-31,day,no owner document on file for this rung; the cohort census is the record of looking,not_searched,false,sources/hydrogen_funder_pass.json,eufabric funder pass,2026-09-17,day,"as of 2023-10-31: the document cited is dated 2026-09-17, after the cut-off, so this rung was fail on evidence that did not exist yet",fail,true,sources/hydrogen_cohort_census.json,eufabric cohort census,2023-10-31,day,no owner document on file for this rung; the cohort census is the record of looking,fail,true,sources/hydrogen_cohort_census.json,eufabric cohort census,2023-10-31,day,no owner document on file for this rung; the cohort census is the record of looking,2023-10-31
1871,"Norwegian Hydrogen, Hellesylt Hydrogen Hub 1st project",NOR,FID/Construction,PEM,4.5,MWel,4.5MW,delayed,FID/Construction,2024,"[38] ""Hellesylt Hydrogen Hub will be the largest producer of green hydrogen in Norway when it opens production in 2024""",yes,no,never seen by this register,yes,no,0,not_searched,false,https://fuelcellsworks.com/news/norwegian-hydrogen-as-is-moving-forward-with-its-project-to-establish-green-hydrogen-production-at-hellesylt-within-q4-2023/?mc_cid=790c1a9648&mc_eid=da4624d261,eufabric cohort census,,day,"as of 2023-10-31: the document cited is dated nothing, after the cut-off, so this rung was fail on evidence that did not exist yet",fail,true,https://fuelcellsworks.com/news/norwegian-hydrogen-as-is-moving-forward-with-its-project-to-establish-green-hydrogen-production-at-hellesylt-within-q4-2023/?mc_cid=790c1a9648&mc_eid=da4624d261,eufabric cohort census,2023-10-31,day,no owner document on file for this rung; the cohort census is the record of looking,fail,true,https://fuelcellsworks.com/news/norwegian-hydrogen-as-is-moving-forward-with-its-project-to-establish-green-hydrogen-production-at-hellesylt-within-q4-2023/?mc_cid=790c1a9648&mc_eid=da4624d261,eufabric cohort census,2023-10-31,day,no owner document on file for this rung; the cohort census is the record of looking,not_searched,false,sources/hydrogen_funder_pass.json,eufabric funder pass,2026-09-17,day,"as of 2023-10-31: the document cited is dated 2026-09-17, after the cut-off, so this rung was fail on evidence that did not exist yet",fail,true,https://fuelcellsworks.com/news/norwegian-hydrogen-as-is-moving-forward-with-its-project-to-establish-green-hydrogen-production-at-hellesylt-within-q4-2023/?mc_cid=790c1a9648&mc_eid=da4624d261,eufabric cohort census,2023-10-31,day,no owner document on file for this rung; the cohort census is the record of looking,fail,true,https://fuelcellsworks.com/news/norwegian-hydrogen-as-is-moving-forward-with-its-project-to-establish-green-hydrogen-production-at-hellesylt-within-q4-2023/?mc_cid=790c1a9648&mc_eid=da4624d261,eufabric cohort census,2023-10-31,day,no owner document on file for this rung; the cohort census is the record of looking,2023-10-31
1931,Energy Hub at MIRA Technology Park.,GBR,Operational,Other Electrolysis,1.0,MWel,1MW,delayed,FID/Construction,2024,[84] Start year 2024,yes,no,never seen by this register,yes,no,0,not_searched,false,https://www.h2-view.com/story/octopus-hydrogen-granted-environmental-permit-for-green-hydrogen-production/,eufabric cohort census,,day,"as of 2023-10-31: the document cited is dated nothing, after the cut-off, so this rung was fail on evidence that did not exist yet",fail,true,https://www.h2-view.com/story/octopus-hydrogen-granted-environmental-permit-for-green-hydrogen-production/,eufabric cohort census,2023-10-31,day,no owner document on file for this rung; the cohort census is the record of looking,fail,true,https://www.h2-view.com/story/octopus-hydrogen-granted-environmental-permit-for-green-hydrogen-production/,eufabric cohort census,2023-10-31,day,no owner document on file for this rung; the cohort census is the record of looking,not_searched,false,sources/hydrogen_funder_pass.json,eufabric funder pass,2026-09-17,day,"as of 2023-10-31: the document cited is dated 2026-09-17, after the cut-off, so this rung was fail on evidence that did not exist yet",fail,true,https://www.h2-view.com/story/octopus-hydrogen-granted-environmental-permit-for-green-hydrogen-production/,eufabric cohort census,2023-10-31,day,no owner document on file for this rung; the cohort census is the record of looking,fail,true,https://www.h2-view.com/story/octopus-hydrogen-granted-environmental-permit-for-green-hydrogen-production/,eufabric cohort census,2023-10-31,day,no owner document on file for this rung; the cohort census is the record of looking,2023-10-31
1976,Hynoca Alkmaar,NLD,DEMO,Biomass,,,240 - 2300 t H2/year,not assessed,,,,yes,no,never seen by this register,yes,no,0,fail,true,sources/hydrogen_cohort_census.json,eufabric cohort census,2023-10-31,day,census pass: no reference of this entry answered a declared reader,fail,true,sources/hydrogen_cohort_census.json,eufabric cohort census,2023-10-31,day,no owner document on file for this rung; the cohort census is the record of looking,fail,true,sources/hydrogen_cohort_census.json,eufabric cohort census,2023-10-31,day,no owner document on file for this rung; the cohort census is the record of looking,not_searched,false,sources/hydrogen_funder_pass.json,eufabric funder pass,2026-09-17,day,"as of 2023-10-31: the document cited is dated 2026-09-17, after the cut-off, so this rung was fail on evidence that did not exist yet",fail,true,sources/hydrogen_cohort_census.json,eufabric cohort census,2023-10-31,day,no owner document on file for this rung; the cohort census is the record of looking,fail,true,sources/hydrogen_cohort_census.json,eufabric cohort census,2023-10-31,day,no owner document on file for this rung; the cohort census is the record of looking,2023-10-31
1979,GROHW,NLD,Operational,Other Electrolysis,0.5,MWel,50kW,on time,Operational,2022,"[101] ""In 2022 GROHW has realise the first 50 kW demonstration at De Gasfabriek in Deventer.""",yes,no,never seen by this register,yes,no,0,fail,true,sources/hydrogen_cohort_census.json,eufabric cohort census,2023-10-31,day,census pass: no reference of this entry answered a declared reader,fail,true,sources/hydrogen_cohort_census.json,eufabric cohort census,2023-10-31,day,no owner document on file for this rung; the cohort census is the record of looking,fail,true,sources/hydrogen_cohort_census.json,eufabric cohort census,2023-10-31,day,no owner document on file for this rung; the cohort census is the record of looking,not_searched,false,sources/hydrogen_funder_pass.json,eufabric funder pass,2026-09-17,day,"as of 2023-10-31: the document cited is dated 2026-09-17, after the cut-off, so this rung was fail on evidence that did not exist yet",fail,true,sources/hydrogen_cohort_census.json,eufabric cohort census,2023-10-31,day,no owner document on file for this rung; the cohort census is the record of looking,fail,true,sources/hydrogen_cohort_census.json,eufabric cohort census,2023-10-31,day,no owner document on file for this rung; the cohort census is the record of looking,2023-10-31
1982,H2Agro,NLD,DEMO,Other Electrolysis,0.0,MWel,,delayed,DEMO,2023,,no,no,never seen by this register,yes,no,0,fail,true,sources/hydrogen_cohort_census.json,eufabric cohort census,2023-10-31,day,census pass: no reference of this entry answered a declared reader,fail,true,sources/hydrogen_cohort_census.json,eufabric cohort census,2023-10-31,day,no owner document on file for this rung; the cohort census is the record of looking,fail,true,sources/hydrogen_cohort_census.json,eufabric cohort census,2023-10-31,day,no owner document on file for this rung; the cohort census is the record of looking,not_searched,false,sources/hydrogen_funder_pass.json,eufabric funder pass,2026-09-17,day,"as of 2023-10-31: the document cited is dated 2026-09-17, after the cut-off, so this rung was fail on evidence that did not exist yet",fail,true,sources/hydrogen_cohort_census.json,eufabric cohort census,2023-10-31,day,no owner document on file for this rung; the cohort census is the record of looking,fail,true,sources/hydrogen_cohort_census.json,eufabric cohort census,2023-10-31,day,no owner document on file for this rung; the cohort census is the record of looking,2023-10-31
2028,Energie Steiermark plant in Styria,AUT,Operational,Other Electrolysis,1.0,MWel,1MW,on time,Operational,2023,,yes,no,never seen by this register,yes,no,0,not_searched,false,https://renewablesnow.com/news/austrias-first-green-hydrogen-production-plant-goes-live-822650/,eufabric cohort census,,day,"as of 2023-10-31: the document cited is dated nothing, after the cut-off, so this rung was fail on evidence that did not exist yet",fail,true,https://renewablesnow.com/news/austrias-first-green-hydrogen-production-plant-goes-live-822650/,eufabric cohort census,2023-10-31,day,no owner document on file for this rung; the cohort census is the record of looking,fail,true,https://renewablesnow.com/news/austrias-first-green-hydrogen-production-plant-goes-live-822650/,eufabric cohort census,2023-10-31,day,no owner document on file for this rung; the cohort census is the record of looking,not_searched,false,sources/hydrogen_funder_pass.json,eufabric funder pass,2026-09-17,day,"as of 2023-10-31: the document cited is dated 2026-09-17, after the cut-off, so this rung was fail on evidence that did not exist yet",fail,true,https://renewablesnow.com/news/austrias-first-green-hydrogen-production-plant-goes-live-822650/,eufabric cohort census,2023-10-31,day,no owner document on file for this rung; the cohort census is the record of looking,fail,true,https://renewablesnow.com/news/austrias-first-green-hydrogen-production-plant-goes-live-822650/,eufabric cohort census,2023-10-31,day,no owner document on file for this rung; the cohort census is the record of looking,2023-10-31
2098,Pamesa - eCombustible,ESP,Operational,Other Electrolysis,8.0,MWel,8MW,on time,Operational,2023,"[26] 8 MW, inaugurated",yes,no,never seen by this register,yes,no,0,not_searched,false,https://www.pamesagrupoempresarial.com/pamesa-ecombustible/,eufabric cohort census,,day,"as of 2023-10-31: the document cited is dated nothing, after the cut-off, so this rung was fail on evidence that did not exist yet",fail,true,https://www.pamesagrupoempresarial.com/pamesa-ecombustible/,eufabric cohort census,2023-10-31,day,no owner document on file for this rung; the cohort census is the record of looking,fail,true,https://www.pamesagrupoempresarial.com/pamesa-ecombustible/,eufabric cohort census,2023-10-31,day,no owner document on file for this rung; the cohort census is the record of looking,not_searched,false,sources/hydrogen_funder_pass.json,eufabric funder pass,2026-09-17,day,"as of 2023-10-31: the document cited is dated 2026-09-17, after the cut-off, so this rung was fail on evidence that did not exist yet",fail,true,https://www.pamesagrupoempresarial.com/pamesa-ecombustible/,eufabric cohort census,2023-10-31,day,no owner document on file for this rung; the cohort census is the record of looking,fail,true,https://www.pamesagrupoempresarial.com/pamesa-ecombustible/,eufabric cohort census,2023-10-31,day,no owner document on file for this rung; the cohort census is the record of looking,2023-10-31
2105,Hy2B plant in Pfeffenhausen,DEU,FID/Construction,ALK,5.0,MWel,5MWor 1.2t H2/d (production),delayed,Operational,2024,[37] Commissioned in 2024,yes,no,never seen by this register,yes,no,0,fail,true,sources/hydrogen_cohort_census.json,eufabric cohort census,2023-10-31,day,census pass: no reference of this entry answered a declared reader,fail,true,sources/hydrogen_cohort_census.json,eufabric cohort census,2023-10-31,day,no owner document on file for this rung; the cohort census is the record of looking,fail,true,sources/hydrogen_cohort_census.json,eufabric cohort census,2023-10-31,day,no owner document on file for this rung; the cohort census is the record of looking,not_searched,false,sources/hydrogen_funder_pass.json,eufabric funder pass,2026-09-17,day,"as of 2023-10-31: the document cited is dated 2026-09-17, after the cut-off, so this rung was fail on evidence that did not exist yet",fail,true,sources/hydrogen_cohort_census.json,eufabric cohort census,2023-10-31,day,no owner document on file for this rung; the cohort census is the record of looking,fail,true,sources/hydrogen_cohort_census.json,eufabric cohort census,2023-10-31,day,no owner document on file for this rung; the cohort census is the record of looking,2023-10-31
2113,Plant Zero.1,GBR,DEMO,Other Electrolysis,0.0,MWel,,delayed,DEMO,2023,,yes,no,never seen by this register,yes,no,0,not_searched,false,https://www.zero.co/news-media/plant-zero,eufabric cohort census,,day,"as of 2023-10-31: the document cited is dated nothing, after the cut-off, so this rung was fail on evidence that did not exist yet",fail,true,https://www.zero.co/news-media/plant-zero,eufabric cohort census,2023-10-31,day,no owner document on file for this rung; the cohort census is the record of looking,fail,true,https://www.zero.co/news-media/plant-zero,eufabric cohort census,2023-10-31,day,no owner document on file for this rung; the cohort census is the record of looking,not_searched,false,sources/hydrogen_funder_pass.json,eufabric funder pass,2026-09-17,day,"as of 2023-10-31: the document cited is dated 2026-09-17, after the cut-off, so this rung was fail on evidence that did not exist yet",fail,true,https://www.zero.co/news-media/plant-zero,eufabric cohort census,2023-10-31,day,no owner document on file for this rung; the cohort census is the record of looking,fail,true,https://www.zero.co/news-media/plant-zero,eufabric cohort census,2023-10-31,day,no owner document on file for this rung; the cohort census is the record of looking,2023-10-31
2243,H2 production for a H2 Fuell station ,NLD,FID/Construction,Other Electrolysis,1.0,MWel,1MW,delayed,FID/Construction,2024,"[88] slide 22, ""Adsensys: Ordered an AEM Multicore for delivery in 2024""",yes,no,never seen by this register,yes,no,0,not_searched,false,https://www.enapter.com/newsroom/dutch-energy-company-orders-megawatt-class-electrolyser,eufabric cohort census,,day,"as of 2023-10-31: the document cited is dated nothing, after the cut-off, so this rung was fail on evidence that did not exist yet",fail,true,https://www.enapter.com/newsroom/dutch-energy-company-orders-megawatt-class-electrolyser,eufabric cohort census,2023-10-31,day,no owner document on file for this rung; the cohort census is the record of looking,fail,true,https://www.enapter.com/newsroom/dutch-energy-company-orders-megawatt-class-electrolyser,eufabric cohort census,2023-10-31,day,no owner document on file for this rung; the cohort census is the record of looking,not_searched,false,sources/hydrogen_funder_pass.json,eufabric funder pass,2026-09-17,day,"as of 2023-10-31: the document cited is dated 2026-09-17, after the cut-off, so this rung was fail on evidence that did not exist yet",fail,true,https://www.enapter.com/newsroom/dutch-energy-company-orders-megawatt-class-electrolyser,eufabric cohort census,2023-10-31,day,no owner document on file for this rung; the cohort census is the record of looking,fail,true,https://www.enapter.com/newsroom/dutch-energy-company-orders-megawatt-class-electrolyser,eufabric cohort census,2023-10-31,day,no owner document on file for this rung; the cohort census is the record of looking,2023-10-31
2244,Hydrogen for fuel cell testing and heat recovery,DEU,FID/Construction,Other Electrolysis,1.0,MWel,1MW,disappeared,FID/Construction,,"[89] Original reference points to the same project as ""Steinbeis Innovation Center Braunschweig""",no,no,never seen by this register,yes,no,0,not_searched,false,https://www.enapter.com/newsroom/first-order-placed-for-enapters-aem-multicore-megawatt-class-electrolyser-system,eufabric cohort census,,day,"as of 2023-10-31: the document cited is dated nothing, after the cut-off, so this rung was fail on evidence that did not exist yet",fail,true,https://www.enapter.com/newsroom/first-order-placed-for-enapters-aem-multicore-megawatt-class-electrolyser-system,eufabric cohort census,2023-10-31,day,no owner document on file for this rung; the cohort census is the record of looking,fail,true,https://www.enapter.com/newsroom/first-order-placed-for-enapters-aem-multicore-megawatt-class-electrolyser-system,eufabric cohort census,2023-10-31,day,no owner document on file for this rung; the cohort census is the record of looking,not_searched,false,sources/hydrogen_funder_pass.json,eufabric funder pass,2026-09-17,day,"as of 2023-10-31: the document cited is dated 2026-09-17, after the cut-off, so this rung was fail on evidence that did not exist yet",fail,true,https://www.enapter.com/newsroom/first-order-placed-for-enapters-aem-multicore-megawatt-class-electrolyser-system,eufabric cohort census,2023-10-31,day,no owner document on file for this rung; the cohort census is the record of looking,fail,true,https://www.enapter.com/newsroom/first-order-placed-for-enapters-aem-multicore-megawatt-class-electrolyser-system,eufabric cohort census,2023-10-31,day,no owner document on file for this rung; the cohort census is the record of looking,2023-10-31
2367,BÜKKABRÁNY PtG,HUN,FID/Construction,Other Electrolysis,1.0,MWel,1MW,delayed,FID/Construction,2024,[90] No reference provided and no information found whatsoever -> setting to delayed,yes,no,never seen by this register,no,no,0,fail,true,sources/hydrogen_cohort_census.json,eufabric cohort census,2023-10-31,day,census pass: no reference of this entry answered a declared reader,fail,true,sources/hydrogen_cohort_census.json,eufabric cohort census,2023-10-31,day,no owner document on file for this rung; the cohort census is the record of looking,fail,true,sources/hydrogen_cohort_census.json,eufabric cohort census,2023-10-31,day,no owner document on file for this rung; the cohort census is the record of looking,not_searched,false,sources/hydrogen_funder_pass.json,eufabric funder pass,2026-09-17,day,"as of 2023-10-31: the document cited is dated 2026-09-17, after the cut-off, so this rung was fail on evidence that did not exist yet",fail,true,sources/hydrogen_cohort_census.json,eufabric cohort census,2023-10-31,day,no owner document on file for this rung; the cohort census is the record of looking,fail,true,sources/hydrogen_cohort_census.json,eufabric cohort census,2023-10-31,day,no owner document on file for this rung; the cohort census is the record of looking,2023-10-31
2370,Strandmollen Ljungby,SWE,FID/Construction,Other Electrolysis,3.0,MWel,3MW,delayed,FID/Construction,2024,"[47] ""Strandmøllen in Sweden is therefore well equipped to supply hydrogen to the Swedish market as early as 2024. """,no,no,never seen by this register,yes,no,0,not_searched,false,https://www.mynewsdesk.com/se/strandmoellen-ab/pressreleases/strandmoellen-ab-has-placed-a-purchase-order-for-a-3mw-electrolyser-from-fest-gmbh-3172967,eufabric cohort census,,day,"as of 2023-10-31: the document cited is dated nothing, after the cut-off, so this rung was fail on evidence that did not exist yet",fail,true,https://www.mynewsdesk.com/se/strandmoellen-ab/pressreleases/strandmoellen-ab-has-placed-a-purchase-order-for-a-3mw-electrolyser-from-fest-gmbh-3172967,eufabric cohort census,2023-10-31,day,no owner document on file for this rung; the cohort census is the record of looking,fail,true,https://www.mynewsdesk.com/se/strandmoellen-ab/pressreleases/strandmoellen-ab-has-placed-a-purchase-order-for-a-3mw-electrolyser-from-fest-gmbh-3172967,eufabric cohort census,2023-10-31,day,no owner document on file for this rung; the cohort census is the record of looking,not_searched,false,sources/hydrogen_funder_pass.json,eufabric funder pass,2026-09-17,day,"as of 2023-10-31: the document cited is dated 2026-09-17, after the cut-off, so this rung was fail on evidence that did not exist yet",fail,true,https://www.mynewsdesk.com/se/strandmoellen-ab/pressreleases/strandmoellen-ab-has-placed-a-purchase-order-for-a-3mw-electrolyser-from-fest-gmbh-3172967,eufabric cohort census,2023-10-31,day,no owner document on file for this rung; the cohort census is the record of looking,fail,true,https://www.mynewsdesk.com/se/strandmoellen-ab/pressreleases/strandmoellen-ab-has-placed-a-purchase-order-for-a-3mw-electrolyser-from-fest-gmbh-3172967,eufabric cohort census,2023-10-31,day,no owner document on file for this rung; the cohort census is the record of looking,2023-10-31
2372,Hitachi Zosen Inova HZI PtH Buchs,CHE,FID/Construction,Other Electrolysis,2.3,MWel,2.3 MW,delayed,FID/Construction,2024,[58] BoP only arrived in 2024 -> delayed to 2024,no,no,never seen by this register,yes,no,0,not_searched,false,https://bioenergyinternational.com/hzi-to-develop-first-small-scale-waste-to-hydrogen/,eufabric cohort census,,day,"as of 2023-10-31: the document cited is dated nothing, after the cut-off, so this rung was fail on evidence that did not exist yet",fail,true,https://bioenergyinternational.com/hzi-to-develop-first-small-scale-waste-to-hydrogen/,eufabric cohort census,2023-10-31,day,no owner document on file for this rung; the cohort census is the record of looking,fail,true,https://bioenergyinternational.com/hzi-to-develop-first-small-scale-waste-to-hydrogen/,eufabric cohort census,2023-10-31,day,no owner document on file for this rung; the cohort census is the record of looking,not_searched,false,sources/hydrogen_funder_pass.json,eufabric funder pass,2026-09-17,day,"as of 2023-10-31: the document cited is dated 2026-09-17, after the cut-off, so this rung was fail on evidence that did not exist yet",fail,true,https://bioenergyinternational.com/hzi-to-develop-first-small-scale-waste-to-hydrogen/,eufabric cohort census,2023-10-31,day,no owner document on file for this rung; the cohort census is the record of looking,fail,true,https://bioenergyinternational.com/hzi-to-develop-first-small-scale-waste-to-hydrogen/,eufabric cohort census,2023-10-31,day,no owner document on file for this rung; the cohort census is the record of looking,2023-10-31
2373,Arbikie Distillery,GBR,FID/Construction,Other Electrolysis,0.9,MWel,0.9MW,delayed,FID/Construction,2024,"[96] ""with site installation, commissioning, and testing scheduled from June to August 2024.""",yes,no,never seen by this register,yes,no,0,not_searched,false,https://www.hvnplus.co.uk/news/arbikie-distillery-begins-work-on-hydrogen-heating-installation-02-02-2023/,eufabric cohort census,,day,"as of 2023-10-31: the document cited is dated nothing, after the cut-off, so this rung was fail on evidence that did not exist yet",fail,true,https://www.hvnplus.co.uk/news/arbikie-distillery-begins-work-on-hydrogen-heating-installation-02-02-2023/,eufabric cohort census,2023-10-31,day,no owner document on file for this rung; the cohort census is the record of looking,fail,true,https://www.hvnplus.co.uk/news/arbikie-distillery-begins-work-on-hydrogen-heating-installation-02-02-2023/,eufabric cohort census,2023-10-31,day,no owner document on file for this rung; the cohort census is the record of looking,not_searched,false,sources/hydrogen_funder_pass.json,eufabric funder pass,2026-09-17,day,"as of 2023-10-31: the document cited is dated 2026-09-17, after the cut-off, so this rung was fail on evidence that did not exist yet",fail,true,https://www.hvnplus.co.uk/news/arbikie-distillery-begins-work-on-hydrogen-heating-installation-02-02-2023/,eufabric cohort census,2023-10-31,day,no owner document on file for this rung; the cohort census is the record of looking,fail,true,https://www.hvnplus.co.uk/news/arbikie-distillery-begins-work-on-hydrogen-heating-installation-02-02-2023/,eufabric cohort census,2023-10-31,day,no owner document on file for this rung; the cohort census is the record of looking,2023-10-31
2402,Usine Trangé,FRA,FID/Construction,Biomass,,,5MW or 110 t H2/y production,not assessed,,,,no,no,never seen by this register,yes,no,0,not_searched,false,https://vighy.france-hydrogene.org/projets/usine-trange/,eufabric cohort census,,day,"as of 2023-10-31: the document cited is dated nothing, after the cut-off, so this rung was fail on evidence that did not exist yet",fail,true,https://vighy.france-hydrogene.org/projets/usine-trange/,eufabric cohort census,2023-10-31,day,no owner document on file for this rung; the cohort census is the record of looking,fail,true,https://vighy.france-hydrogene.org/projets/usine-trange/,eufabric cohort census,2023-10-31,day,no owner document on file for this rung; the cohort census is the record of looking,not_searched,false,sources/hydrogen_funder_pass.json,eufabric funder pass,2026-09-17,day,"as of 2023-10-31: the document cited is dated 2026-09-17, after the cut-off, so this rung was fail on evidence that did not exist yet",fail,true,https://vighy.france-hydrogene.org/projets/usine-trange/,eufabric cohort census,2023-10-31,day,no owner document on file for this rung; the cohort census is the record of looking,fail,true,https://vighy.france-hydrogene.org/projets/usine-trange/,eufabric cohort census,2023-10-31,day,no owner document on file for this rung; the cohort census is the record of looking,2023-10-31
2416,Wien Energie -  Simmering,AUT,Feasibility study,Other Electrolysis,3.0,MWel,3 MW,delayed,Operational,2024,[48] Commissioned in 2024,yes,no,never seen by this register,yes,yes,0,fail,true,https://web.archive.org/web/20231020102612/https://www.hypa.at/umsetzung/elektrolyseure,eufabric cohort census,2023-10-20,not_after,census pass: the sources read name no site at municipality or finer,fail,true,https://web.archive.org/web/20231020102612/https://www.hypa.at/umsetzung/elektrolyseure,eufabric cohort census,2023-10-20,not_after,no owner document on file for this rung; the cohort census is the record of looking,fail,true,https://web.archive.org/web/20231020102612/https://www.hypa.at/umsetzung/elektrolyseure,eufabric cohort census,2023-10-20,not_after,no owner document on file for this rung; the cohort census is the record of looking,not_searched,false,sources/hydrogen_funder_pass.json,eufabric funder pass,2026-09-17,day,"as of 2023-10-31: the document cited is dated 2026-09-17, after the cut-off, so this rung was fail on evidence that did not exist yet",fail,true,https://web.archive.org/web/20231020102612/https://www.hypa.at/umsetzung/elektrolyseure,eufabric cohort census,2023-10-20,not_after,no owner document on file for this rung; the cohort census is the record of looking,fail,true,https://web.archive.org/web/20231020102612/https://www.hypa.at/umsetzung/elektrolyseure,eufabric cohort census,2023-10-20,not_after,no owner document on file for this rung; the cohort census is the record of looking,2023-10-31
2418,Renewable Gasfield,AUT,Operational,PEM,2.0009235031553025,MWel,300 t H2/ y,on time,Operational,2023,,yes,no,never seen by this register,yes,no,0,not_searched,false,https://www.wiva.at/2022/04/13/spatenstich-im-projekt-renewable-gasfield/,eufabric cohort census,,day,"as of 2023-10-31: the document cited is dated nothing, after the cut-off, so this rung was fail on evidence that did not exist yet",fail,true,https://www.wiva.at/2022/04/13/spatenstich-im-projekt-renewable-gasfield/,eufabric cohort census,2023-10-31,day,no owner document on file for this rung; the cohort census is the record of looking,fail,true,https://www.wiva.at/2022/04/13/spatenstich-im-projekt-renewable-gasfield/,eufabric cohort census,2023-10-31,day,no owner document on file for this rung; the cohort census is the record of looking,not_searched,false,sources/hydrogen_funder_pass.json,eufabric funder pass,2026-09-17,day,"as of 2023-10-31: the document cited is dated 2026-09-17, after the cut-off, so this rung was fail on evidence that did not exist yet",fail,true,https://www.wiva.at/2022/04/13/spatenstich-im-projekt-renewable-gasfield/,eufabric cohort census,2023-10-31,day,no owner document on file for this rung; the cohort census is the record of looking,fail,true,https://www.wiva.at/2022/04/13/spatenstich-im-projekt-renewable-gasfield/,eufabric cohort census,2023-10-31,day,no owner document on file for this rung; the cohort census is the record of looking,2023-10-31
2436,H-FLEX-E​,FIN,Feasibility study,Other Electrolysis,4.3,MWel,4.3MW,delayed,Feasibility study,2024,"[39] ""After the environmental permit is granted, an investment decision will be taken by the end of 2023. If everything goes according to plan, the hydrogen-fuelled engines will start operating in Vaasa by 2026 at the latest.""",yes,no,never seen by this register,yes,no,0,fail,true,sources/hydrogen_cohort_census.json,eufabric cohort census,2023-10-31,day,census pass: no reference of this entry answered a declared reader,fail,true,sources/hydrogen_cohort_census.json,eufabric cohort census,2023-10-31,day,no owner document on file for this rung; the cohort census is the record of looking,fail,true,sources/hydrogen_cohort_census.json,eufabric cohort census,2023-10-31,day,no owner document on file for this rung; the cohort census is the record of looking,not_searched,false,sources/hydrogen_funder_pass.json,eufabric funder pass,2026-09-17,day,"as of 2023-10-31: the document cited is dated 2026-09-17, after the cut-off, so this rung was fail on evidence that did not exist yet",fail,true,sources/hydrogen_cohort_census.json,eufabric cohort census,2023-10-31,day,no owner document on file for this rung; the cohort census is the record of looking,fail,true,sources/hydrogen_cohort_census.json,eufabric cohort census,2023-10-31,day,no owner document on file for this rung; the cohort census is the record of looking,2023-10-31
2452,Convion SOE R&D ELY,FIN,Feasibility study,Other Electrolysis,0.125,MWel,0.125MW,on time,Operational,2023,"[116] No information found, but ""Hydrogen Europe"" cited as source -> assuming operational",yes,no,never seen by this register,no,no,0,fail,true,sources/hydrogen_cohort_census.json,eufabric cohort census,2023-10-31,day,census pass: no reference of this entry answered a declared reader,fail,true,sources/hydrogen_cohort_census.json,eufabric cohort census,2023-10-31,day,no owner document on file for this rung; the cohort census is the record of looking,fail,true,sources/hydrogen_cohort_census.json,eufabric cohort census,2023-10-31,day,no owner document on file for this rung; the cohort census is the record of looking,not_searched,false,sources/hydrogen_funder_pass.json,eufabric funder pass,2026-09-17,day,"as of 2023-10-31: the document cited is dated 2026-09-17, after the cut-off, so this rung was fail on evidence that did not exist yet",fail,true,sources/hydrogen_cohort_census.json,eufabric cohort census,2023-10-31,day,no owner document on file for this rung; the cohort census is the record of looking,fail,true,sources/hydrogen_cohort_census.json,eufabric cohort census,2023-10-31,day,no owner document on file for this rung; the cohort census is the record of looking,2023-10-31
2503,Gaznat methanation project,CHE,Operational,ALK,0.5,MWel,0.5MW,on time,Operational,2023,,yes,no,never seen by this register,yes,no,0,not_searched,false,https://www.h2-view.com/story/gaznat-inaugurates-hydrogen-and-co2-to-syngas-project-in-switzerland/,eufabric cohort census,,day,"as of 2023-10-31: the document cited is dated nothing, after the cut-off, so this rung was fail on evidence that did not exist yet",fail,true,https://www.h2-view.com/story/gaznat-inaugurates-hydrogen-and-co2-to-syngas-project-in-switzerland/,eufabric cohort census,2023-10-31,day,no owner document on file for this rung; the cohort census is the record of looking,fail,true,https://www.h2-view.com/story/gaznat-inaugurates-hydrogen-and-co2-to-syngas-project-in-switzerland/,eufabric cohort census,2023-10-31,day,no owner document on file for this rung; the cohort census is the record of looking,not_searched,false,sources/hydrogen_funder_pass.json,eufabric funder pass,2026-09-17,day,"as of 2023-10-31: the document cited is dated 2026-09-17, after the cut-off, so this rung was fail on evidence that did not exist yet",fail,true,https://www.h2-view.com/story/gaznat-inaugurates-hydrogen-and-co2-to-syngas-project-in-switzerland/,eufabric cohort census,2023-10-31,day,no owner document on file for this rung; the cohort census is the record of looking,fail,true,https://www.h2-view.com/story/gaznat-inaugurates-hydrogen-and-co2-to-syngas-project-in-switzerland/,eufabric cohort census,2023-10-31,day,no owner document on file for this rung; the cohort census is the record of looking,2023-10-31
2537, GET H2 TransHyDE hydrogen project - Lingen,DEU,DEMO,SOEC,0.25,MWel,250kW,delayed,DEMO,2023,[109] Commissioned,yes,no,never seen by this register,no,no,0,fail,true,sources/hydrogen_cohort_census.json,eufabric cohort census,2023-10-31,day,census pass: no reference of this entry answered a declared reader,fail,true,sources/hydrogen_cohort_census.json,eufabric cohort census,2023-10-31,day,no owner document on file for this rung; the cohort census is the record of looking,fail,true,sources/hydrogen_cohort_census.json,eufabric cohort census,2023-10-31,day,no owner document on file for this rung; the cohort census is the record of looking,not_searched,false,sources/hydrogen_funder_pass.json,eufabric funder pass,2026-09-17,day,"as of 2023-10-31: the document cited is dated 2026-09-17, after the cut-off, so this rung was fail on evidence that did not exist yet",fail,true,sources/hydrogen_cohort_census.json,eufabric cohort census,2023-10-31,day,no owner document on file for this rung; the cohort census is the record of looking,fail,true,sources/hydrogen_cohort_census.json,eufabric cohort census,2023-10-31,day,no owner document on file for this rung; the cohort census is the record of looking,2023-10-31
2550,HyPilot project ,NOR,FID/Construction,PEM,1.0,MWel,1MW,delayed,FID/Construction,2024,[92] Electrolyser being transported,yes,no,never seen by this register,yes,yes,1,pass,true,https://web.archive.org/web/20231002150856/https://hystar.com/yara-clean-ammonia-joins-hypilot-project-with-hystar-equinor-and-gassco/,owner,2023-10-02,not_after,"census pass, hand verdict: 'The PEM electrolyser will be commissioned in the second half of 2023 at the Karstoe Gas Processing Plant in Rogaland, Norway, operated by Gassco'",fail,true,https://web.archive.org/web/20231002150856/https://hystar.com/yara-clean-ammonia-joins-hypilot-project-with-hystar-equinor-and-gassco/,eufabric cohort census,2023-10-02,not_after,no owner document on file for this rung; the cohort census is the record of looking,fail,true,https://web.archive.org/web/20231002150856/https://hystar.com/yara-clean-ammonia-joins-hypilot-project-with-hystar-equinor-and-gassco/,eufabric cohort census,2023-10-02,not_after,no owner document on file for this rung; the cohort census is the record of looking,not_searched,false,sources/hydrogen_funder_pass.json,eufabric funder pass,2026-09-17,day,"as of 2023-10-31: the document cited is dated 2026-09-17, after the cut-off, so this rung was fail on evidence that did not exist yet",fail,true,https://web.archive.org/web/20231002150856/https://hystar.com/yara-clean-ammonia-joins-hypilot-project-with-hystar-equinor-and-gassco/,eufabric cohort census,2023-10-02,not_after,no owner document on file for this rung; the cohort census is the record of looking,fail,true,https://web.archive.org/web/20231002150856/https://hystar.com/yara-clean-ammonia-joins-hypilot-project-with-hystar-equinor-and-gassco/,eufabric cohort census,2023-10-02,not_after,no owner document on file for this rung; the cohort census is the record of looking,2023-10-31
983,OMV Schwechat Refinery,AUT,FID/Construction,PEM,10.0,MWel,10MW,delayed,FID/Construction,2024,,no,no,never seen by this register,yes,no,0,not_searched,false,https://www.noen.at/schwechat/omv-raffinerie-schwechat-zwei-inbetriebnahmen-und-ein-turnaround-mannswoerth-omv-raffinerie-schwechat-reoil-print-353829887,eufabric cohort census,,day,"as of 2023-10-31: the document cited is dated nothing, after the cut-off, so this rung was fail on evidence that did not exist yet",fail,true,https://www.noen.at/schwechat/omv-raffinerie-schwechat-zwei-inbetriebnahmen-und-ein-turnaround-mannswoerth-omv-raffinerie-schwechat-reoil-print-353829887,eufabric cohort census,2023-10-31,day,no owner document on file for this rung; the cohort census is the record of looking,fail,true,https://www.noen.at/schwechat/omv-raffinerie-schwechat-zwei-inbetriebnahmen-und-ein-turnaround-mannswoerth-omv-raffinerie-schwechat-reoil-print-353829887,eufabric cohort census,2023-10-31,day,no owner document on file for this rung; the cohort census is the record of looking,not_searched,false,sources/hydrogen_funder_pass.json,eufabric funder pass,2026-09-17,day,"as of 2023-10-31: the document cited is dated 2026-09-17, after the cut-off, so this rung was fail on evidence that did not exist yet",fail,true,https://www.noen.at/schwechat/omv-raffinerie-schwechat-zwei-inbetriebnahmen-und-ein-turnaround-mannswoerth-omv-raffinerie-schwechat-reoil-print-353829887,eufabric cohort census,2023-10-31,day,no owner document on file for this rung; the cohort census is the record of looking,fail,true,https://www.noen.at/schwechat/omv-raffinerie-schwechat-zwei-inbetriebnahmen-und-ein-turnaround-mannswoerth-omv-raffinerie-schwechat-reoil-print-353829887,eufabric cohort census,2023-10-31,day,no owner document on file for this rung; the cohort census is the record of looking,2023-10-31
