key,iea_ref,row_id,name,sector,country,register_class,iea_status,dropped_from_benchmark,capacity_value,capacity_unit,stop_event,perimeter_clause,rungs_passed,unread,site_result,site_searched,site_source,site_speaker,site_date,site_precision,site_note,capacity_result,capacity_searched,capacity_source,capacity_speaker,capacity_date,capacity_precision,capacity_note,fid_result,fid_searched,fid_source,fid_speaker,fid_date,fid_precision,fid_note,funding_result,funding_searched,funding_source,funding_speaker,funding_date,funding_precision,funding_note,start_result,start_searched,start_source,start_speaker,start_date,start_precision,start_note,input_result,input_searched,input_source,input_speaker,input_date,input_precision,input_note,input_provisional,as_of
iea:6,6,,Norsk e-Fuel Mosjøen,clean,NOR,perimeter exclusion,Feasibility study,,35.92314119,ktH2Y,,DRI or other perimeter exclusion,0,false,not_searched,false,sources/report_benchmark_gap.py,eufabric perimeter,2026-09-10,day,"as of 2023-10-31: the document cited is dated 2026-09-10, after the cut-off, so this rung was not_searched on evidence that did not exist yet",not_searched,false,sources/report_benchmark_gap.py,eufabric perimeter,2026-09-10,day,"as of 2023-10-31: the document cited is dated 2026-09-10, after the cut-off, so this rung was not_searched on evidence that did not exist yet",not_searched,false,sources/report_benchmark_gap.py,eufabric perimeter,2026-09-10,day,"as of 2023-10-31: the document cited is dated 2026-09-10, after the cut-off, so this rung was not_searched on evidence that did not exist yet",not_searched,false,sources/report_benchmark_gap.py,eufabric perimeter,2026-09-10,day,"as of 2023-10-31: the document cited is dated 2026-09-10, after the cut-off, so this rung was not_searched on evidence that did not exist yet",not_searched,false,sources/report_benchmark_gap.py,eufabric perimeter,2026-09-10,day,"as of 2023-10-31: the document cited is dated 2026-09-10, after the cut-off, so this rung was not_searched on evidence that did not exist yet",not_searched,false,sources/report_benchmark_gap.py,eufabric perimeter,2026-09-10,day,"as of 2023-10-31: the document cited is dated 2026-09-10, after the cut-off, so this rung was not_searched on evidence that did not exist yet",false,2023-10-31
iea:9,9,,HYBRIT demo,clean,SWE,perimeter exclusion,FID/Construction,,84.74347826,ktH2Y,,DRI or other perimeter exclusion,0,false,not_searched,false,sources/report_benchmark_gap.py,eufabric perimeter,2026-09-10,day,"as of 2023-10-31: the document cited is dated 2026-09-10, after the cut-off, so this rung was not_searched on evidence that did not exist yet",not_searched,false,sources/report_benchmark_gap.py,eufabric perimeter,2026-09-10,day,"as of 2023-10-31: the document cited is dated 2026-09-10, after the cut-off, so this rung was not_searched on evidence that did not exist yet",not_searched,false,sources/report_benchmark_gap.py,eufabric perimeter,2026-09-10,day,"as of 2023-10-31: the document cited is dated 2026-09-10, after the cut-off, so this rung was not_searched on evidence that did not exist yet",not_searched,false,sources/report_benchmark_gap.py,eufabric perimeter,2026-09-10,day,"as of 2023-10-31: the document cited is dated 2026-09-10, after the cut-off, so this rung was not_searched on evidence that did not exist yet",not_searched,false,sources/report_benchmark_gap.py,eufabric perimeter,2026-09-10,day,"as of 2023-10-31: the document cited is dated 2026-09-10, after the cut-off, so this rung was not_searched on evidence that did not exist yet",not_searched,false,sources/report_benchmark_gap.py,eufabric perimeter,2026-09-10,day,"as of 2023-10-31: the document cited is dated 2026-09-10, after the cut-off, so this rung was not_searched on evidence that did not exist yet",false,2023-10-31
iea:14,14,,CRI project in Norway (Circlenergy),clean,NOR,none found,Feasibility study,,19.05786667,ktH2Y,,,0,false,not_searched,false,sources/hydrogen_gap_search.json,eufabric search,2026-09-10,day,"as of 2023-10-31: the document cited is dated 2026-09-10, after the cut-off, so this rung was fail on evidence that did not exist yet",not_searched,false,sources/hydrogen_gap_search.json,eufabric search,2026-09-10,day,"as of 2023-10-31: the document cited is dated 2026-09-10, after the cut-off, so this rung was fail on evidence that did not exist yet",not_searched,false,sources/hydrogen_gap_search.json,eufabric search,2026-09-10,day,"as of 2023-10-31: the document cited is dated 2026-09-10, after the cut-off, so this rung was fail on evidence that did not exist yet",not_searched,false,sources/hydrogen_funder_pass.json,eufabric funder pass,2026-09-17,day,"as of 2023-10-31: the document cited is dated 2026-09-17, after the cut-off, so this rung was fail on evidence that did not exist yet",not_searched,false,sources/hydrogen_gap_search.json,eufabric search,2026-09-10,day,"as of 2023-10-31: the document cited is dated 2026-09-10, after the cut-off, so this rung was fail on evidence that did not exist yet",not_searched,false,sources/hydrogen_gap_search.json,eufabric search,2026-09-10,day,"as of 2023-10-31: the document cited is dated 2026-09-10, after the cut-off, so this rung was fail on evidence that did not exist yet",false,2023-10-31
iea:97,97,,H21 Leeds City Gate - Teesside hydrogen,clean,GBR,perimeter exclusion,Feasibility study,,3033.369,ktH2Y,,blue,0,false,not_searched,false,sources/report_benchmark_gap.py,eufabric perimeter,2026-09-10,day,"as of 2023-10-31: the document cited is dated 2026-09-10, after the cut-off, so this rung was not_searched on evidence that did not exist yet",not_searched,false,sources/report_benchmark_gap.py,eufabric perimeter,2026-09-10,day,"as of 2023-10-31: the document cited is dated 2026-09-10, after the cut-off, so this rung was not_searched on evidence that did not exist yet",not_searched,false,sources/report_benchmark_gap.py,eufabric perimeter,2026-09-10,day,"as of 2023-10-31: the document cited is dated 2026-09-10, after the cut-off, so this rung was not_searched on evidence that did not exist yet",not_searched,false,sources/report_benchmark_gap.py,eufabric perimeter,2026-09-10,day,"as of 2023-10-31: the document cited is dated 2026-09-10, after the cut-off, so this rung was not_searched on evidence that did not exist yet",not_searched,false,sources/report_benchmark_gap.py,eufabric perimeter,2026-09-10,day,"as of 2023-10-31: the document cited is dated 2026-09-10, after the cut-off, so this rung was not_searched on evidence that did not exist yet",not_searched,false,sources/report_benchmark_gap.py,eufabric perimeter,2026-09-10,day,"as of 2023-10-31: the document cited is dated 2026-09-10, after the cut-off, so this rung was not_searched on evidence that did not exist yet",false,2023-10-31
iea:111,111,,"Hynet Northwest, phase 1 (Essar Stanlow refinery)",clean,GBR,perimeter exclusion,Feasibility study,,91.98,ktH2Y,,blue,0,false,not_searched,false,sources/report_benchmark_gap.py,eufabric perimeter,2026-09-10,day,"as of 2023-10-31: the document cited is dated 2026-09-10, after the cut-off, so this rung was not_searched on evidence that did not exist yet",not_searched,false,sources/report_benchmark_gap.py,eufabric perimeter,2026-09-10,day,"as of 2023-10-31: the document cited is dated 2026-09-10, after the cut-off, so this rung was not_searched on evidence that did not exist yet",not_searched,false,sources/report_benchmark_gap.py,eufabric perimeter,2026-09-10,day,"as of 2023-10-31: the document cited is dated 2026-09-10, after the cut-off, so this rung was not_searched on evidence that did not exist yet",not_searched,false,sources/report_benchmark_gap.py,eufabric perimeter,2026-09-10,day,"as of 2023-10-31: the document cited is dated 2026-09-10, after the cut-off, so this rung was not_searched on evidence that did not exist yet",not_searched,false,sources/report_benchmark_gap.py,eufabric perimeter,2026-09-10,day,"as of 2023-10-31: the document cited is dated 2026-09-10, after the cut-off, so this rung was not_searched on evidence that did not exist yet",not_searched,false,sources/report_benchmark_gap.py,eufabric perimeter,2026-09-10,day,"as of 2023-10-31: the document cited is dated 2026-09-10, after the cut-off, so this rung was not_searched on evidence that did not exist yet",false,2023-10-31
iea:508,508,,Iberdrola - Puertollano II (extension from Ref10),clean,ESP,unread,Feasibility study,,31.536,ktH2Y,,,0,true,unread,true,,,,,company source unreadable; queued for a browser pass,unread,true,,,,,company source unreadable; queued for a browser pass,unread,true,,,,,company source unreadable; queued for a browser pass,unread,true,,,,,company source unreadable; queued for a browser pass,unread,true,,,,,company source unreadable; queued for a browser pass,unread,true,,,,,company source unreadable; queued for a browser pass,false,2023-10-31
iea:532,532,hoest-ptx-esbjerg,Høst - Esbjerg green ammonia plant,clean,DK,admitted,Concept,,100000,t_h2_per_year,,,0,false,not_searched,false,https://hoestptxesbjerg.dk/about-ptx/,HØST PtX Esbjerg,2026-09-09,day,"as of 2023-10-31: the document cited is dated 2026-09-09, after the cut-off, so this rung was pass on evidence that did not exist yet",not_searched,false,https://hoestptxesbjerg.dk/about-ptx/,owner,2026-09-09,day,"as of 2023-10-31: the document cited is dated 2026-09-09, after the cut-off, so this rung was pass on evidence that did not exist yet",not_searched,false,https://hoestptxesbjerg.dk/about-ptx/,owner,2026-09-09,day,"as of 2023-10-31: the document cited is dated 2026-09-09, after the cut-off, so this rung was fail on evidence that did not exist yet",not_searched,false,sources/hydrogen_funder_pass.json,eufabric funder pass,2026-09-17,day,"as of 2023-10-31: the document cited is dated 2026-09-17, after the cut-off, so this rung was fail on evidence that did not exist yet",not_searched,false,https://hoestptxesbjerg.dk/about-ptx/,owner,2026-09-09,day,"as of 2023-10-31: the document cited is dated 2026-09-09, after the cut-off, so this rung was fail on evidence that did not exist yet",not_searched,false,https://hoestptxesbjerg.dk/about-ptx/,owner,2026-09-09,day,"as of 2023-10-31: the document cited is dated 2026-09-09, after the cut-off, so this rung was fail on evidence that did not exist yet",true,2023-10-31
iea:543,543,,Acorn H2,clean,GBR,perimeter exclusion,Feasibility study,,49.932,ktH2Y,,blue,0,false,not_searched,false,sources/report_benchmark_gap.py,eufabric perimeter,2026-09-10,day,"as of 2023-10-31: the document cited is dated 2026-09-10, after the cut-off, so this rung was not_searched on evidence that did not exist yet",not_searched,false,sources/report_benchmark_gap.py,eufabric perimeter,2026-09-10,day,"as of 2023-10-31: the document cited is dated 2026-09-10, after the cut-off, so this rung was not_searched on evidence that did not exist yet",not_searched,false,sources/report_benchmark_gap.py,eufabric perimeter,2026-09-10,day,"as of 2023-10-31: the document cited is dated 2026-09-10, after the cut-off, so this rung was not_searched on evidence that did not exist yet",not_searched,false,sources/report_benchmark_gap.py,eufabric perimeter,2026-09-10,day,"as of 2023-10-31: the document cited is dated 2026-09-10, after the cut-off, so this rung was not_searched on evidence that did not exist yet",not_searched,false,sources/report_benchmark_gap.py,eufabric perimeter,2026-09-10,day,"as of 2023-10-31: the document cited is dated 2026-09-10, after the cut-off, so this rung was not_searched on evidence that did not exist yet",not_searched,false,sources/report_benchmark_gap.py,eufabric perimeter,2026-09-10,day,"as of 2023-10-31: the document cited is dated 2026-09-10, after the cut-off, so this rung was not_searched on evidence that did not exist yet",false,2023-10-31
iea:562,562,,H2H Saltend,clean,GBR,perimeter exclusion,Feasibility study,,149.796,ktH2Y,,blue,0,false,not_searched,false,sources/report_benchmark_gap.py,eufabric perimeter,2026-09-10,day,"as of 2023-10-31: the document cited is dated 2026-09-10, after the cut-off, so this rung was not_searched on evidence that did not exist yet",not_searched,false,sources/report_benchmark_gap.py,eufabric perimeter,2026-09-10,day,"as of 2023-10-31: the document cited is dated 2026-09-10, after the cut-off, so this rung was not_searched on evidence that did not exist yet",not_searched,false,sources/report_benchmark_gap.py,eufabric perimeter,2026-09-10,day,"as of 2023-10-31: the document cited is dated 2026-09-10, after the cut-off, so this rung was not_searched on evidence that did not exist yet",not_searched,false,sources/report_benchmark_gap.py,eufabric perimeter,2026-09-10,day,"as of 2023-10-31: the document cited is dated 2026-09-10, after the cut-off, so this rung was not_searched on evidence that did not exist yet",not_searched,false,sources/report_benchmark_gap.py,eufabric perimeter,2026-09-10,day,"as of 2023-10-31: the document cited is dated 2026-09-10, after the cut-off, so this rung was not_searched on evidence that did not exist yet",not_searched,false,sources/report_benchmark_gap.py,eufabric perimeter,2026-09-10,day,"as of 2023-10-31: the document cited is dated 2026-09-10, after the cut-off, so this rung was not_searched on evidence that did not exist yet",false,2023-10-31
iea:595,595,engie-hynetherlands-eemshaven,"HyNetherlands, 1st phase",clean,NL,admitted,Feasibility study,,100,MW_input,,,0,false,not_searched,false,https://www.hynetherlands.nl/en/project/,"HyNetherlands (ENGIE, OCI, EEW)",2026-09-10,day,"as of 2023-10-31: the document cited is dated 2026-09-10, after the cut-off, so this rung was pass on evidence that did not exist yet",not_searched,false,https://www.hynetherlands.nl/en/project/,owner,2026-09-10,day,"as of 2023-10-31: the document cited is dated 2026-09-10, after the cut-off, so this rung was pass on evidence that did not exist yet",not_searched,false,https://www.hynetherlands.nl/en/project/,owner,2026-09-10,day,"as of 2023-10-31: the document cited is dated 2026-09-10, after the cut-off, so this rung was fail on evidence that did not exist yet",not_searched,false,sources/hydrogen_funder_pass.json,eufabric funder pass,2026-09-17,day,"as of 2023-10-31: the document cited is dated 2026-09-17, after the cut-off, so this rung was fail on evidence that did not exist yet",not_searched,false,https://www.hynetherlands.nl/en/project/,owner,2026-09-10,day,"as of 2023-10-31: the document cited is dated 2026-09-10, after the cut-off, so this rung was fail on evidence that did not exist yet",not_searched,false,sources/edges.json,eufabric dependency sweep,2026-09-11,day,"as of 2023-10-31: the document cited is dated 2026-09-11, after the cut-off, so this rung was fail on evidence that did not exist yet",true,2023-10-31
iea:596,596,engie-hynetherlands-eemshaven,HyNetherlands 2nd phase,clean,NL,admitted,Feasibility study,,100,MW_input,,,0,false,not_searched,false,https://www.hynetherlands.nl/en/project/,"HyNetherlands (ENGIE, OCI, EEW)",2026-09-10,day,"as of 2023-10-31: the document cited is dated 2026-09-10, after the cut-off, so this rung was pass on evidence that did not exist yet",not_searched,false,https://www.hynetherlands.nl/en/project/,owner,2026-09-10,day,"as of 2023-10-31: the document cited is dated 2026-09-10, after the cut-off, so this rung was pass on evidence that did not exist yet",not_searched,false,https://www.hynetherlands.nl/en/project/,owner,2026-09-10,day,"as of 2023-10-31: the document cited is dated 2026-09-10, after the cut-off, so this rung was fail on evidence that did not exist yet",not_searched,false,sources/hydrogen_funder_pass.json,eufabric funder pass,2026-09-17,day,"as of 2023-10-31: the document cited is dated 2026-09-17, after the cut-off, so this rung was fail on evidence that did not exist yet",not_searched,false,https://www.hynetherlands.nl/en/project/,owner,2026-09-10,day,"as of 2023-10-31: the document cited is dated 2026-09-10, after the cut-off, so this rung was fail on evidence that did not exist yet",not_searched,false,sources/edges.json,eufabric dependency sweep,2026-09-11,day,"as of 2023-10-31: the document cited is dated 2026-09-11, after the cut-off, so this rung was fail on evidence that did not exist yet",true,2023-10-31
iea:605,605,,Green Crane Pais Vasco Hub,clean,ESP,none found,Feasibility study,,25.988,ktH2Y,,,0,false,not_searched,false,sources/hydrogen_gap_search.json,eufabric search,2026-09-10,day,"as of 2023-10-31: the document cited is dated 2026-09-10, after the cut-off, so this rung was fail on evidence that did not exist yet",not_searched,false,sources/hydrogen_gap_search.json,eufabric search,2026-09-10,day,"as of 2023-10-31: the document cited is dated 2026-09-10, after the cut-off, so this rung was fail on evidence that did not exist yet",not_searched,false,sources/hydrogen_gap_search.json,eufabric search,2026-09-10,day,"as of 2023-10-31: the document cited is dated 2026-09-10, after the cut-off, so this rung was fail on evidence that did not exist yet",not_searched,false,sources/hydrogen_funder_pass.json,eufabric funder pass,2026-09-17,day,"as of 2023-10-31: the document cited is dated 2026-09-17, after the cut-off, so this rung was fail on evidence that did not exist yet",not_searched,false,sources/hydrogen_gap_search.json,eufabric search,2026-09-10,day,"as of 2023-10-31: the document cited is dated 2026-09-10, after the cut-off, so this rung was fail on evidence that did not exist yet",not_searched,false,sources/hydrogen_gap_search.json,eufabric search,2026-09-10,day,"as of 2023-10-31: the document cited is dated 2026-09-10, after the cut-off, so this rung was fail on evidence that did not exist yet",false,2023-10-31
iea:607,607,,La Robla,clean,ESP,named not admitted,Feasibility study,,48.51093333,ktH2Y,,,0,false,not_searched,false,https://www.naturgy.com/notas-de-prensa/naturgy-y-enagas-renovable-presentan-en-la-robla-la-futura-planta-de-hidrogeno-renovable-cuya-capacidad-de-produccion-se-multiplicara-hasta-280-mw/,owner,2026-09-10,day,"as of 2023-10-31: the document cited is dated 2026-09-10, after the cut-off, so this rung was pass on evidence that did not exist yet",not_searched,false,sources/hydrogen_gap_search.json,eufabric search,2026-09-10,day,"as of 2023-10-31: the document cited is dated 2026-09-10, after the cut-off, so this rung was fail on evidence that did not exist yet",not_searched,false,sources/hydrogen_gap_search.json,eufabric search,2026-09-10,day,"as of 2023-10-31: the document cited is dated 2026-09-10, after the cut-off, so this rung was fail on evidence that did not exist yet",not_searched,false,sources/hydrogen_funder_pass.json,eufabric funder pass,2026-09-17,day,"as of 2023-10-31: the document cited is dated 2026-09-17, after the cut-off, so this rung was fail on evidence that did not exist yet",not_searched,false,sources/hydrogen_gap_search.json,eufabric search,2026-09-10,day,"as of 2023-10-31: the document cited is dated 2026-09-10, after the cut-off, so this rung was fail on evidence that did not exist yet",not_searched,false,sources/hydrogen_gap_search.json,eufabric search,2026-09-10,day,"as of 2023-10-31: the document cited is dated 2026-09-10, after the cut-off, so this rung was fail on evidence that did not exist yet",false,2023-10-31
iea:710,710,,Port Jerome,clean,FRA,perimeter exclusion,Operational,,38.982,ktH2Y,,blue,0,false,not_searched,false,sources/report_benchmark_gap.py,eufabric perimeter,2026-09-10,day,"as of 2023-10-31: the document cited is dated 2026-09-10, after the cut-off, so this rung was not_searched on evidence that did not exist yet",not_searched,false,sources/report_benchmark_gap.py,eufabric perimeter,2026-09-10,day,"as of 2023-10-31: the document cited is dated 2026-09-10, after the cut-off, so this rung was not_searched on evidence that did not exist yet",not_searched,false,sources/report_benchmark_gap.py,eufabric perimeter,2026-09-10,day,"as of 2023-10-31: the document cited is dated 2026-09-10, after the cut-off, so this rung was not_searched on evidence that did not exist yet",not_searched,false,sources/report_benchmark_gap.py,eufabric perimeter,2026-09-10,day,"as of 2023-10-31: the document cited is dated 2026-09-10, after the cut-off, so this rung was not_searched on evidence that did not exist yet",not_searched,false,sources/report_benchmark_gap.py,eufabric perimeter,2026-09-10,day,"as of 2023-10-31: the document cited is dated 2026-09-10, after the cut-off, so this rung was not_searched on evidence that did not exist yet",not_searched,false,sources/report_benchmark_gap.py,eufabric perimeter,2026-09-10,day,"as of 2023-10-31: the document cited is dated 2026-09-10, after the cut-off, so this rung was not_searched on evidence that did not exist yet",false,2023-10-31
iea:771,771,shell-holland-hydrogen-1,Holland Hydrogen - phase 1,clean,NL,admitted,FID/Construction,,200,MW_input,,,2,false,not_searched,false,https://www.shell.nl/about-us/what-we-do/waterstof/_jcr_content/root/main/section_1793187481/call_to_action/links/item0.stream/1750150411678/bc686db41e4e2aff092b4ae379a466326fd5626d/250513_HH1-leaflet_v43.pdf,Shell Nederland,2025-05-13,day,"as of 2023-10-31: the document cited is dated 2025-05-13, after the cut-off, so this rung was pass on evidence that did not exist yet",not_searched,false,https://www.shell.nl/about-us/what-we-do/waterstof/_jcr_content/root/main/section_1793187481/call_to_action/links/item0.stream/1750150411678/bc686db41e4e2aff092b4ae379a466326fd5626d/250513_HH1-leaflet_v43.pdf,owner,2025-05-13,day,"as of 2023-10-31: the document cited is dated 2025-05-13, after the cut-off, so this rung was pass on evidence that did not exist yet",not_searched,false,https://www.shell.nl/about-us/what-we-do/waterstof/_jcr_content/root/main/section_1793187481/call_to_action/links/item0.stream/1750150411678/bc686db41e4e2aff092b4ae379a466326fd5626d/250513_HH1-leaflet_v43.pdf,owner,2025-05-13,day,"as of 2023-10-31: the document cited is dated 2025-05-13, after the cut-off, so this rung was pass on evidence that did not exist yet",pass,true,https://ec.europa.eu/competition/state_aid/cases1/202427/SA_64650_439.pdf,European Commission,2022-09-21,day,IPCEI Hy2Use (SA.64650) names 'SHELL Nederland B.V.'; matched on a document naming both,not_searched,false,https://www.shell.nl/about-us/what-we-do/waterstof/_jcr_content/root/main/section_1793187481/call_to_action/links/item0.stream/1750150411678/bc686db41e4e2aff092b4ae379a466326fd5626d/250513_HH1-leaflet_v43.pdf,company,2025-05-13,day,"as of 2023-10-31: the document cited is dated 2025-05-13, after the cut-off, so this rung was pass on evidence that did not exist yet",pass,true,https://www.thyssenkrupp-nucera.com/newsroom/news-press-releases/thyssenkrupp-to-install-200-mw-green-hydrogen-facility-for-shell-in-port-of-rotterdam,supplier,2022-01-13,day,equipment_order at firmness contract,true,2023-10-31
iea:807,807,airliquide-normandhy-port-jerome,Normand’Hy - Air Liquide ,clean,FR,admitted,FID/Construction,,200,MW_input,,,4,false,not_searched,false,https://normandhy.airliquide.com/en,owner,2026-09-09,day,"as of 2023-10-31: the document cited is dated 2026-09-09, after the cut-off, so this rung was pass on evidence that did not exist yet",pass,true,https://www.airliquide.com/group/press-releases-news/2023-09-14/air-liquide-takes-further-step-developing-hydrogen-sector-france,owner,2023-09-14,day,200 MW_input as stated,pass,true,https://www.airliquide.com/group/press-releases-news/2023-09-14/air-liquide-takes-further-step-developing-hydrogen-sector-france,owner,2023-09-14,day,status_to fid,not_searched,false,sources/hydrogen_funder_pass.json,eufabric funder pass,2026-09-17,day,"as of 2023-10-31: the document cited is dated 2026-09-17, after the cut-off, so this rung was fail on evidence that did not exist yet",pass,true,https://www.airliquide.com/group/press-releases-news/2023-09-14/air-liquide-takes-further-step-developing-hydrogen-sector-france,company,2023-09-14,day,production_start 2026-H2 at half precision,pass,true,"https://www.siemens-energy.com/global/en/home/press-releases/250,000-tons-less-CO2-thanks-to-renewable-hydrogen.html",supplier,2023-09-15,day,equipment_order at firmness contract,true,2023-10-31
iea:819,819,hycc-h2ermes-ijmuiden,H2ermes,clean,NL,admitted,Feasibility study,,100,MW_input,,,1,false,not_searched,false,https://ipcei.observatory.clean-hydrogen.europa.eu/hycc-h2ermes-nl30,owner,2026-09-10,day,"as of 2023-10-31: the document cited is dated 2026-09-10, after the cut-off, so this rung was fail on evidence that did not exist yet",not_searched,false,https://ipcei.observatory.clean-hydrogen.europa.eu/hycc-h2ermes-nl30,owner,2026-09-10,day,"as of 2023-10-31: the document cited is dated 2026-09-10, after the cut-off, so this rung was pass on evidence that did not exist yet",not_searched,false,https://ipcei.observatory.clean-hydrogen.europa.eu/hycc-h2ermes-nl30,owner,2026-09-10,day,"as of 2023-10-31: the document cited is dated 2026-09-10, after the cut-off, so this rung was fail on evidence that did not exist yet",pass,true,https://ec.europa.eu/competition/state_aid/cases1/202427/SA_64650_439.pdf,European Commission,2022-09-21,day,IPCEI Hy2Use (SA.64650) names 'H2ermes B.V. (HyCC)'; matched on identifier,not_searched,false,https://ipcei.observatory.clean-hydrogen.europa.eu/hycc-h2ermes-nl30,owner,2026-09-10,day,"as of 2023-10-31: the document cited is dated 2026-09-10, after the cut-off, so this rung was fail on evidence that did not exist yet",not_searched,false,sources/edges.json,eufabric dependency sweep,2026-09-11,day,"as of 2023-10-31: the document cited is dated 2026-09-11, after the cut-off, so this rung was fail on evidence that did not exist yet",true,2023-10-31
iea:827,827,,"Shell heavy residue gasification CCU - Pernis refinery (in 2027, the CCU project will become CCUS - ref1323 - once Porthos project is available)",clean,NLD,perimeter exclusion,Operational,,100,ktH2Y,,blue,0,false,not_searched,false,sources/report_benchmark_gap.py,eufabric perimeter,2026-09-10,day,"as of 2023-10-31: the document cited is dated 2026-09-10, after the cut-off, so this rung was not_searched on evidence that did not exist yet",not_searched,false,sources/report_benchmark_gap.py,eufabric perimeter,2026-09-10,day,"as of 2023-10-31: the document cited is dated 2026-09-10, after the cut-off, so this rung was not_searched on evidence that did not exist yet",not_searched,false,sources/report_benchmark_gap.py,eufabric perimeter,2026-09-10,day,"as of 2023-10-31: the document cited is dated 2026-09-10, after the cut-off, so this rung was not_searched on evidence that did not exist yet",not_searched,false,sources/report_benchmark_gap.py,eufabric perimeter,2026-09-10,day,"as of 2023-10-31: the document cited is dated 2026-09-10, after the cut-off, so this rung was not_searched on evidence that did not exist yet",not_searched,false,sources/report_benchmark_gap.py,eufabric perimeter,2026-09-10,day,"as of 2023-10-31: the document cited is dated 2026-09-10, after the cut-off, so this rung was not_searched on evidence that did not exist yet",not_searched,false,sources/report_benchmark_gap.py,eufabric perimeter,2026-09-10,day,"as of 2023-10-31: the document cited is dated 2026-09-10, after the cut-off, so this rung was not_searched on evidence that did not exist yet",false,2023-10-31
iea:830,830,,Nemo Hydrogen Project,clean,GRC,none found,Concept,,17.32533333,ktH2Y,,,0,false,not_searched,false,sources/hydrogen_gap_search.json,eufabric search,2026-09-10,day,"as of 2023-10-31: the document cited is dated 2026-09-10, after the cut-off, so this rung was fail on evidence that did not exist yet",not_searched,false,sources/hydrogen_gap_search.json,eufabric search,2026-09-10,day,"as of 2023-10-31: the document cited is dated 2026-09-10, after the cut-off, so this rung was fail on evidence that did not exist yet",not_searched,false,sources/hydrogen_gap_search.json,eufabric search,2026-09-10,day,"as of 2023-10-31: the document cited is dated 2026-09-10, after the cut-off, so this rung was fail on evidence that did not exist yet",not_searched,false,sources/hydrogen_funder_pass.json,eufabric funder pass,2026-09-17,day,"as of 2023-10-31: the document cited is dated 2026-09-17, after the cut-off, so this rung was fail on evidence that did not exist yet",not_searched,false,sources/hydrogen_gap_search.json,eufabric search,2026-09-10,day,"as of 2023-10-31: the document cited is dated 2026-09-10, after the cut-off, so this rung was fail on evidence that did not exist yet",not_searched,false,sources/hydrogen_gap_search.json,eufabric search,2026-09-10,day,"as of 2023-10-31: the document cited is dated 2026-09-10, after the cut-off, so this rung was fail on evidence that did not exist yet",false,2023-10-31
iea:844,844,,Curthyl,clean,NLD,unread,Feasibility study,,34.65066667,ktH2Y,,,0,true,unread,true,,,,,company source unreadable; queued for a browser pass,unread,true,,,,,company source unreadable; queued for a browser pass,unread,true,,,,,company source unreadable; queued for a browser pass,unread,true,,,,,company source unreadable; queued for a browser pass,unread,true,,,,,company source unreadable; queued for a browser pass,unread,true,,,,,company source unreadable; queued for a browser pass,false,2023-10-31
iea:859,859,smartenergy-orangebat-onda,Orange-BAT Puerto Valencia,clean,ES,admitted,Concept,,100,MW_input,,,0,false,not_searched,false,https://www.smartenergy.net/orange-bat-is-the-first-green-hydrogen-project-to-obtain-the-iea-in-the-valencian-community/,Smartenergy Group,2026-09-10,day,"as of 2023-10-31: the document cited is dated 2026-09-10, after the cut-off, so this rung was pass on evidence that did not exist yet",not_searched,false,https://www.smartenergy.net/orange-bat-is-the-first-green-hydrogen-project-to-obtain-the-iea-in-the-valencian-community/,owner,2026-09-10,day,"as of 2023-10-31: the document cited is dated 2026-09-10, after the cut-off, so this rung was pass on evidence that did not exist yet",not_searched,false,https://www.smartenergy.net/orange-bat-is-the-first-green-hydrogen-project-to-obtain-the-iea-in-the-valencian-community/,owner,2026-09-10,day,"as of 2023-10-31: the document cited is dated 2026-09-10, after the cut-off, so this rung was fail on evidence that did not exist yet",not_searched,false,sources/hydrogen_funder_pass.json,eufabric funder pass,2026-09-17,day,"as of 2023-10-31: the document cited is dated 2026-09-17, after the cut-off, so this rung was fail on evidence that did not exist yet",not_searched,false,https://www.smartenergy.net/orange-bat-is-the-first-green-hydrogen-project-to-obtain-the-iea-in-the-valencian-community/,owner,2026-09-10,day,"as of 2023-10-31: the document cited is dated 2026-09-10, after the cut-off, so this rung was fail on evidence that did not exist yet",not_searched,false,sources/edges.json,eufabric dependency sweep,2026-09-11,day,"as of 2023-10-31: the document cited is dated 2026-09-11, after the cut-off, so this rung was fail on evidence that did not exist yet",true,2023-10-31
iea:873,873,,Steag-Thyssenkrupp Duisburg steel plant (HydrOxy Hub Walsum)- Phase 1,clean,DEU,perimeter exclusion,Feasibility study,,23.53913077,ktH2Y,,DRI or other perimeter exclusion,0,false,not_searched,false,sources/report_benchmark_gap.py,eufabric perimeter,2026-09-10,day,"as of 2023-10-31: the document cited is dated 2026-09-10, after the cut-off, so this rung was not_searched on evidence that did not exist yet",not_searched,false,sources/report_benchmark_gap.py,eufabric perimeter,2026-09-10,day,"as of 2023-10-31: the document cited is dated 2026-09-10, after the cut-off, so this rung was not_searched on evidence that did not exist yet",not_searched,false,sources/report_benchmark_gap.py,eufabric perimeter,2026-09-10,day,"as of 2023-10-31: the document cited is dated 2026-09-10, after the cut-off, so this rung was not_searched on evidence that did not exist yet",not_searched,false,sources/report_benchmark_gap.py,eufabric perimeter,2026-09-10,day,"as of 2023-10-31: the document cited is dated 2026-09-10, after the cut-off, so this rung was not_searched on evidence that did not exist yet",not_searched,false,sources/report_benchmark_gap.py,eufabric perimeter,2026-09-10,day,"as of 2023-10-31: the document cited is dated 2026-09-10, after the cut-off, so this rung was not_searched on evidence that did not exist yet",not_searched,false,sources/report_benchmark_gap.py,eufabric perimeter,2026-09-10,day,"as of 2023-10-31: the document cited is dated 2026-09-10, after the cut-off, so this rung was not_searched on evidence that did not exist yet",false,2023-10-31
iea:886,886,,"NortH2, phase 2",clean,NLD,none found,Concept,,519.76,ktH2Y,,,0,false,not_searched,false,sources/hydrogen_gap_search.json,eufabric search,2026-09-10,day,"as of 2023-10-31: the document cited is dated 2026-09-10, after the cut-off, so this rung was fail on evidence that did not exist yet",not_searched,false,sources/hydrogen_gap_search.json,eufabric search,2026-09-10,day,"as of 2023-10-31: the document cited is dated 2026-09-10, after the cut-off, so this rung was fail on evidence that did not exist yet",not_searched,false,sources/hydrogen_gap_search.json,eufabric search,2026-09-10,day,"as of 2023-10-31: the document cited is dated 2026-09-10, after the cut-off, so this rung was fail on evidence that did not exist yet",not_searched,false,sources/hydrogen_funder_pass.json,eufabric funder pass,2026-09-17,day,"as of 2023-10-31: the document cited is dated 2026-09-17, after the cut-off, so this rung was fail on evidence that did not exist yet",not_searched,false,sources/hydrogen_gap_search.json,eufabric search,2026-09-10,day,"as of 2023-10-31: the document cited is dated 2026-09-10, after the cut-off, so this rung was fail on evidence that did not exist yet",not_searched,false,sources/hydrogen_gap_search.json,eufabric search,2026-09-10,day,"as of 2023-10-31: the document cited is dated 2026-09-10, after the cut-off, so this rung was fail on evidence that did not exist yet",false,2023-10-31
iea:906,906,endesa-as-pontes,As Pontes power plant,clean,ES,admitted,Feasibility study,,100,MW_input,,,0,false,not_searched,false,https://www.endesa.com/en/press/press-room/news/energy-transition/endesa-studies-developing-23-green-hydrogen-projects-spain,Endesa,2026-09-10,day,"as of 2023-10-31: the document cited is dated 2026-09-10, after the cut-off, so this rung was pass on evidence that did not exist yet",not_searched,false,https://www.endesa.com/en/press/press-room/news/energy-transition/endesa-studies-developing-23-green-hydrogen-projects-spain,owner,2026-09-10,day,"as of 2023-10-31: the document cited is dated 2026-09-10, after the cut-off, so this rung was pass on evidence that did not exist yet",not_searched,false,https://www.endesa.com/en/press/press-room/news/energy-transition/endesa-studies-developing-23-green-hydrogen-projects-spain,owner,2026-09-10,day,"as of 2023-10-31: the document cited is dated 2026-09-10, after the cut-off, so this rung was fail on evidence that did not exist yet",not_searched,false,sources/hydrogen_funder_pass.json,eufabric funder pass,2026-09-17,day,"as of 2023-10-31: the document cited is dated 2026-09-17, after the cut-off, so this rung was fail on evidence that did not exist yet",not_searched,false,https://www.endesa.com/en/press/press-room/news/energy-transition/endesa-studies-developing-23-green-hydrogen-projects-spain,owner,2026-09-10,day,"as of 2023-10-31: the document cited is dated 2026-09-10, after the cut-off, so this rung was fail on evidence that did not exist yet",not_searched,false,sources/edges.json,eufabric dependency sweep,2026-09-11,day,"as of 2023-10-31: the document cited is dated 2026-09-11, after the cut-off, so this rung was fail on evidence that did not exist yet",true,2023-10-31
iea:910,910,,Huelva - Endesa,clean,ESP,named not admitted,Feasibility study,,17.32533333,ktH2Y,,,0,false,not_searched,false,https://www.endesa.com/en/press/press-room/news/energy-transition/endesa-studies-developing-23-green-hydrogen-projects-spain,owner,2026-09-10,day,"as of 2023-10-31: the document cited is dated 2026-09-10, after the cut-off, so this rung was pass on evidence that did not exist yet",not_searched,false,sources/hydrogen_gap_search.json,eufabric search,2026-09-10,day,"as of 2023-10-31: the document cited is dated 2026-09-10, after the cut-off, so this rung was fail on evidence that did not exist yet",not_searched,false,sources/hydrogen_gap_search.json,eufabric search,2026-09-10,day,"as of 2023-10-31: the document cited is dated 2026-09-10, after the cut-off, so this rung was fail on evidence that did not exist yet",not_searched,false,sources/hydrogen_funder_pass.json,eufabric funder pass,2026-09-17,day,"as of 2023-10-31: the document cited is dated 2026-09-17, after the cut-off, so this rung was fail on evidence that did not exist yet",not_searched,false,sources/hydrogen_gap_search.json,eufabric search,2026-09-10,day,"as of 2023-10-31: the document cited is dated 2026-09-10, after the cut-off, so this rung was fail on evidence that did not exist yet",not_searched,false,sources/hydrogen_gap_search.json,eufabric search,2026-09-10,day,"as of 2023-10-31: the document cited is dated 2026-09-10, after the cut-off, so this rung was fail on evidence that did not exist yet",false,2023-10-31
iea:920,920,,"Hynet Northwest, phase 3",clean,GBR,perimeter exclusion,Feasibility study,,640,ktH2Y,,blue,0,false,not_searched,false,sources/report_benchmark_gap.py,eufabric perimeter,2026-09-10,day,"as of 2023-10-31: the document cited is dated 2026-09-10, after the cut-off, so this rung was not_searched on evidence that did not exist yet",not_searched,false,sources/report_benchmark_gap.py,eufabric perimeter,2026-09-10,day,"as of 2023-10-31: the document cited is dated 2026-09-10, after the cut-off, so this rung was not_searched on evidence that did not exist yet",not_searched,false,sources/report_benchmark_gap.py,eufabric perimeter,2026-09-10,day,"as of 2023-10-31: the document cited is dated 2026-09-10, after the cut-off, so this rung was not_searched on evidence that did not exist yet",not_searched,false,sources/report_benchmark_gap.py,eufabric perimeter,2026-09-10,day,"as of 2023-10-31: the document cited is dated 2026-09-10, after the cut-off, so this rung was not_searched on evidence that did not exist yet",not_searched,false,sources/report_benchmark_gap.py,eufabric perimeter,2026-09-10,day,"as of 2023-10-31: the document cited is dated 2026-09-10, after the cut-off, so this rung was not_searched on evidence that did not exist yet",not_searched,false,sources/report_benchmark_gap.py,eufabric perimeter,2026-09-10,day,"as of 2023-10-31: the document cited is dated 2026-09-10, after the cut-off, so this rung was not_searched on evidence that did not exist yet",false,2023-10-31
iea:927,927,uniper-h2maasvlakte,"Uniper H2Maasvlakte, phase I",clean,NL,admitted,Feasibility study,,100,MW_input,,,4,false,pass,true,https://web.archive.org/web/20230315064140/https://www.uniper.energy/news/uniper-selected-plug-to-design-the-100mw-electrolyzer-package-for-the-netherlands-plant-to-accelerate-european-green-energy-adoption,owner,2023-03-07,day,row carries a position from a company or permit source,pass,true,https://web.archive.org/web/20230315064140/https://www.uniper.energy/news/uniper-selected-plug-to-design-the-100mw-electrolyzer-package-for-the-netherlands-plant-to-accelerate-european-green-energy-adoption,owner,2023-03-07,day,100 MW_input as stated,fail,true,https://web.archive.org/web/20230315064140/https://www.uniper.energy/news/uniper-selected-plug-to-design-the-100mw-electrolyzer-package-for-the-netherlands-plant-to-accelerate-european-green-energy-adoption,owner,2023-03-07,day,no owner statement that FID has been taken,pass,true,https://ec.europa.eu/competition/state_aid/cases1/202427/SA_64650_439.pdf,European Commission,2022-09-21,day,IPCEI Hy2Use (SA.64650) names 'Uniper Benelux N.V.'; matched on a document naming both,pass,true,https://web.archive.org/web/20230315064140/https://www.uniper.energy/news/uniper-selected-plug-to-design-the-100mw-electrolyzer-package-for-the-netherlands-plant-to-accelerate-european-green-energy-adoption,company,2023-03-07,day,commissioning 2026 at year precision,fail,true,https://www.ir.plugpower.com/feed/PressRelease.svc/GetPressReleaseList?LanguageId=1&bodyType=1&pressReleaseDateFilter=3&categoryId=00000000-0000-0000-0000-000000000000&pageSize=200&pageNumber=0&year=2023&excludeSelection=1,supplier,2023-03-07,day,framework_agreement at firmness framework,true,2023-10-31
iea:928,928,,"Uniper H2Maasvlakte, phase II",clean,NLD,unread,Feasibility study,,51.976,ktH2Y,,,0,true,unread,true,,,,,company source unreadable; queued for a browser pass,unread,true,,,,,company source unreadable; queued for a browser pass,unread,true,,,,,company source unreadable; queued for a browser pass,unread,true,,,,,company source unreadable; queued for a browser pass,unread,true,,,,,company source unreadable; queued for a browser pass,unread,true,,,,,company source unreadable; queued for a browser pass,false,2023-10-31
iea:936,936,,"Stegra (former, H2 Green Steel - H2GS)  - phase 1",clean,SWE,perimeter exclusion,FID/Construction,,125.4203478,ktH2Y,,DRI or other perimeter exclusion,0,false,not_searched,false,sources/report_benchmark_gap.py,eufabric perimeter,2026-09-10,day,"as of 2023-10-31: the document cited is dated 2026-09-10, after the cut-off, so this rung was not_searched on evidence that did not exist yet",not_searched,false,sources/report_benchmark_gap.py,eufabric perimeter,2026-09-10,day,"as of 2023-10-31: the document cited is dated 2026-09-10, after the cut-off, so this rung was not_searched on evidence that did not exist yet",not_searched,false,sources/report_benchmark_gap.py,eufabric perimeter,2026-09-10,day,"as of 2023-10-31: the document cited is dated 2026-09-10, after the cut-off, so this rung was not_searched on evidence that did not exist yet",not_searched,false,sources/report_benchmark_gap.py,eufabric perimeter,2026-09-10,day,"as of 2023-10-31: the document cited is dated 2026-09-10, after the cut-off, so this rung was not_searched on evidence that did not exist yet",not_searched,false,sources/report_benchmark_gap.py,eufabric perimeter,2026-09-10,day,"as of 2023-10-31: the document cited is dated 2026-09-10, after the cut-off, so this rung was not_searched on evidence that did not exist yet",not_searched,false,sources/report_benchmark_gap.py,eufabric perimeter,2026-09-10,day,"as of 2023-10-31: the document cited is dated 2026-09-10, after the cut-off, so this rung was not_searched on evidence that did not exist yet",false,2023-10-31
iea:945,945,,"Wilhelmshaven , phase 1",clean,DEU,unread,Feasibility study,,34.65066667,ktH2Y,,,0,true,unread,true,,,,,company source unreadable; queued for a browser pass,unread,true,,,,,company source unreadable; queued for a browser pass,unread,true,,,,,company source unreadable; queued for a browser pass,unread,true,,,,,company source unreadable; queued for a browser pass,unread,true,,,,,company source unreadable; queued for a browser pass,unread,true,,,,,company source unreadable; queued for a browser pass,false,2023-10-31
iea:965,965,,Puglia green hydro-gen valley - Taranto plant,clean,ITA,named not admitted,Feasibility study,,17.32533333,ktH2Y,,,0,false,not_searched,false,https://www.puglia.com,owner,2026-09-10,day,"as of 2023-10-31: the document cited is dated 2026-09-10, after the cut-off, so this rung was pass on evidence that did not exist yet",not_searched,false,sources/hydrogen_gap_search.json,eufabric search,2026-09-10,day,"as of 2023-10-31: the document cited is dated 2026-09-10, after the cut-off, so this rung was fail on evidence that did not exist yet",not_searched,false,sources/hydrogen_gap_search.json,eufabric search,2026-09-10,day,"as of 2023-10-31: the document cited is dated 2026-09-10, after the cut-off, so this rung was fail on evidence that did not exist yet",not_searched,false,sources/hydrogen_funder_pass.json,eufabric funder pass,2026-09-17,day,"as of 2023-10-31: the document cited is dated 2026-09-17, after the cut-off, so this rung was fail on evidence that did not exist yet",not_searched,false,sources/hydrogen_gap_search.json,eufabric search,2026-09-10,day,"as of 2023-10-31: the document cited is dated 2026-09-10, after the cut-off, so this rung was fail on evidence that did not exist yet",not_searched,false,sources/hydrogen_gap_search.json,eufabric search,2026-09-10,day,"as of 2023-10-31: the document cited is dated 2026-09-10, after the cut-off, so this rung was fail on evidence that did not exist yet",false,2023-10-31
iea:984,984,,"Barents Blue ammonia plant, phase 1",clean,NOR,perimeter exclusion,Feasibility study,,180.0720288,ktH2Y,,blue,0,false,not_searched,false,sources/report_benchmark_gap.py,eufabric perimeter,2026-09-10,day,"as of 2023-10-31: the document cited is dated 2026-09-10, after the cut-off, so this rung was not_searched on evidence that did not exist yet",not_searched,false,sources/report_benchmark_gap.py,eufabric perimeter,2026-09-10,day,"as of 2023-10-31: the document cited is dated 2026-09-10, after the cut-off, so this rung was not_searched on evidence that did not exist yet",not_searched,false,sources/report_benchmark_gap.py,eufabric perimeter,2026-09-10,day,"as of 2023-10-31: the document cited is dated 2026-09-10, after the cut-off, so this rung was not_searched on evidence that did not exist yet",not_searched,false,sources/report_benchmark_gap.py,eufabric perimeter,2026-09-10,day,"as of 2023-10-31: the document cited is dated 2026-09-10, after the cut-off, so this rung was not_searched on evidence that did not exist yet",not_searched,false,sources/report_benchmark_gap.py,eufabric perimeter,2026-09-10,day,"as of 2023-10-31: the document cited is dated 2026-09-10, after the cut-off, so this rung was not_searched on evidence that did not exist yet",not_searched,false,sources/report_benchmark_gap.py,eufabric perimeter,2026-09-10,day,"as of 2023-10-31: the document cited is dated 2026-09-10, after the cut-off, so this rung was not_searched on evidence that did not exist yet",false,2023-10-31
iea:1048,1048,,"Humber H2ub (Green), phase 1",clean,GBR,unread,Feasibility study,,17.99169231,ktH2Y,,,0,true,unread,true,,,,,company source unreadable; queued for a browser pass,unread,true,,,,,company source unreadable; queued for a browser pass,unread,true,,,,,company source unreadable; queued for a browser pass,unread,true,,,,,company source unreadable; queued for a browser pass,unread,true,,,,,company source unreadable; queued for a browser pass,unread,true,,,,,company source unreadable; queued for a browser pass,false,2023-10-31
iea:1052,1052,,"Element One (Element Eins), phase 3",clean,DEU,none found,Feasibility study,,39.45945946,ktH2Y,,,0,false,not_searched,false,sources/hydrogen_gap_search.json,eufabric search,2026-09-10,day,"as of 2023-10-31: the document cited is dated 2026-09-10, after the cut-off, so this rung was fail on evidence that did not exist yet",not_searched,false,sources/hydrogen_gap_search.json,eufabric search,2026-09-10,day,"as of 2023-10-31: the document cited is dated 2026-09-10, after the cut-off, so this rung was fail on evidence that did not exist yet",not_searched,false,sources/hydrogen_gap_search.json,eufabric search,2026-09-10,day,"as of 2023-10-31: the document cited is dated 2026-09-10, after the cut-off, so this rung was fail on evidence that did not exist yet",not_searched,false,sources/hydrogen_funder_pass.json,eufabric funder pass,2026-09-17,day,"as of 2023-10-31: the document cited is dated 2026-09-17, after the cut-off, so this rung was fail on evidence that did not exist yet",not_searched,false,sources/hydrogen_gap_search.json,eufabric search,2026-09-10,day,"as of 2023-10-31: the document cited is dated 2026-09-10, after the cut-off, so this rung was fail on evidence that did not exist yet",not_searched,false,sources/hydrogen_gap_search.json,eufabric search,2026-09-10,day,"as of 2023-10-31: the document cited is dated 2026-09-10, after the cut-off, so this rung was fail on evidence that did not exist yet",false,2023-10-31
iea:1086,1086,hytechhafen-rostock,Rostock - RWE - (HyTechHafen-Rostock),clean,DE,admitted,Feasibility study,,100,MW_input,,,0,false,not_searched,false,https://www.rwe.com/en/press/rwe-ag/2024-07-15-german-and-state-governments-grant-funding-for-large-hydrogen-projects-by-rwe/,RWE AG,2024-07-15,day,"as of 2023-10-31: the document cited is dated 2024-07-15, after the cut-off, so this rung was pass on evidence that did not exist yet",not_searched,false,https://www.rwe.com/en/press/rwe-ag/2024-07-15-german-and-state-governments-grant-funding-for-large-hydrogen-projects-by-rwe/,owner,2024-07-15,day,"as of 2023-10-31: the document cited is dated 2024-07-15, after the cut-off, so this rung was pass on evidence that did not exist yet",not_searched,false,https://www.rwe.com/en/press/rwe-ag/2024-07-15-german-and-state-governments-grant-funding-for-large-hydrogen-projects-by-rwe/,owner,2024-07-15,day,"as of 2023-10-31: the document cited is dated 2024-07-15, after the cut-off, so this rung was fail on evidence that did not exist yet",not_searched,false,https://ec.europa.eu/competition/state_aid/cases1/202442/SA_102825_1118.pdf,European Commission,2024-02-15,day,"as of 2023-10-31: the document cited is dated 2024-02-15, after the cut-off, so this rung was pass on evidence that did not exist yet",not_searched,false,https://www.rwe.com/en/press/rwe-ag/2024-07-15-german-and-state-governments-grant-funding-for-large-hydrogen-projects-by-rwe/,company,2024-07-15,day,"as of 2023-10-31: the document cited is dated 2024-07-15, after the cut-off, so this rung was pass on evidence that did not exist yet",not_searched,false,https://www.rwe.com/en/press/rwe-ag/2024-07-15-german-and-state-governments-grant-funding-for-large-hydrogen-projects-by-rwe/,owner,2024-07-15,day,"as of 2023-10-31: the document cited is dated 2024-07-15, after the cut-off, so this rung was fail on evidence that did not exist yet",true,2023-10-31
iea:1116,1116,airliquide-elygator-maasvlakte,ELYgator,clean,NL,admitted,FID/Construction,,200,MW_input,,,1,false,not_searched,false,https://www.airliquide.com/group/press-releases-news/2025-07-23/air-liquide-takes-final-investment-decision-build-elygator-large-scale-electrolyzer-netherlands,Air Liquide,2025-07-23,day,"as of 2023-10-31: the document cited is dated 2025-07-23, after the cut-off, so this rung was pass on evidence that did not exist yet",not_searched,false,https://www.airliquide.com/group/press-releases-news/2025-07-23/air-liquide-takes-final-investment-decision-build-elygator-large-scale-electrolyzer-netherlands,owner,2025-07-23,day,"as of 2023-10-31: the document cited is dated 2025-07-23, after the cut-off, so this rung was pass on evidence that did not exist yet",not_searched,false,https://www.airliquide.com/group/press-releases-news/2025-07-23/air-liquide-takes-final-investment-decision-build-elygator-large-scale-electrolyzer-netherlands,owner,2025-07-23,day,"as of 2023-10-31: the document cited is dated 2025-07-23, after the cut-off, so this rung was pass on evidence that did not exist yet",pass,true,https://ec.europa.eu/competition/state_aid/cases1/202427/SA_64650_439.pdf,European Commission,2022-09-21,day,IPCEI Hy2Use (SA.64650) names 'Air Liquide ELYgator'; matched on identifier,not_searched,false,https://www.airliquide.com/group/press-releases-news/2025-07-23/air-liquide-takes-final-investment-decision-build-elygator-large-scale-electrolyzer-netherlands,company,2025-07-23,day,"as of 2023-10-31: the document cited is dated 2025-07-23, after the cut-off, so this rung was pass on evidence that did not exist yet",not_searched,false,https://www.airliquide.com/group/press-releases-news/2025-07-23/air-liquide-takes-final-investment-decision-build-elygator-large-scale-electrolyzer-netherlands,owner,2025-07-23,day,"as of 2023-10-31: the document cited is dated 2025-07-23, after the cut-off, so this rung was fail on evidence that did not exist yet",true,2023-10-31
iea:1119,1119,,FUREC,clean,NLD,named not admitted,Feasibility study,,54,ktH2Y,,,0,false,not_searched,false,https://www.rwe.com/en/research-and-development/hydrogen-projects/furec/,owner,2026-09-10,day,"as of 2023-10-31: the document cited is dated 2026-09-10, after the cut-off, so this rung was pass on evidence that did not exist yet",not_searched,false,sources/hydrogen_gap_search.json,eufabric search,2026-09-10,day,"as of 2023-10-31: the document cited is dated 2026-09-10, after the cut-off, so this rung was fail on evidence that did not exist yet",not_searched,false,sources/hydrogen_gap_search.json,eufabric search,2026-09-10,day,"as of 2023-10-31: the document cited is dated 2026-09-10, after the cut-off, so this rung was fail on evidence that did not exist yet",not_searched,false,sources/hydrogen_funder_pass.json,eufabric funder pass,2026-09-17,day,"as of 2023-10-31: the document cited is dated 2026-09-17, after the cut-off, so this rung was fail on evidence that did not exist yet",not_searched,false,sources/hydrogen_gap_search.json,eufabric search,2026-09-10,day,"as of 2023-10-31: the document cited is dated 2026-09-10, after the cut-off, so this rung was fail on evidence that did not exist yet",not_searched,false,sources/hydrogen_gap_search.json,eufabric search,2026-09-10,day,"as of 2023-10-31: the document cited is dated 2026-09-10, after the cut-off, so this rung was fail on evidence that did not exist yet",false,2023-10-31
iea:1191,1191,,AquaVentus (completion),clean,DEU,none found,Concept,,1727.68224,ktH2Y,,,0,false,not_searched,false,sources/hydrogen_gap_search.json,eufabric search,2026-09-10,day,"as of 2023-10-31: the document cited is dated 2026-09-10, after the cut-off, so this rung was fail on evidence that did not exist yet",not_searched,false,sources/hydrogen_gap_search.json,eufabric search,2026-09-10,day,"as of 2023-10-31: the document cited is dated 2026-09-10, after the cut-off, so this rung was fail on evidence that did not exist yet",not_searched,false,sources/hydrogen_gap_search.json,eufabric search,2026-09-10,day,"as of 2023-10-31: the document cited is dated 2026-09-10, after the cut-off, so this rung was fail on evidence that did not exist yet",not_searched,false,sources/hydrogen_funder_pass.json,eufabric funder pass,2026-09-17,day,"as of 2023-10-31: the document cited is dated 2026-09-17, after the cut-off, so this rung was fail on evidence that did not exist yet",not_searched,false,sources/hydrogen_gap_search.json,eufabric search,2026-09-10,day,"as of 2023-10-31: the document cited is dated 2026-09-10, after the cut-off, so this rung was fail on evidence that did not exist yet",not_searched,false,sources/hydrogen_gap_search.json,eufabric search,2026-09-10,day,"as of 2023-10-31: the document cited is dated 2026-09-10, after the cut-off, so this rung was fail on evidence that did not exist yet",false,2023-10-31
iea:1221,1221,bayh2-bayernoil,Bay.H2 Project - Bayern Oil Refinery,clean,DE,admitted,Feasibility study,,128,MW_input,,,0,false,not_searched,false,https://bayh2.de/regenerativer-wasserstoff/,owner,2026-09-10,day,"as of 2023-10-31: the document cited is dated 2026-09-10, after the cut-off, so this rung was fail on evidence that did not exist yet",not_searched,false,https://bayh2.de/regenerativer-wasserstoff/,owner,2026-09-10,day,"as of 2023-10-31: the document cited is dated 2026-09-10, after the cut-off, so this rung was pass on evidence that did not exist yet",not_searched,false,https://bayh2.de/regenerativer-wasserstoff/,owner,2026-09-10,day,"as of 2023-10-31: the document cited is dated 2026-09-10, after the cut-off, so this rung was fail on evidence that did not exist yet",not_searched,false,sources/hydrogen_funder_pass.json,eufabric funder pass,2026-09-17,day,"as of 2023-10-31: the document cited is dated 2026-09-17, after the cut-off, so this rung was fail on evidence that did not exist yet",not_searched,false,https://bayh2.de/regenerativer-wasserstoff/,owner,2026-09-10,day,"as of 2023-10-31: the document cited is dated 2026-09-10, after the cut-off, so this rung was fail on evidence that did not exist yet",not_searched,false,sources/edges.json,eufabric dependency sweep,2026-09-11,day,"as of 2023-10-31: the document cited is dated 2026-09-11, after the cut-off, so this rung was fail on evidence that did not exist yet",true,2023-10-31
iea:1249,1249,,GREEN MEIGA,clean,ESP,unread,Feasibility study,,25.988,ktH2Y,,,0,true,unread,true,,,,,company source unreadable; queued for a browser pass,unread,true,,,,,company source unreadable; queued for a browser pass,unread,true,,,,,company source unreadable; queued for a browser pass,unread,true,,,,,company source unreadable; queued for a browser pass,unread,true,,,,,company source unreadable; queued for a browser pass,unread,true,,,,,company source unreadable; queued for a browser pass,false,2023-10-31
iea:1315,1315,h2energy-njordkraft-esbjerg,H2 Energy Europe Esbjerg green hydrogen,clean,DK,admitted,Feasibility study,,1000,MW_input,,,0,false,not_searched,false,https://morgenenergy.com/njordkraft/,MorGen Energy,2026-09-10,day,"as of 2023-10-31: the document cited is dated 2026-09-10, after the cut-off, so this rung was pass on evidence that did not exist yet",not_searched,false,https://morgenenergy.com/njordkraft/,owner,2026-09-10,day,"as of 2023-10-31: the document cited is dated 2026-09-10, after the cut-off, so this rung was pass on evidence that did not exist yet",not_searched,false,https://morgenenergy.com/njordkraft/,owner,2026-09-10,day,"as of 2023-10-31: the document cited is dated 2026-09-10, after the cut-off, so this rung was fail on evidence that did not exist yet",not_searched,false,sources/hydrogen_funder_pass.json,eufabric funder pass,2026-09-17,day,"as of 2023-10-31: the document cited is dated 2026-09-17, after the cut-off, so this rung was fail on evidence that did not exist yet",not_searched,false,https://morgenenergy.com/njordkraft/,owner,2026-09-10,day,"as of 2023-10-31: the document cited is dated 2026-09-10, after the cut-off, so this rung was fail on evidence that did not exist yet",not_searched,false,sources/edges.json,eufabric dependency sweep,2026-09-11,day,"as of 2023-10-31: the document cited is dated 2026-09-11, after the cut-off, so this rung was fail on evidence that did not exist yet",true,2023-10-31
iea:1323,1323,,Shell heavy residue gasification CCUS - Pernis refinery ,clean,NLD,perimeter exclusion,FID/Construction,,100,ktH2Y,,blue,0,false,not_searched,false,sources/report_benchmark_gap.py,eufabric perimeter,2026-09-10,day,"as of 2023-10-31: the document cited is dated 2026-09-10, after the cut-off, so this rung was not_searched on evidence that did not exist yet",not_searched,false,sources/report_benchmark_gap.py,eufabric perimeter,2026-09-10,day,"as of 2023-10-31: the document cited is dated 2026-09-10, after the cut-off, so this rung was not_searched on evidence that did not exist yet",not_searched,false,sources/report_benchmark_gap.py,eufabric perimeter,2026-09-10,day,"as of 2023-10-31: the document cited is dated 2026-09-10, after the cut-off, so this rung was not_searched on evidence that did not exist yet",not_searched,false,sources/report_benchmark_gap.py,eufabric perimeter,2026-09-10,day,"as of 2023-10-31: the document cited is dated 2026-09-10, after the cut-off, so this rung was not_searched on evidence that did not exist yet",not_searched,false,sources/report_benchmark_gap.py,eufabric perimeter,2026-09-10,day,"as of 2023-10-31: the document cited is dated 2026-09-10, after the cut-off, so this rung was not_searched on evidence that did not exist yet",not_searched,false,sources/report_benchmark_gap.py,eufabric perimeter,2026-09-10,day,"as of 2023-10-31: the document cited is dated 2026-09-10, after the cut-off, so this rung was not_searched on evidence that did not exist yet",false,2023-10-31
iea:1326,1326,,Gonfreville Raffinerie,clean,FRA,perimeter exclusion,Feasibility study,,93.075,ktH2Y,,blue,0,false,not_searched,false,sources/report_benchmark_gap.py,eufabric perimeter,2026-09-10,day,"as of 2023-10-31: the document cited is dated 2026-09-10, after the cut-off, so this rung was not_searched on evidence that did not exist yet",not_searched,false,sources/report_benchmark_gap.py,eufabric perimeter,2026-09-10,day,"as of 2023-10-31: the document cited is dated 2026-09-10, after the cut-off, so this rung was not_searched on evidence that did not exist yet",not_searched,false,sources/report_benchmark_gap.py,eufabric perimeter,2026-09-10,day,"as of 2023-10-31: the document cited is dated 2026-09-10, after the cut-off, so this rung was not_searched on evidence that did not exist yet",not_searched,false,sources/report_benchmark_gap.py,eufabric perimeter,2026-09-10,day,"as of 2023-10-31: the document cited is dated 2026-09-10, after the cut-off, so this rung was not_searched on evidence that did not exist yet",not_searched,false,sources/report_benchmark_gap.py,eufabric perimeter,2026-09-10,day,"as of 2023-10-31: the document cited is dated 2026-09-10, after the cut-off, so this rung was not_searched on evidence that did not exist yet",not_searched,false,sources/report_benchmark_gap.py,eufabric perimeter,2026-09-10,day,"as of 2023-10-31: the document cited is dated 2026-09-10, after the cut-off, so this rung was not_searched on evidence that did not exist yet",false,2023-10-31
iea:1351,1351,vicat-hynovi-montalieu,Hynovi - Vicat Montalieu-Vercieu cement plant,clean,FR,admitted,Feasibility study,,330,MW_input,,,0,false,not_searched,false,https://www.vicat.com/news/low-carbon-trajectory-vicat-and-hynamics-unveil-hynovi-project,owner,2026-09-10,day,"as of 2023-10-31: the document cited is dated 2026-09-10, after the cut-off, so this rung was pass on evidence that did not exist yet",not_searched,false,https://www.vicat.com/news/low-carbon-trajectory-vicat-and-hynamics-unveil-hynovi-project,owner,2026-09-10,day,"as of 2023-10-31: the document cited is dated 2026-09-10, after the cut-off, so this rung was pass on evidence that did not exist yet",not_searched,false,https://www.vicat.com/news/low-carbon-trajectory-vicat-and-hynamics-unveil-hynovi-project,owner,2026-09-10,day,"as of 2023-10-31: the document cited is dated 2026-09-10, after the cut-off, so this rung was fail on evidence that did not exist yet",not_searched,false,sources/hydrogen_funder_pass.json,eufabric funder pass,2026-09-17,day,"as of 2023-10-31: the document cited is dated 2026-09-17, after the cut-off, so this rung was fail on evidence that did not exist yet",not_searched,false,https://www.vicat.com/news/low-carbon-trajectory-vicat-and-hynamics-unveil-hynovi-project,owner,2026-09-10,day,"as of 2023-10-31: the document cited is dated 2026-09-10, after the cut-off, so this rung was fail on evidence that did not exist yet",not_searched,false,sources/edges.json,eufabric dependency sweep,2026-09-11,day,"as of 2023-10-31: the document cited is dated 2026-09-11, after the cut-off, so this rung was fail on evidence that did not exist yet",true,2023-10-31
iea:1388,1388,ineos-koeln-electrolyser,INEOS Köln site,clean,DE,admitted,Feasibility study,,100,MW_input,,,2,false,pass,true,https://www.ineos.com/news/ineos-group/ineos-green-hydrogen-project-accelerates-towards-net-zero-future-in-germany-by-2045/,INEOS,2021-10-19,day,the admitting source names the site as 'Köln-Worringen',pass,true,https://www.ineos.com/news/ineos-group/ineos-green-hydrogen-project-accelerates-towards-net-zero-future-in-germany-by-2045/,owner,2021-10-19,day,100 MW_input as stated,fail,true,https://www.ineos.com/news/ineos-group/ineos-green-hydrogen-project-accelerates-towards-net-zero-future-in-germany-by-2045/,owner,2021-10-19,day,no owner statement that FID has been taken,not_searched,false,sources/hydrogen_funder_pass.json,eufabric funder pass,2026-09-17,day,"as of 2023-10-31: the document cited is dated 2026-09-17, after the cut-off, so this rung was fail on evidence that did not exist yet",fail,true,https://www.ineos.com/news/ineos-group/ineos-green-hydrogen-project-accelerates-towards-net-zero-future-in-germany-by-2045/,owner,2021-10-19,day,no owner-stated start carrying a date precision,fail,true,https://www.ineos.com/news/ineos-group/ineos-green-hydrogen-project-accelerates-towards-net-zero-future-in-germany-by-2045/,owner,2021-10-19,day,row edge carries no firmness; brief 9's axis is where rung 6 reads,true,2023-10-31
iea:1426,1426,,INEOS / Petroineos Grangemouth chemicals complex,clean,GBR,perimeter exclusion,Feasibility study,,190,ktH2Y,,blue,0,false,not_searched,false,sources/report_benchmark_gap.py,eufabric perimeter,2026-09-10,day,"as of 2023-10-31: the document cited is dated 2026-09-10, after the cut-off, so this rung was not_searched on evidence that did not exist yet",not_searched,false,sources/report_benchmark_gap.py,eufabric perimeter,2026-09-10,day,"as of 2023-10-31: the document cited is dated 2026-09-10, after the cut-off, so this rung was not_searched on evidence that did not exist yet",not_searched,false,sources/report_benchmark_gap.py,eufabric perimeter,2026-09-10,day,"as of 2023-10-31: the document cited is dated 2026-09-10, after the cut-off, so this rung was not_searched on evidence that did not exist yet",not_searched,false,sources/report_benchmark_gap.py,eufabric perimeter,2026-09-10,day,"as of 2023-10-31: the document cited is dated 2026-09-10, after the cut-off, so this rung was not_searched on evidence that did not exist yet",not_searched,false,sources/report_benchmark_gap.py,eufabric perimeter,2026-09-10,day,"as of 2023-10-31: the document cited is dated 2026-09-10, after the cut-off, so this rung was not_searched on evidence that did not exist yet",not_searched,false,sources/report_benchmark_gap.py,eufabric perimeter,2026-09-10,day,"as of 2023-10-31: the document cited is dated 2026-09-10, after the cut-off, so this rung was not_searched on evidence that did not exist yet",false,2023-10-31
iea:1427,1427,,Air Liquide Botlek Rotterdam refinery (Porthos CCS),clean,NLD,perimeter exclusion,FID/Construction,,101.3532,ktH2Y,,blue,0,false,not_searched,false,sources/report_benchmark_gap.py,eufabric perimeter,2026-09-10,day,"as of 2023-10-31: the document cited is dated 2026-09-10, after the cut-off, so this rung was not_searched on evidence that did not exist yet",not_searched,false,sources/report_benchmark_gap.py,eufabric perimeter,2026-09-10,day,"as of 2023-10-31: the document cited is dated 2026-09-10, after the cut-off, so this rung was not_searched on evidence that did not exist yet",not_searched,false,sources/report_benchmark_gap.py,eufabric perimeter,2026-09-10,day,"as of 2023-10-31: the document cited is dated 2026-09-10, after the cut-off, so this rung was not_searched on evidence that did not exist yet",not_searched,false,sources/report_benchmark_gap.py,eufabric perimeter,2026-09-10,day,"as of 2023-10-31: the document cited is dated 2026-09-10, after the cut-off, so this rung was not_searched on evidence that did not exist yet",not_searched,false,sources/report_benchmark_gap.py,eufabric perimeter,2026-09-10,day,"as of 2023-10-31: the document cited is dated 2026-09-10, after the cut-off, so this rung was not_searched on evidence that did not exist yet",not_searched,false,sources/report_benchmark_gap.py,eufabric perimeter,2026-09-10,day,"as of 2023-10-31: the document cited is dated 2026-09-10, after the cut-off, so this rung was not_searched on evidence that did not exist yet",false,2023-10-31
iea:1428,1428,,Air Products Botlek Rotterdam refinery (Porthos CCS),clean,NLD,perimeter exclusion,FID/Construction,,54.75,ktH2Y,,blue,0,false,not_searched,false,sources/report_benchmark_gap.py,eufabric perimeter,2026-09-10,day,"as of 2023-10-31: the document cited is dated 2026-09-10, after the cut-off, so this rung was not_searched on evidence that did not exist yet",not_searched,false,sources/report_benchmark_gap.py,eufabric perimeter,2026-09-10,day,"as of 2023-10-31: the document cited is dated 2026-09-10, after the cut-off, so this rung was not_searched on evidence that did not exist yet",not_searched,false,sources/report_benchmark_gap.py,eufabric perimeter,2026-09-10,day,"as of 2023-10-31: the document cited is dated 2026-09-10, after the cut-off, so this rung was not_searched on evidence that did not exist yet",not_searched,false,sources/report_benchmark_gap.py,eufabric perimeter,2026-09-10,day,"as of 2023-10-31: the document cited is dated 2026-09-10, after the cut-off, so this rung was not_searched on evidence that did not exist yet",not_searched,false,sources/report_benchmark_gap.py,eufabric perimeter,2026-09-10,day,"as of 2023-10-31: the document cited is dated 2026-09-10, after the cut-off, so this rung was not_searched on evidence that did not exist yet",not_searched,false,sources/report_benchmark_gap.py,eufabric perimeter,2026-09-10,day,"as of 2023-10-31: the document cited is dated 2026-09-10, after the cut-off, so this rung was not_searched on evidence that did not exist yet",false,2023-10-31
iea:1437,1437,,Wasserstoffpark Lingen,clean,DEU,named not admitted,Feasibility study,,259.88,ktH2Y,,,0,false,not_searched,false,https://www.get-h2.de/en/implementation/,owner,2026-09-10,day,"as of 2023-10-31: the document cited is dated 2026-09-10, after the cut-off, so this rung was pass on evidence that did not exist yet",not_searched,false,sources/hydrogen_gap_search.json,eufabric search,2026-09-10,day,"as of 2023-10-31: the document cited is dated 2026-09-10, after the cut-off, so this rung was fail on evidence that did not exist yet",not_searched,false,sources/hydrogen_gap_search.json,eufabric search,2026-09-10,day,"as of 2023-10-31: the document cited is dated 2026-09-10, after the cut-off, so this rung was fail on evidence that did not exist yet",not_searched,false,sources/hydrogen_funder_pass.json,eufabric funder pass,2026-09-17,day,"as of 2023-10-31: the document cited is dated 2026-09-17, after the cut-off, so this rung was fail on evidence that did not exist yet",not_searched,false,sources/hydrogen_gap_search.json,eufabric search,2026-09-10,day,"as of 2023-10-31: the document cited is dated 2026-09-10, after the cut-off, so this rung was fail on evidence that did not exist yet",not_searched,false,sources/hydrogen_gap_search.json,eufabric search,2026-09-10,day,"as of 2023-10-31: the document cited is dated 2026-09-10, after the cut-off, so this rung was fail on evidence that did not exist yet",false,2023-10-31
iea:1450,1450,,H2BE,clean,BEL,perimeter exclusion,Feasibility study,,210,ktH2Y,,blue,0,false,not_searched,false,sources/report_benchmark_gap.py,eufabric perimeter,2026-09-10,day,"as of 2023-10-31: the document cited is dated 2026-09-10, after the cut-off, so this rung was not_searched on evidence that did not exist yet",not_searched,false,sources/report_benchmark_gap.py,eufabric perimeter,2026-09-10,day,"as of 2023-10-31: the document cited is dated 2026-09-10, after the cut-off, so this rung was not_searched on evidence that did not exist yet",not_searched,false,sources/report_benchmark_gap.py,eufabric perimeter,2026-09-10,day,"as of 2023-10-31: the document cited is dated 2026-09-10, after the cut-off, so this rung was not_searched on evidence that did not exist yet",not_searched,false,sources/report_benchmark_gap.py,eufabric perimeter,2026-09-10,day,"as of 2023-10-31: the document cited is dated 2026-09-10, after the cut-off, so this rung was not_searched on evidence that did not exist yet",not_searched,false,sources/report_benchmark_gap.py,eufabric perimeter,2026-09-10,day,"as of 2023-10-31: the document cited is dated 2026-09-10, after the cut-off, so this rung was not_searched on evidence that did not exist yet",not_searched,false,sources/report_benchmark_gap.py,eufabric perimeter,2026-09-10,day,"as of 2023-10-31: the document cited is dated 2026-09-10, after the cut-off, so this rung was not_searched on evidence that did not exist yet",false,2023-10-31
iea:1477,1477,h2v-fos-marseille,H2V Marseille - Fos,clean,FR,admitted,Feasibility study,iea_hydrogen_production_projects:2023-10->current,600,MW_input,,,0,false,not_searched,false,https://www.marseille-port.fr/en/projets/h2v-fos-et-le-port-de-marseille-fos,Grand Port Maritime de Marseille,2026-09-10,day,"as of 2023-10-31: the document cited is dated 2026-09-10, after the cut-off, so this rung was pass on evidence that did not exist yet",not_searched,false,https://www.marseille-port.fr/en/projets/h2v-fos-et-le-port-de-marseille-fos,owner,2026-09-10,day,"as of 2023-10-31: the document cited is dated 2026-09-10, after the cut-off, so this rung was pass on evidence that did not exist yet",not_searched,false,https://www.marseille-port.fr/en/projets/h2v-fos-et-le-port-de-marseille-fos,owner,2026-09-10,day,"as of 2023-10-31: the document cited is dated 2026-09-10, after the cut-off, so this rung was fail on evidence that did not exist yet",not_searched,false,sources/hydrogen_funder_pass.json,eufabric funder pass,2026-09-17,day,"as of 2023-10-31: the document cited is dated 2026-09-17, after the cut-off, so this rung was fail on evidence that did not exist yet",not_searched,false,https://www.marseille-port.fr/en/projets/h2v-fos-et-le-port-de-marseille-fos,owner,2026-09-10,day,"as of 2023-10-31: the document cited is dated 2026-09-10, after the cut-off, so this rung was fail on evidence that did not exist yet",not_searched,false,sources/edges.json,eufabric dependency sweep,2026-09-11,day,"as of 2023-10-31: the document cited is dated 2026-09-11, after the cut-off, so this rung was fail on evidence that did not exist yet",true,2023-10-31
iea:1489,1489,catalina-teruel-sagunto,"Catalina Project, Phase 1",clean,ES,admitted,Feasibility study,,500,MW_input,,,2,false,pass,true,https://www.naturgy.com/en/press-release/copenhagen-infrastructure-partners-announces-partnership-with-enagas-naturgy-fertiberia-and-vestas-to-build-a-project-for-the-large-scale-production-of-green-hydrogen-and-ammonia-in-spain/,Naturgy,2023-03-10,day,"the admitting source names the site as 'Andorra, Teruel'",pass,true,https://www.naturgy.com/en/press-release/copenhagen-infrastructure-partners-announces-partnership-with-enagas-naturgy-fertiberia-and-vestas-to-build-a-project-for-the-large-scale-production-of-green-hydrogen-and-ammonia-in-spain/,owner,2023-03-10,day,500 MW_input as stated,fail,true,https://www.naturgy.com/en/press-release/copenhagen-infrastructure-partners-announces-partnership-with-enagas-naturgy-fertiberia-and-vestas-to-build-a-project-for-the-large-scale-production-of-green-hydrogen-and-ammonia-in-spain/,owner,2023-03-10,day,no owner statement that FID has been taken,not_searched,false,https://cinea.ec.europa.eu/news-events/news/winners-first-eu-wide-renewable-hydrogen-auction-sign-grant-agreements-paving-way-new-european-2024-10-08_en,European Commission (CINEA),2024-10-07,day,"as of 2023-10-31: the document cited is dated 2024-10-07, after the cut-off, so this rung was pass on evidence that did not exist yet",fail,true,https://www.naturgy.com/en/press-release/copenhagen-infrastructure-partners-announces-partnership-with-enagas-naturgy-fertiberia-and-vestas-to-build-a-project-for-the-large-scale-production-of-green-hydrogen-and-ammonia-in-spain/,owner,2023-03-10,day,no owner-stated start carrying a date precision,fail,true,https://www.naturgy.com/en/press-release/copenhagen-infrastructure-partners-announces-partnership-with-enagas-naturgy-fertiberia-and-vestas-to-build-a-project-for-the-large-scale-production-of-green-hydrogen-and-ammonia-in-spain/,owner,2023-03-10,day,row edge carries no firmness; brief 9's axis is where rung 6 reads,true,2023-10-31
iea:1493,1493,rwe-pembroke-green-hydrogen,Pembroke power station - Pembroke Green Hydrogen/Net Zero Centre (Phase 1),clean,GB,admitted,Feasibility study,,100,MW_input,,,0,false,not_searched,false,https://uk.rwe.com/innovation/pembroke-net-zero-centre-pnzc/pembroke-green-hydrogen/,owner,2026-09-10,day,"as of 2023-10-31: the document cited is dated 2026-09-10, after the cut-off, so this rung was fail on evidence that did not exist yet",not_searched,false,https://uk.rwe.com/innovation/pembroke-net-zero-centre-pnzc/pembroke-green-hydrogen/,owner,2026-09-10,day,"as of 2023-10-31: the document cited is dated 2026-09-10, after the cut-off, so this rung was pass on evidence that did not exist yet",not_searched,false,https://uk.rwe.com/innovation/pembroke-net-zero-centre-pnzc/pembroke-green-hydrogen/,owner,2026-09-10,day,"as of 2023-10-31: the document cited is dated 2026-09-10, after the cut-off, so this rung was fail on evidence that did not exist yet",not_searched,false,sources/hydrogen_funder_pass.json,eufabric funder pass,2026-09-17,day,"as of 2023-10-31: the document cited is dated 2026-09-17, after the cut-off, so this rung was fail on evidence that did not exist yet",not_searched,false,https://uk.rwe.com/innovation/pembroke-net-zero-centre-pnzc/pembroke-green-hydrogen/,owner,2026-09-10,day,"as of 2023-10-31: the document cited is dated 2026-09-10, after the cut-off, so this rung was fail on evidence that did not exist yet",not_searched,false,sources/edges.json,eufabric dependency sweep,2026-09-11,day,"as of 2023-10-31: the document cited is dated 2026-09-11, after the cut-off, so this rung was fail on evidence that did not exist yet",true,2023-10-31
iea:1503,1503,,Green CCU Hub Aalborg,clean,DNK,none found,Feasibility study,,20.7904,ktH2Y,,,0,false,not_searched,false,sources/hydrogen_gap_search.json,eufabric search,2026-09-10,day,"as of 2023-10-31: the document cited is dated 2026-09-10, after the cut-off, so this rung was fail on evidence that did not exist yet",not_searched,false,sources/hydrogen_gap_search.json,eufabric search,2026-09-10,day,"as of 2023-10-31: the document cited is dated 2026-09-10, after the cut-off, so this rung was fail on evidence that did not exist yet",not_searched,false,sources/hydrogen_gap_search.json,eufabric search,2026-09-10,day,"as of 2023-10-31: the document cited is dated 2026-09-10, after the cut-off, so this rung was fail on evidence that did not exist yet",not_searched,false,sources/hydrogen_funder_pass.json,eufabric funder pass,2026-09-17,day,"as of 2023-10-31: the document cited is dated 2026-09-17, after the cut-off, so this rung was fail on evidence that did not exist yet",not_searched,false,sources/hydrogen_gap_search.json,eufabric search,2026-09-10,day,"as of 2023-10-31: the document cited is dated 2026-09-10, after the cut-off, so this rung was fail on evidence that did not exist yet",not_searched,false,sources/hydrogen_gap_search.json,eufabric search,2026-09-10,day,"as of 2023-10-31: the document cited is dated 2026-09-10, after the cut-off, so this rung was fail on evidence that did not exist yet",false,2023-10-31
iea:1505,1505,,Green lab skive (Phase III),clean,DNK,none found,Concept,,39.15525333,ktH2Y,,,0,false,not_searched,false,sources/hydrogen_gap_search.json,eufabric search,2026-09-10,day,"as of 2023-10-31: the document cited is dated 2026-09-10, after the cut-off, so this rung was fail on evidence that did not exist yet",not_searched,false,sources/hydrogen_gap_search.json,eufabric search,2026-09-10,day,"as of 2023-10-31: the document cited is dated 2026-09-10, after the cut-off, so this rung was fail on evidence that did not exist yet",not_searched,false,sources/hydrogen_gap_search.json,eufabric search,2026-09-10,day,"as of 2023-10-31: the document cited is dated 2026-09-10, after the cut-off, so this rung was fail on evidence that did not exist yet",not_searched,false,sources/hydrogen_funder_pass.json,eufabric funder pass,2026-09-17,day,"as of 2023-10-31: the document cited is dated 2026-09-17, after the cut-off, so this rung was fail on evidence that did not exist yet",not_searched,false,sources/hydrogen_gap_search.json,eufabric search,2026-09-10,day,"as of 2023-10-31: the document cited is dated 2026-09-10, after the cut-off, so this rung was fail on evidence that did not exist yet",not_searched,false,sources/hydrogen_gap_search.json,eufabric search,2026-09-10,day,"as of 2023-10-31: the document cited is dated 2026-09-10, after the cut-off, so this rung was fail on evidence that did not exist yet",false,2023-10-31
iea:1541,1541,,"BP Castellon refinery, phase 2",clean,ESP,none found,Feasibility study,,17.32533333,ktH2Y,,,0,false,not_searched,false,sources/hydrogen_gap_search.json,eufabric search,2026-09-10,day,"as of 2023-10-31: the document cited is dated 2026-09-10, after the cut-off, so this rung was fail on evidence that did not exist yet",not_searched,false,sources/hydrogen_gap_search.json,eufabric search,2026-09-10,day,"as of 2023-10-31: the document cited is dated 2026-09-10, after the cut-off, so this rung was fail on evidence that did not exist yet",not_searched,false,sources/hydrogen_gap_search.json,eufabric search,2026-09-10,day,"as of 2023-10-31: the document cited is dated 2026-09-10, after the cut-off, so this rung was fail on evidence that did not exist yet",not_searched,false,sources/hydrogen_funder_pass.json,eufabric funder pass,2026-09-17,day,"as of 2023-10-31: the document cited is dated 2026-09-17, after the cut-off, so this rung was fail on evidence that did not exist yet",not_searched,false,sources/hydrogen_gap_search.json,eufabric search,2026-09-10,day,"as of 2023-10-31: the document cited is dated 2026-09-10, after the cut-off, so this rung was fail on evidence that did not exist yet",not_searched,false,sources/hydrogen_gap_search.json,eufabric search,2026-09-10,day,"as of 2023-10-31: the document cited is dated 2026-09-10, after the cut-off, so this rung was fail on evidence that did not exist yet",false,2023-10-31
iea:1548,1548,,Lacq Hydrogen,clean,ESP,none found,Concept,,1000,ktH2Y,,,0,false,not_searched,false,sources/hydrogen_gap_search.json,eufabric search,2026-09-10,day,"as of 2023-10-31: the document cited is dated 2026-09-10, after the cut-off, so this rung was fail on evidence that did not exist yet",not_searched,false,sources/hydrogen_gap_search.json,eufabric search,2026-09-10,day,"as of 2023-10-31: the document cited is dated 2026-09-10, after the cut-off, so this rung was fail on evidence that did not exist yet",not_searched,false,sources/hydrogen_gap_search.json,eufabric search,2026-09-10,day,"as of 2023-10-31: the document cited is dated 2026-09-10, after the cut-off, so this rung was fail on evidence that did not exist yet",not_searched,false,sources/hydrogen_funder_pass.json,eufabric funder pass,2026-09-17,day,"as of 2023-10-31: the document cited is dated 2026-09-17, after the cut-off, so this rung was fail on evidence that did not exist yet",not_searched,false,sources/hydrogen_gap_search.json,eufabric search,2026-09-10,day,"as of 2023-10-31: the document cited is dated 2026-09-10, after the cut-off, so this rung was fail on evidence that did not exist yet",not_searched,false,sources/hydrogen_gap_search.json,eufabric search,2026-09-10,day,"as of 2023-10-31: the document cited is dated 2026-09-10, after the cut-off, so this rung was fail on evidence that did not exist yet",false,2023-10-31
iea:1549,1549,,"First HyDeal hub, phase 1",clean,ESP,none found,Feasibility study,,207.904,ktH2Y,,,0,false,not_searched,false,sources/hydrogen_gap_search.json,eufabric search,2026-09-10,day,"as of 2023-10-31: the document cited is dated 2026-09-10, after the cut-off, so this rung was fail on evidence that did not exist yet",not_searched,false,sources/hydrogen_gap_search.json,eufabric search,2026-09-10,day,"as of 2023-10-31: the document cited is dated 2026-09-10, after the cut-off, so this rung was fail on evidence that did not exist yet",not_searched,false,sources/hydrogen_gap_search.json,eufabric search,2026-09-10,day,"as of 2023-10-31: the document cited is dated 2026-09-10, after the cut-off, so this rung was fail on evidence that did not exist yet",not_searched,false,sources/hydrogen_funder_pass.json,eufabric funder pass,2026-09-17,day,"as of 2023-10-31: the document cited is dated 2026-09-17, after the cut-off, so this rung was fail on evidence that did not exist yet",not_searched,false,sources/hydrogen_gap_search.json,eufabric search,2026-09-10,day,"as of 2023-10-31: the document cited is dated 2026-09-10, after the cut-off, so this rung was fail on evidence that did not exist yet",not_searched,false,sources/hydrogen_gap_search.json,eufabric search,2026-09-10,day,"as of 2023-10-31: the document cited is dated 2026-09-10, after the cut-off, so this rung was fail on evidence that did not exist yet",false,2023-10-31
iea:1612,1612,,Hidroversol Castilla y León,clean,ESP,named not admitted,Feasibility study,,34.65066667,ktH2Y,,,0,false,not_searched,false,https://www.boe.es/diario_boe/txt.php?id=BOE-B-2024-32888,permit,2026-09-10,day,"as of 2023-10-31: the document cited is dated 2026-09-10, after the cut-off, so this rung was pass on evidence that did not exist yet",not_searched,false,sources/hydrogen_gap_search.json,eufabric search,2026-09-10,day,"as of 2023-10-31: the document cited is dated 2026-09-10, after the cut-off, so this rung was fail on evidence that did not exist yet",not_searched,false,sources/hydrogen_gap_search.json,eufabric search,2026-09-10,day,"as of 2023-10-31: the document cited is dated 2026-09-10, after the cut-off, so this rung was fail on evidence that did not exist yet",not_searched,false,sources/hydrogen_funder_pass.json,eufabric funder pass,2026-09-17,day,"as of 2023-10-31: the document cited is dated 2026-09-17, after the cut-off, so this rung was fail on evidence that did not exist yet",not_searched,false,sources/hydrogen_gap_search.json,eufabric search,2026-09-10,day,"as of 2023-10-31: the document cited is dated 2026-09-10, after the cut-off, so this rung was fail on evidence that did not exist yet",not_searched,false,sources/hydrogen_gap_search.json,eufabric search,2026-09-10,day,"as of 2023-10-31: the document cited is dated 2026-09-10, after the cut-off, so this rung was fail on evidence that did not exist yet",false,2023-10-31
iea:1623,1623,,Emil'Hy- (Phase 1),clean,FRA,unread,Concept,,34.65066667,ktH2Y,,,0,true,unread,true,,,,,company source unreadable; queued for a browser pass,unread,true,,,,,company source unreadable; queued for a browser pass,unread,true,,,,,company source unreadable; queued for a browser pass,unread,true,,,,,company source unreadable; queued for a browser pass,unread,true,,,,,company source unreadable; queued for a browser pass,unread,true,,,,,company source unreadable; queued for a browser pass,false,2023-10-31
iea:1640,1640,,Teesside Hydrogen CO2 Capture/H2NorthEast Phase 1,clean,GBR,perimeter exclusion,Feasibility study,,88.6293,ktH2Y,,blue,0,false,not_searched,false,sources/report_benchmark_gap.py,eufabric perimeter,2026-09-10,day,"as of 2023-10-31: the document cited is dated 2026-09-10, after the cut-off, so this rung was not_searched on evidence that did not exist yet",not_searched,false,sources/report_benchmark_gap.py,eufabric perimeter,2026-09-10,day,"as of 2023-10-31: the document cited is dated 2026-09-10, after the cut-off, so this rung was not_searched on evidence that did not exist yet",not_searched,false,sources/report_benchmark_gap.py,eufabric perimeter,2026-09-10,day,"as of 2023-10-31: the document cited is dated 2026-09-10, after the cut-off, so this rung was not_searched on evidence that did not exist yet",not_searched,false,sources/report_benchmark_gap.py,eufabric perimeter,2026-09-10,day,"as of 2023-10-31: the document cited is dated 2026-09-10, after the cut-off, so this rung was not_searched on evidence that did not exist yet",not_searched,false,sources/report_benchmark_gap.py,eufabric perimeter,2026-09-10,day,"as of 2023-10-31: the document cited is dated 2026-09-10, after the cut-off, so this rung was not_searched on evidence that did not exist yet",not_searched,false,sources/report_benchmark_gap.py,eufabric perimeter,2026-09-10,day,"as of 2023-10-31: the document cited is dated 2026-09-10, after the cut-off, so this rung was not_searched on evidence that did not exist yet",false,2023-10-31
iea:1641,1641,,Teesside Hydrogen CO2 Capture/H2NorthEast Phase 2,clean,GBR,perimeter exclusion,Feasibility study,,161.0307,ktH2Y,,blue,0,false,not_searched,false,sources/report_benchmark_gap.py,eufabric perimeter,2026-09-10,day,"as of 2023-10-31: the document cited is dated 2026-09-10, after the cut-off, so this rung was not_searched on evidence that did not exist yet",not_searched,false,sources/report_benchmark_gap.py,eufabric perimeter,2026-09-10,day,"as of 2023-10-31: the document cited is dated 2026-09-10, after the cut-off, so this rung was not_searched on evidence that did not exist yet",not_searched,false,sources/report_benchmark_gap.py,eufabric perimeter,2026-09-10,day,"as of 2023-10-31: the document cited is dated 2026-09-10, after the cut-off, so this rung was not_searched on evidence that did not exist yet",not_searched,false,sources/report_benchmark_gap.py,eufabric perimeter,2026-09-10,day,"as of 2023-10-31: the document cited is dated 2026-09-10, after the cut-off, so this rung was not_searched on evidence that did not exist yet",not_searched,false,sources/report_benchmark_gap.py,eufabric perimeter,2026-09-10,day,"as of 2023-10-31: the document cited is dated 2026-09-10, after the cut-off, so this rung was not_searched on evidence that did not exist yet",not_searched,false,sources/report_benchmark_gap.py,eufabric perimeter,2026-09-10,day,"as of 2023-10-31: the document cited is dated 2026-09-10, after the cut-off, so this rung was not_searched on evidence that did not exist yet",false,2023-10-31
iea:1643,1643,,Wilheimshaven Energy Hub BlueHyNow,clean,DEU,perimeter exclusion,Concept,,155.928,ktH2Y,,blue,0,false,not_searched,false,sources/report_benchmark_gap.py,eufabric perimeter,2026-09-10,day,"as of 2023-10-31: the document cited is dated 2026-09-10, after the cut-off, so this rung was not_searched on evidence that did not exist yet",not_searched,false,sources/report_benchmark_gap.py,eufabric perimeter,2026-09-10,day,"as of 2023-10-31: the document cited is dated 2026-09-10, after the cut-off, so this rung was not_searched on evidence that did not exist yet",not_searched,false,sources/report_benchmark_gap.py,eufabric perimeter,2026-09-10,day,"as of 2023-10-31: the document cited is dated 2026-09-10, after the cut-off, so this rung was not_searched on evidence that did not exist yet",not_searched,false,sources/report_benchmark_gap.py,eufabric perimeter,2026-09-10,day,"as of 2023-10-31: the document cited is dated 2026-09-10, after the cut-off, so this rung was not_searched on evidence that did not exist yet",not_searched,false,sources/report_benchmark_gap.py,eufabric perimeter,2026-09-10,day,"as of 2023-10-31: the document cited is dated 2026-09-10, after the cut-off, so this rung was not_searched on evidence that did not exist yet",not_searched,false,sources/report_benchmark_gap.py,eufabric perimeter,2026-09-10,day,"as of 2023-10-31: the document cited is dated 2026-09-10, after the cut-off, so this rung was not_searched on evidence that did not exist yet",false,2023-10-31
iea:1654,1654,,HyKero,clean,DEU,none found,Concept,,65.78947368,ktH2Y,,,0,false,not_searched,false,sources/hydrogen_gap_search.json,eufabric search,2026-09-10,day,"as of 2023-10-31: the document cited is dated 2026-09-10, after the cut-off, so this rung was fail on evidence that did not exist yet",not_searched,false,sources/hydrogen_gap_search.json,eufabric search,2026-09-10,day,"as of 2023-10-31: the document cited is dated 2026-09-10, after the cut-off, so this rung was fail on evidence that did not exist yet",not_searched,false,sources/hydrogen_gap_search.json,eufabric search,2026-09-10,day,"as of 2023-10-31: the document cited is dated 2026-09-10, after the cut-off, so this rung was fail on evidence that did not exist yet",not_searched,false,sources/hydrogen_funder_pass.json,eufabric funder pass,2026-09-17,day,"as of 2023-10-31: the document cited is dated 2026-09-17, after the cut-off, so this rung was fail on evidence that did not exist yet",not_searched,false,sources/hydrogen_gap_search.json,eufabric search,2026-09-10,day,"as of 2023-10-31: the document cited is dated 2026-09-10, after the cut-off, so this rung was fail on evidence that did not exist yet",not_searched,false,sources/hydrogen_gap_search.json,eufabric search,2026-09-10,day,"as of 2023-10-31: the document cited is dated 2026-09-10, after the cut-off, so this rung was fail on evidence that did not exist yet",false,2023-10-31
iea:1662,1662,,Barsebäck Hydrogen Hub,clean,SWE,none found,Concept,,17.32533333,ktH2Y,,,0,false,not_searched,false,sources/hydrogen_gap_search.json,eufabric search,2026-09-10,day,"as of 2023-10-31: the document cited is dated 2026-09-10, after the cut-off, so this rung was fail on evidence that did not exist yet",not_searched,false,sources/hydrogen_gap_search.json,eufabric search,2026-09-10,day,"as of 2023-10-31: the document cited is dated 2026-09-10, after the cut-off, so this rung was fail on evidence that did not exist yet",not_searched,false,sources/hydrogen_gap_search.json,eufabric search,2026-09-10,day,"as of 2023-10-31: the document cited is dated 2026-09-10, after the cut-off, so this rung was fail on evidence that did not exist yet",not_searched,false,sources/hydrogen_funder_pass.json,eufabric funder pass,2026-09-17,day,"as of 2023-10-31: the document cited is dated 2026-09-17, after the cut-off, so this rung was fail on evidence that did not exist yet",not_searched,false,sources/hydrogen_gap_search.json,eufabric search,2026-09-10,day,"as of 2023-10-31: the document cited is dated 2026-09-10, after the cut-off, so this rung was fail on evidence that did not exist yet",not_searched,false,sources/hydrogen_gap_search.json,eufabric search,2026-09-10,day,"as of 2023-10-31: the document cited is dated 2026-09-10, after the cut-off, so this rung was fail on evidence that did not exist yet",false,2023-10-31
iea:1663,1663,,BotnialänkenH2,clean,SWE,unread,Concept,,17.32533333,ktH2Y,,,0,true,unread,true,,,,,company source unreadable; queued for a browser pass,unread,true,,,,,company source unreadable; queued for a browser pass,unread,true,,,,,company source unreadable; queued for a browser pass,unread,true,,,,,company source unreadable; queued for a browser pass,unread,true,,,,,company source unreadable; queued for a browser pass,unread,true,,,,,company source unreadable; queued for a browser pass,false,2023-10-31
iea:1806,1806,,Holland Hydrogen - phase 2,clean,NLD,unread,Feasibility study,,33.8973913,ktH2Y,,,0,true,unread,true,,,,,company source unreadable; queued for a browser pass,unread,true,,,,,company source unreadable; queued for a browser pass,unread,true,,,,,company source unreadable; queued for a browser pass,unread,true,,,,,company source unreadable; queued for a browser pass,unread,true,,,,,company source unreadable; queued for a browser pass,unread,true,,,,,company source unreadable; queued for a browser pass,false,2023-10-31
iea:1807,1807,hycc-h2era-amsterdam,H2era,clean,NL,admitted,Feasibility study,,500,MW_input,,,0,false,not_searched,false,https://www.hycc.com/en/projects/h2era,HyCC,2026-09-10,day,"as of 2023-10-31: the document cited is dated 2026-09-10, after the cut-off, so this rung was pass on evidence that did not exist yet",not_searched,false,https://www.hycc.com/en/projects/h2era,owner,2026-09-10,day,"as of 2023-10-31: the document cited is dated 2026-09-10, after the cut-off, so this rung was pass on evidence that did not exist yet",not_searched,false,https://www.hycc.com/en/projects/h2era,owner,2026-09-10,day,"as of 2023-10-31: the document cited is dated 2026-09-10, after the cut-off, so this rung was fail on evidence that did not exist yet",not_searched,false,sources/hydrogen_funder_pass.json,eufabric funder pass,2026-09-17,day,"as of 2023-10-31: the document cited is dated 2026-09-17, after the cut-off, so this rung was fail on evidence that did not exist yet",not_searched,false,https://www.hycc.com/en/projects/h2era,owner,2026-09-10,day,"as of 2023-10-31: the document cited is dated 2026-09-10, after the cut-off, so this rung was fail on evidence that did not exist yet",not_searched,false,sources/edges.json,eufabric dependency sweep,2026-09-11,day,"as of 2023-10-31: the document cited is dated 2026-09-11, after the cut-off, so this rung was fail on evidence that did not exist yet",true,2023-10-31
iea:1812,1812,,"Tees Green Hydrogen, phase 2",clean,GBR,none found,Feasibility study,,17.99169231,ktH2Y,,,0,false,not_searched,false,sources/hydrogen_gap_search.json,eufabric search,2026-09-10,day,"as of 2023-10-31: the document cited is dated 2026-09-10, after the cut-off, so this rung was fail on evidence that did not exist yet",not_searched,false,sources/hydrogen_gap_search.json,eufabric search,2026-09-10,day,"as of 2023-10-31: the document cited is dated 2026-09-10, after the cut-off, so this rung was fail on evidence that did not exist yet",not_searched,false,sources/hydrogen_gap_search.json,eufabric search,2026-09-10,day,"as of 2023-10-31: the document cited is dated 2026-09-10, after the cut-off, so this rung was fail on evidence that did not exist yet",not_searched,false,sources/hydrogen_funder_pass.json,eufabric funder pass,2026-09-17,day,"as of 2023-10-31: the document cited is dated 2026-09-17, after the cut-off, so this rung was fail on evidence that did not exist yet",not_searched,false,sources/hydrogen_gap_search.json,eufabric search,2026-09-10,day,"as of 2023-10-31: the document cited is dated 2026-09-10, after the cut-off, so this rung was fail on evidence that did not exist yet",not_searched,false,sources/hydrogen_gap_search.json,eufabric search,2026-09-10,day,"as of 2023-10-31: the document cited is dated 2026-09-10, after the cut-off, so this rung was fail on evidence that did not exist yet",false,2023-10-31
iea:1813,1813,,GravitHy,clean,FRA,perimeter exclusion,Feasibility study,,121.2773333,ktH2Y,,DRI or other perimeter exclusion,0,false,not_searched,false,sources/report_benchmark_gap.py,eufabric perimeter,2026-09-10,day,"as of 2023-10-31: the document cited is dated 2026-09-10, after the cut-off, so this rung was not_searched on evidence that did not exist yet",not_searched,false,sources/report_benchmark_gap.py,eufabric perimeter,2026-09-10,day,"as of 2023-10-31: the document cited is dated 2026-09-10, after the cut-off, so this rung was not_searched on evidence that did not exist yet",not_searched,false,sources/report_benchmark_gap.py,eufabric perimeter,2026-09-10,day,"as of 2023-10-31: the document cited is dated 2026-09-10, after the cut-off, so this rung was not_searched on evidence that did not exist yet",not_searched,false,sources/report_benchmark_gap.py,eufabric perimeter,2026-09-10,day,"as of 2023-10-31: the document cited is dated 2026-09-10, after the cut-off, so this rung was not_searched on evidence that did not exist yet",not_searched,false,sources/report_benchmark_gap.py,eufabric perimeter,2026-09-10,day,"as of 2023-10-31: the document cited is dated 2026-09-10, after the cut-off, so this rung was not_searched on evidence that did not exist yet",not_searched,false,sources/report_benchmark_gap.py,eufabric perimeter,2026-09-10,day,"as of 2023-10-31: the document cited is dated 2026-09-10, after the cut-off, so this rung was not_searched on evidence that did not exist yet",false,2023-10-31
iea:1816,1816,,Navigator - P2X-Europe JV,clean,PRT,named not admitted,Feasibility study,,52.63157895,ktH2Y,,,0,false,not_searched,false,https://www.p2x-europe.com/news/detail/the-navigator-company-and-p2x-europe-announce-a-unique-joint-venture-in-portugal-to-produce-green-non-fossil-synthetic-efuels-and-scale-up-power-to-liquid-business/,owner,2026-09-10,day,"as of 2023-10-31: the document cited is dated 2026-09-10, after the cut-off, so this rung was pass on evidence that did not exist yet",not_searched,false,sources/hydrogen_gap_search.json,eufabric search,2026-09-10,day,"as of 2023-10-31: the document cited is dated 2026-09-10, after the cut-off, so this rung was fail on evidence that did not exist yet",not_searched,false,sources/hydrogen_gap_search.json,eufabric search,2026-09-10,day,"as of 2023-10-31: the document cited is dated 2026-09-10, after the cut-off, so this rung was fail on evidence that did not exist yet",not_searched,false,sources/hydrogen_funder_pass.json,eufabric funder pass,2026-09-17,day,"as of 2023-10-31: the document cited is dated 2026-09-17, after the cut-off, so this rung was fail on evidence that did not exist yet",not_searched,false,sources/hydrogen_gap_search.json,eufabric search,2026-09-10,day,"as of 2023-10-31: the document cited is dated 2026-09-10, after the cut-off, so this rung was fail on evidence that did not exist yet",not_searched,false,sources/hydrogen_gap_search.json,eufabric search,2026-09-10,day,"as of 2023-10-31: the document cited is dated 2026-09-10, after the cut-off, so this rung was fail on evidence that did not exist yet",false,2023-10-31
iea:1826,1826,,"PanHy, phase 2",clean,AUT,none found,Concept,,41.5808,ktH2Y,,,0,false,not_searched,false,sources/hydrogen_gap_search.json,eufabric search,2026-09-10,day,"as of 2023-10-31: the document cited is dated 2026-09-10, after the cut-off, so this rung was fail on evidence that did not exist yet",not_searched,false,sources/hydrogen_gap_search.json,eufabric search,2026-09-10,day,"as of 2023-10-31: the document cited is dated 2026-09-10, after the cut-off, so this rung was fail on evidence that did not exist yet",not_searched,false,sources/hydrogen_gap_search.json,eufabric search,2026-09-10,day,"as of 2023-10-31: the document cited is dated 2026-09-10, after the cut-off, so this rung was fail on evidence that did not exist yet",not_searched,false,sources/hydrogen_funder_pass.json,eufabric funder pass,2026-09-17,day,"as of 2023-10-31: the document cited is dated 2026-09-17, after the cut-off, so this rung was fail on evidence that did not exist yet",not_searched,false,sources/hydrogen_gap_search.json,eufabric search,2026-09-10,day,"as of 2023-10-31: the document cited is dated 2026-09-10, after the cut-off, so this rung was fail on evidence that did not exist yet",not_searched,false,sources/hydrogen_gap_search.json,eufabric search,2026-09-10,day,"as of 2023-10-31: the document cited is dated 2026-09-10, after the cut-off, so this rung was fail on evidence that did not exist yet",false,2023-10-31
iea:1843,1843,,"Dylan, phase 1",clean,GBR,none found,Concept,,51.976,ktH2Y,,,0,false,not_searched,false,sources/hydrogen_gap_search.json,eufabric search,2026-09-10,day,"as of 2023-10-31: the document cited is dated 2026-09-10, after the cut-off, so this rung was fail on evidence that did not exist yet",not_searched,false,sources/hydrogen_gap_search.json,eufabric search,2026-09-10,day,"as of 2023-10-31: the document cited is dated 2026-09-10, after the cut-off, so this rung was fail on evidence that did not exist yet",not_searched,false,sources/hydrogen_gap_search.json,eufabric search,2026-09-10,day,"as of 2023-10-31: the document cited is dated 2026-09-10, after the cut-off, so this rung was fail on evidence that did not exist yet",not_searched,false,sources/hydrogen_funder_pass.json,eufabric funder pass,2026-09-17,day,"as of 2023-10-31: the document cited is dated 2026-09-17, after the cut-off, so this rung was fail on evidence that did not exist yet",not_searched,false,sources/hydrogen_gap_search.json,eufabric search,2026-09-10,day,"as of 2023-10-31: the document cited is dated 2026-09-10, after the cut-off, so this rung was fail on evidence that did not exist yet",not_searched,false,sources/hydrogen_gap_search.json,eufabric search,2026-09-10,day,"as of 2023-10-31: the document cited is dated 2026-09-10, after the cut-off, so this rung was fail on evidence that did not exist yet",false,2023-10-31
iea:1866,1866,gen2-nesbruket-mosjoen,"Nesbruket Gen2 plant 1, Mosjøen   ",clean,NO,admitted,Feasibility study,,195,MW_input,,,0,false,not_searched,false,https://gen2energy.com/production-sites/,Gen2 Energy,2026-09-10,day,"as of 2023-10-31: the document cited is dated 2026-09-10, after the cut-off, so this rung was pass on evidence that did not exist yet",not_searched,false,https://gen2energy.com/production-sites/,owner,2026-09-10,day,"as of 2023-10-31: the document cited is dated 2026-09-10, after the cut-off, so this rung was pass on evidence that did not exist yet",not_searched,false,https://gen2energy.com/production-sites/,owner,2026-09-10,day,"as of 2023-10-31: the document cited is dated 2026-09-10, after the cut-off, so this rung was fail on evidence that did not exist yet",not_searched,false,sources/hydrogen_funder_pass.json,eufabric funder pass,2026-09-17,day,"as of 2023-10-31: the document cited is dated 2026-09-17, after the cut-off, so this rung was fail on evidence that did not exist yet",not_searched,false,https://gen2energy.com/production-sites/,owner,2026-09-10,day,"as of 2023-10-31: the document cited is dated 2026-09-10, after the cut-off, so this rung was fail on evidence that did not exist yet",not_searched,false,sources/edges.json,eufabric dependency sweep,2026-09-11,day,"as of 2023-10-31: the document cited is dated 2026-09-11, after the cut-off, so this rung was fail on evidence that did not exist yet",true,2023-10-31
iea:1867,1867,gen2-monstad-afjord,"Gen2 Energy, Åfjord ",clean,NO,admitted,Feasibility study,,150,MW_input,,,0,false,not_searched,false,https://gen2energy.com/production-sites/,Gen2 Energy,2026-09-10,day,"as of 2023-10-31: the document cited is dated 2026-09-10, after the cut-off, so this rung was pass on evidence that did not exist yet",not_searched,false,https://gen2energy.com/production-sites/,owner,2026-09-10,day,"as of 2023-10-31: the document cited is dated 2026-09-10, after the cut-off, so this rung was pass on evidence that did not exist yet",not_searched,false,https://gen2energy.com/production-sites/,owner,2026-09-10,day,"as of 2023-10-31: the document cited is dated 2026-09-10, after the cut-off, so this rung was fail on evidence that did not exist yet",not_searched,false,sources/hydrogen_funder_pass.json,eufabric funder pass,2026-09-17,day,"as of 2023-10-31: the document cited is dated 2026-09-17, after the cut-off, so this rung was fail on evidence that did not exist yet",not_searched,false,https://gen2energy.com/production-sites/,owner,2026-09-10,day,"as of 2023-10-31: the document cited is dated 2026-09-10, after the cut-off, so this rung was fail on evidence that did not exist yet",not_searched,false,sources/edges.json,eufabric dependency sweep,2026-09-11,day,"as of 2023-10-31: the document cited is dated 2026-09-11, after the cut-off, so this rung was fail on evidence that did not exist yet",true,2023-10-31
iea:1878,1878,,BrintØ - Hydrogen Island,clean,DNK,none found,Concept,,1818.181818,ktH2Y,,,0,false,not_searched,false,sources/hydrogen_gap_search.json,eufabric search,2026-09-10,day,"as of 2023-10-31: the document cited is dated 2026-09-10, after the cut-off, so this rung was fail on evidence that did not exist yet",not_searched,false,sources/hydrogen_gap_search.json,eufabric search,2026-09-10,day,"as of 2023-10-31: the document cited is dated 2026-09-10, after the cut-off, so this rung was fail on evidence that did not exist yet",not_searched,false,sources/hydrogen_gap_search.json,eufabric search,2026-09-10,day,"as of 2023-10-31: the document cited is dated 2026-09-10, after the cut-off, so this rung was fail on evidence that did not exist yet",not_searched,false,sources/hydrogen_funder_pass.json,eufabric funder pass,2026-09-17,day,"as of 2023-10-31: the document cited is dated 2026-09-17, after the cut-off, so this rung was fail on evidence that did not exist yet",not_searched,false,sources/hydrogen_gap_search.json,eufabric search,2026-09-10,day,"as of 2023-10-31: the document cited is dated 2026-09-10, after the cut-off, so this rung was fail on evidence that did not exist yet",not_searched,false,sources/hydrogen_gap_search.json,eufabric search,2026-09-10,day,"as of 2023-10-31: the document cited is dated 2026-09-10, after the cut-off, so this rung was fail on evidence that did not exist yet",false,2023-10-31
iea:1881,1881,madoqua-power2x-sines,MadoquaPower2X - Sines - phase 1,clean,PT,admitted,Feasibility study,,500,MW_input,,,0,false,not_searched,false,https://madoquapower2x.com/,MadoquaPower2X,2026-09-10,day,"as of 2023-10-31: the document cited is dated 2026-09-10, after the cut-off, so this rung was pass on evidence that did not exist yet",not_searched,false,https://madoquapower2x.com/,owner,2026-09-10,day,"as of 2023-10-31: the document cited is dated 2026-09-10, after the cut-off, so this rung was pass on evidence that did not exist yet",not_searched,false,https://madoquapower2x.com/,owner,2026-09-10,day,"as of 2023-10-31: the document cited is dated 2026-09-10, after the cut-off, so this rung was fail on evidence that did not exist yet",not_searched,false,https://cinea.ec.europa.eu/news-events/news/winners-first-eu-wide-renewable-hydrogen-auction-sign-grant-agreements-paving-way-new-european-2024-10-08_en,European Commission (CINEA),2024-10-07,day,"as of 2023-10-31: the document cited is dated 2024-10-07, after the cut-off, so this rung was pass on evidence that did not exist yet",not_searched,false,https://madoquapower2x.com/,owner,2026-09-10,day,"as of 2023-10-31: the document cited is dated 2026-09-10, after the cut-off, so this rung was fail on evidence that did not exist yet",not_searched,false,sources/edges.json,eufabric dependency sweep,2026-09-11,day,"as of 2023-10-31: the document cited is dated 2026-09-11, after the cut-off, so this rung was fail on evidence that did not exist yet",true,2023-10-31
iea:1907,1907,,"P2X Europe - Nordic Electrofuel Porsgrunn project, phase 2",clean,NOR,none found,Concept,,995.7894737,ktH2Y,,,0,false,not_searched,false,sources/hydrogen_gap_search.json,eufabric search,2026-09-10,day,"as of 2023-10-31: the document cited is dated 2026-09-10, after the cut-off, so this rung was fail on evidence that did not exist yet",not_searched,false,sources/hydrogen_gap_search.json,eufabric search,2026-09-10,day,"as of 2023-10-31: the document cited is dated 2026-09-10, after the cut-off, so this rung was fail on evidence that did not exist yet",not_searched,false,sources/hydrogen_gap_search.json,eufabric search,2026-09-10,day,"as of 2023-10-31: the document cited is dated 2026-09-10, after the cut-off, so this rung was fail on evidence that did not exist yet",not_searched,false,sources/hydrogen_funder_pass.json,eufabric funder pass,2026-09-17,day,"as of 2023-10-31: the document cited is dated 2026-09-17, after the cut-off, so this rung was fail on evidence that did not exist yet",not_searched,false,sources/hydrogen_gap_search.json,eufabric search,2026-09-10,day,"as of 2023-10-31: the document cited is dated 2026-09-10, after the cut-off, so this rung was fail on evidence that did not exist yet",not_searched,false,sources/hydrogen_gap_search.json,eufabric search,2026-09-10,day,"as of 2023-10-31: the document cited is dated 2026-09-10, after the cut-off, so this rung was fail on evidence that did not exist yet",false,2023-10-31
iea:1911,1911,,"MoU Shell - Mitsubishi, phase2",clean,NLD,unread,Concept,,1090.909091,ktH2Y,,,0,true,unread,true,,,,,company source unreadable; queued for a browser pass,unread,true,,,,,company source unreadable; queued for a browser pass,unread,true,,,,,company source unreadable; queued for a browser pass,unread,true,,,,,company source unreadable; queued for a browser pass,unread,true,,,,,company source unreadable; queued for a browser pass,unread,true,,,,,company source unreadable; queued for a browser pass,false,2023-10-31
iea:1949,1949,,Grandpuits biorefinery,clean,FRA,perimeter exclusion,FID/Construction,,20,ktH2Y,,blue,0,false,not_searched,false,sources/report_benchmark_gap.py,eufabric perimeter,2026-09-10,day,"as of 2023-10-31: the document cited is dated 2026-09-10, after the cut-off, so this rung was not_searched on evidence that did not exist yet",not_searched,false,sources/report_benchmark_gap.py,eufabric perimeter,2026-09-10,day,"as of 2023-10-31: the document cited is dated 2026-09-10, after the cut-off, so this rung was not_searched on evidence that did not exist yet",not_searched,false,sources/report_benchmark_gap.py,eufabric perimeter,2026-09-10,day,"as of 2023-10-31: the document cited is dated 2026-09-10, after the cut-off, so this rung was not_searched on evidence that did not exist yet",not_searched,false,sources/report_benchmark_gap.py,eufabric perimeter,2026-09-10,day,"as of 2023-10-31: the document cited is dated 2026-09-10, after the cut-off, so this rung was not_searched on evidence that did not exist yet",not_searched,false,sources/report_benchmark_gap.py,eufabric perimeter,2026-09-10,day,"as of 2023-10-31: the document cited is dated 2026-09-10, after the cut-off, so this rung was not_searched on evidence that did not exist yet",not_searched,false,sources/report_benchmark_gap.py,eufabric perimeter,2026-09-10,day,"as of 2023-10-31: the document cited is dated 2026-09-10, after the cut-off, so this rung was not_searched on evidence that did not exist yet",false,2023-10-31
iea:1969,1969,carlton-trafford-green-hydrogen,Trafford Low Carbon Energy Park  - phase 2,clean,GB,admitted,Concept,,200,MW_input,,,0,false,not_searched,false,https://www.traffordgreenhydrogen.co.uk/theproject,Carlton Power,2026-09-10,day,"as of 2023-10-31: the document cited is dated 2026-09-10, after the cut-off, so this rung was pass on evidence that did not exist yet",not_searched,false,https://www.traffordgreenhydrogen.co.uk/theproject,owner,2026-09-10,day,"as of 2023-10-31: the document cited is dated 2026-09-10, after the cut-off, so this rung was pass on evidence that did not exist yet",not_searched,false,https://www.traffordgreenhydrogen.co.uk/theproject,owner,2026-09-10,day,"as of 2023-10-31: the document cited is dated 2026-09-10, after the cut-off, so this rung was fail on evidence that did not exist yet",not_searched,false,https://www.gov.uk/government/publications/hydrogen-production-business-model-net-zero-hydrogen-fund-shortlisted-projects/hydrogen-production-business-model-net-zero-hydrogen-fund-har1-successful-projects,DESNZ,2023-12-14,day,"as of 2023-10-31: the document cited is dated 2023-12-14, after the cut-off, so this rung was pass on evidence that did not exist yet",not_searched,false,https://www.traffordgreenhydrogen.co.uk/theproject,owner,2026-09-10,day,"as of 2023-10-31: the document cited is dated 2026-09-10, after the cut-off, so this rung was fail on evidence that did not exist yet",not_searched,false,sources/edges.json,eufabric dependency sweep,2026-09-11,day,"as of 2023-10-31: the document cited is dated 2026-09-11, after the cut-off, so this rung was fail on evidence that did not exist yet",true,2023-10-31
iea:1973,1973,volth2-wilhelmshaven,Wilhelmshaven - VoltH2,clean,DE,admitted,Feasibility study,,100,MW_input,,,0,false,not_searched,false,https://en.volth2.com/wilhelmshaven,VoltH2,2026-09-10,day,"as of 2023-10-31: the document cited is dated 2026-09-10, after the cut-off, so this rung was pass on evidence that did not exist yet",not_searched,false,https://en.volth2.com/wilhelmshaven,owner,2026-09-10,day,"as of 2023-10-31: the document cited is dated 2026-09-10, after the cut-off, so this rung was pass on evidence that did not exist yet",not_searched,false,https://en.volth2.com/wilhelmshaven,owner,2026-09-10,day,"as of 2023-10-31: the document cited is dated 2026-09-10, after the cut-off, so this rung was fail on evidence that did not exist yet",not_searched,false,sources/hydrogen_funder_pass.json,eufabric funder pass,2026-09-17,day,"as of 2023-10-31: the document cited is dated 2026-09-17, after the cut-off, so this rung was fail on evidence that did not exist yet",not_searched,false,https://en.volth2.com/wilhelmshaven,owner,2026-09-10,day,"as of 2023-10-31: the document cited is dated 2026-09-10, after the cut-off, so this rung was fail on evidence that did not exist yet",not_searched,false,sources/edges.json,eufabric dependency sweep,2026-09-11,day,"as of 2023-10-31: the document cited is dated 2026-09-11, after the cut-off, so this rung was fail on evidence that did not exist yet",true,2023-10-31
iea:1996,1996,,"Moeve San Roque Energy Park (Algeciras) - Andalusian Green Hydrogen Valley
CARTEIA Project - Phase 1",clean,ESP,named not admitted,Feasibility study,,86.62666667,ktH2Y,,,0,false,not_searched,false,https://www.moeveglobal.com/en/businesses/commercial-clean-energies/green-hydrogen/green-hydrogen-production-at-moeve,owner,2026-09-10,day,"as of 2023-10-31: the document cited is dated 2026-09-10, after the cut-off, so this rung was pass on evidence that did not exist yet",not_searched,false,sources/hydrogen_gap_search.json,eufabric search,2026-09-10,day,"as of 2023-10-31: the document cited is dated 2026-09-10, after the cut-off, so this rung was fail on evidence that did not exist yet",not_searched,false,sources/hydrogen_gap_search.json,eufabric search,2026-09-10,day,"as of 2023-10-31: the document cited is dated 2026-09-10, after the cut-off, so this rung was fail on evidence that did not exist yet",not_searched,false,sources/hydrogen_funder_pass.json,eufabric funder pass,2026-09-17,day,"as of 2023-10-31: the document cited is dated 2026-09-17, after the cut-off, so this rung was fail on evidence that did not exist yet",not_searched,false,sources/hydrogen_gap_search.json,eufabric search,2026-09-10,day,"as of 2023-10-31: the document cited is dated 2026-09-10, after the cut-off, so this rung was fail on evidence that did not exist yet",not_searched,false,sources/hydrogen_gap_search.json,eufabric search,2026-09-10,day,"as of 2023-10-31: the document cited is dated 2026-09-10, after the cut-off, so this rung was fail on evidence that did not exist yet",false,2023-10-31
iea:1997,1997,moeve-onuba-huelva,"Moeve La Rábida Energy Park (Huelva) - phase 1 - Andalusian Green Hydrogen Valley
ONUBA I Project (Together with THARSIS: LUXIA project)",clean,ES,admitted,FID/Construction,,300,MW_input,,,0,false,not_searched,false,https://www.moeveglobal.com/en/press/moeve-investment-andalusian-green-hydrogen-valley-onuba-huelva,owner,2026-05-11,day,"as of 2023-10-31: the document cited is dated 2026-05-11, after the cut-off, so this rung was pass on evidence that did not exist yet",not_searched,false,https://www.moeveglobal.com/en/press/moeve-investment-andalusian-green-hydrogen-valley-onuba-huelva,owner,2026-05-11,day,"as of 2023-10-31: the document cited is dated 2026-05-11, after the cut-off, so this rung was pass on evidence that did not exist yet",not_searched,false,https://www.moeveglobal.com/en/press/moeve-investment-andalusian-green-hydrogen-valley-onuba-huelva,owner,2026-05-11,day,"as of 2023-10-31: the document cited is dated 2026-05-11, after the cut-off, so this rung was pass on evidence that did not exist yet",not_searched,false,https://www.moeveglobal.com/en/press/moeve-green-hydrogen-andalusia-perte-erha,funder,2025-09-16,day,"as of 2023-10-31: the document cited is dated 2025-09-16, after the cut-off, so this rung was pass on evidence that did not exist yet",not_searched,false,https://www.moeveglobal.com/en/press/moeve-investment-andalusian-green-hydrogen-valley-onuba-huelva,owner,2026-05-11,day,"as of 2023-10-31: the document cited is dated 2026-05-11, after the cut-off, so this rung was fail on evidence that did not exist yet",not_searched,false,https://www.moeveglobal.com/en/press/moeve-investment-andalusian-green-hydrogen-valley-onuba-huelva,owner,2026-05-11,day,"as of 2023-10-31: the document cited is dated 2026-05-11, after the cut-off, so this rung was fail on evidence that did not exist yet",true,2023-10-31
iea:2004,2004,,Hellenic Hydrogen in  Western Macedonia,clean,GRC,named not admitted,Feasibility study,,17.32533333,ktH2Y,,,0,false,not_searched,false,https://www.hellenic-hydrogen.gr/en/projects/,owner,2026-09-10,day,"as of 2023-10-31: the document cited is dated 2026-09-10, after the cut-off, so this rung was pass on evidence that did not exist yet",not_searched,false,sources/hydrogen_gap_search.json,eufabric search,2026-09-10,day,"as of 2023-10-31: the document cited is dated 2026-09-10, after the cut-off, so this rung was fail on evidence that did not exist yet",not_searched,false,sources/hydrogen_gap_search.json,eufabric search,2026-09-10,day,"as of 2023-10-31: the document cited is dated 2026-09-10, after the cut-off, so this rung was fail on evidence that did not exist yet",not_searched,false,sources/hydrogen_funder_pass.json,eufabric funder pass,2026-09-17,day,"as of 2023-10-31: the document cited is dated 2026-09-17, after the cut-off, so this rung was fail on evidence that did not exist yet",not_searched,false,sources/hydrogen_gap_search.json,eufabric search,2026-09-10,day,"as of 2023-10-31: the document cited is dated 2026-09-10, after the cut-off, so this rung was fail on evidence that did not exist yet",not_searched,false,sources/hydrogen_gap_search.json,eufabric search,2026-09-10,day,"as of 2023-10-31: the document cited is dated 2026-09-10, after the cut-off, so this rung was fail on evidence that did not exist yet",false,2023-10-31
iea:2015,2015,plugpower-kokkola,Plug Power Kokkola plant,clean,FI,admitted,Feasibility study,,1000,MW_input,,,0,false,not_searched,false,https://www.ir.plugpower.com/press-releases/news-details/2023/Plug-Power-Makes-Major-Strategic-Move-into-Finlands-Green-Hydrogen-Economy-with-its-Proven-PEM-Electrolyzer-and-Liquefaction-Technology/default.aspx,Plug Power,2026-09-10,day,"as of 2023-10-31: the document cited is dated 2026-09-10, after the cut-off, so this rung was pass on evidence that did not exist yet",not_searched,false,https://www.ir.plugpower.com/press-releases/news-details/2023/Plug-Power-Makes-Major-Strategic-Move-into-Finlands-Green-Hydrogen-Economy-with-its-Proven-PEM-Electrolyzer-and-Liquefaction-Technology/default.aspx,owner,2026-09-10,day,"as of 2023-10-31: the document cited is dated 2026-09-10, after the cut-off, so this rung was pass on evidence that did not exist yet",not_searched,false,https://www.ir.plugpower.com/press-releases/news-details/2023/Plug-Power-Makes-Major-Strategic-Move-into-Finlands-Green-Hydrogen-Economy-with-its-Proven-PEM-Electrolyzer-and-Liquefaction-Technology/default.aspx,owner,2026-09-10,day,"as of 2023-10-31: the document cited is dated 2026-09-10, after the cut-off, so this rung was fail on evidence that did not exist yet",not_searched,false,sources/hydrogen_funder_pass.json,eufabric funder pass,2026-09-17,day,"as of 2023-10-31: the document cited is dated 2026-09-17, after the cut-off, so this rung was fail on evidence that did not exist yet",not_searched,false,https://www.ir.plugpower.com/press-releases/news-details/2023/Plug-Power-Makes-Major-Strategic-Move-into-Finlands-Green-Hydrogen-Economy-with-its-Proven-PEM-Electrolyzer-and-Liquefaction-Technology/default.aspx,owner,2026-09-10,day,"as of 2023-10-31: the document cited is dated 2026-09-10, after the cut-off, so this rung was fail on evidence that did not exist yet",not_searched,false,sources/edges.json,eufabric dependency sweep,2026-09-11,day,"as of 2023-10-31: the document cited is dated 2026-09-11, after the cut-off, so this rung was fail on evidence that did not exist yet",true,2023-10-31
iea:2016,2016,plugpower-kristinestad,Plug Power Kristinestad plant,clean,FI,admitted,Feasibility study,,1000,MW_input,,,0,false,not_searched,false,https://www.ir.plugpower.com/press-releases/news-details/2023/Plug-Power-Makes-Major-Strategic-Move-into-Finlands-Green-Hydrogen-Economy-with-its-Proven-PEM-Electrolyzer-and-Liquefaction-Technology/default.aspx,Plug Power,2026-09-10,day,"as of 2023-10-31: the document cited is dated 2026-09-10, after the cut-off, so this rung was pass on evidence that did not exist yet",not_searched,false,https://www.ir.plugpower.com/press-releases/news-details/2023/Plug-Power-Makes-Major-Strategic-Move-into-Finlands-Green-Hydrogen-Economy-with-its-Proven-PEM-Electrolyzer-and-Liquefaction-Technology/default.aspx,owner,2026-09-10,day,"as of 2023-10-31: the document cited is dated 2026-09-10, after the cut-off, so this rung was pass on evidence that did not exist yet",not_searched,false,https://www.ir.plugpower.com/press-releases/news-details/2023/Plug-Power-Makes-Major-Strategic-Move-into-Finlands-Green-Hydrogen-Economy-with-its-Proven-PEM-Electrolyzer-and-Liquefaction-Technology/default.aspx,owner,2026-09-10,day,"as of 2023-10-31: the document cited is dated 2026-09-10, after the cut-off, so this rung was fail on evidence that did not exist yet",not_searched,false,sources/hydrogen_funder_pass.json,eufabric funder pass,2026-09-17,day,"as of 2023-10-31: the document cited is dated 2026-09-17, after the cut-off, so this rung was fail on evidence that did not exist yet",not_searched,false,https://www.ir.plugpower.com/press-releases/news-details/2023/Plug-Power-Makes-Major-Strategic-Move-into-Finlands-Green-Hydrogen-Economy-with-its-Proven-PEM-Electrolyzer-and-Liquefaction-Technology/default.aspx,owner,2026-09-10,day,"as of 2023-10-31: the document cited is dated 2026-09-10, after the cut-off, so this rung was fail on evidence that did not exist yet",not_searched,false,sources/edges.json,eufabric dependency sweep,2026-09-11,day,"as of 2023-10-31: the document cited is dated 2026-09-11, after the cut-off, so this rung was fail on evidence that did not exist yet",true,2023-10-31
iea:2017,2017,,Plug Power Porvoo plant,clean,FIN,named not admitted,Feasibility study,,29.98615385,ktH2Y,,,0,false,not_searched,false,https://www.plug.fi,owner,2026-09-10,day,"as of 2023-10-31: the document cited is dated 2026-09-10, after the cut-off, so this rung was pass on evidence that did not exist yet",not_searched,false,sources/hydrogen_gap_search.json,eufabric search,2026-09-10,day,"as of 2023-10-31: the document cited is dated 2026-09-10, after the cut-off, so this rung was fail on evidence that did not exist yet",not_searched,false,sources/hydrogen_gap_search.json,eufabric search,2026-09-10,day,"as of 2023-10-31: the document cited is dated 2026-09-10, after the cut-off, so this rung was fail on evidence that did not exist yet",not_searched,false,sources/hydrogen_funder_pass.json,eufabric funder pass,2026-09-17,day,"as of 2023-10-31: the document cited is dated 2026-09-17, after the cut-off, so this rung was fail on evidence that did not exist yet",not_searched,false,sources/hydrogen_gap_search.json,eufabric search,2026-09-10,day,"as of 2023-10-31: the document cited is dated 2026-09-10, after the cut-off, so this rung was fail on evidence that did not exist yet",not_searched,false,sources/hydrogen_gap_search.json,eufabric search,2026-09-10,day,"as of 2023-10-31: the document cited is dated 2026-09-10, after the cut-off, so this rung was fail on evidence that did not exist yet",false,2023-10-31
iea:2033,2033,ricenergy-besaya-torrelavega,"Besaya H2, phase 1",clean,ES,admitted,Feasibility study,,500,MW_input,,,0,false,not_searched,false,https://ric.energy/besaya-h2-proyecto-ric-energy-impulsara-descarbonizacion-cantabria/,owner,2026-09-10,day,"as of 2023-10-31: the document cited is dated 2026-09-10, after the cut-off, so this rung was pass on evidence that did not exist yet",not_searched,false,https://ric.energy/besaya-h2-proyecto-ric-energy-impulsara-descarbonizacion-cantabria/,owner,2026-09-10,day,"as of 2023-10-31: the document cited is dated 2026-09-10, after the cut-off, so this rung was pass on evidence that did not exist yet",not_searched,false,https://ric.energy/besaya-h2-proyecto-ric-energy-impulsara-descarbonizacion-cantabria/,owner,2026-09-10,day,"as of 2023-10-31: the document cited is dated 2026-09-10, after the cut-off, so this rung was fail on evidence that did not exist yet",not_searched,false,sources/hydrogen_funder_pass.json,eufabric funder pass,2026-09-17,day,"as of 2023-10-31: the document cited is dated 2026-09-17, after the cut-off, so this rung was fail on evidence that did not exist yet",not_searched,false,https://ric.energy/besaya-h2-proyecto-ric-energy-impulsara-descarbonizacion-cantabria/,owner,2026-09-10,day,"as of 2023-10-31: the document cited is dated 2026-09-10, after the cut-off, so this rung was fail on evidence that did not exist yet",not_searched,false,sources/edges.json,eufabric dependency sweep,2026-09-11,day,"as of 2023-10-31: the document cited is dated 2026-09-11, after the cut-off, so this rung was fail on evidence that did not exist yet",true,2023-10-31
iea:2036,2036,,BotH2nia - Flexens Kokkola,clean,FIN,none found,Feasibility study,,60.63866667,ktH2Y,,,0,false,not_searched,false,sources/hydrogen_gap_search.json,eufabric search,2026-09-10,day,"as of 2023-10-31: the document cited is dated 2026-09-10, after the cut-off, so this rung was fail on evidence that did not exist yet",not_searched,false,sources/hydrogen_gap_search.json,eufabric search,2026-09-10,day,"as of 2023-10-31: the document cited is dated 2026-09-10, after the cut-off, so this rung was fail on evidence that did not exist yet",not_searched,false,sources/hydrogen_gap_search.json,eufabric search,2026-09-10,day,"as of 2023-10-31: the document cited is dated 2026-09-10, after the cut-off, so this rung was fail on evidence that did not exist yet",not_searched,false,sources/hydrogen_funder_pass.json,eufabric funder pass,2026-09-17,day,"as of 2023-10-31: the document cited is dated 2026-09-17, after the cut-off, so this rung was fail on evidence that did not exist yet",not_searched,false,sources/hydrogen_gap_search.json,eufabric search,2026-09-10,day,"as of 2023-10-31: the document cited is dated 2026-09-10, after the cut-off, so this rung was fail on evidence that did not exist yet",not_searched,false,sources/hydrogen_gap_search.json,eufabric search,2026-09-10,day,"as of 2023-10-31: the document cited is dated 2026-09-10, after the cut-off, so this rung was fail on evidence that did not exist yet",false,2023-10-31
iea:2056,2056,,"Moeve La Rábida Energy Park (Huelva) - phase 2 - Andalusian Green Hydrogen Valley
ONUBA II Project",clean,ESP,named not admitted,Concept,,69.30133333,ktH2Y,,,0,false,not_searched,false,https://www.moeveglobal.com/en/businesses/commercial-clean-energies/green-hydrogen/green-hydrogen-production-at-moeve,owner,2026-09-10,day,"as of 2023-10-31: the document cited is dated 2026-09-10, after the cut-off, so this rung was pass on evidence that did not exist yet",not_searched,false,sources/hydrogen_gap_search.json,eufabric search,2026-09-10,day,"as of 2023-10-31: the document cited is dated 2026-09-10, after the cut-off, so this rung was fail on evidence that did not exist yet",not_searched,false,sources/hydrogen_gap_search.json,eufabric search,2026-09-10,day,"as of 2023-10-31: the document cited is dated 2026-09-10, after the cut-off, so this rung was fail on evidence that did not exist yet",not_searched,false,sources/hydrogen_funder_pass.json,eufabric funder pass,2026-09-17,day,"as of 2023-10-31: the document cited is dated 2026-09-17, after the cut-off, so this rung was fail on evidence that did not exist yet",not_searched,false,sources/hydrogen_gap_search.json,eufabric search,2026-09-10,day,"as of 2023-10-31: the document cited is dated 2026-09-10, after the cut-off, so this rung was fail on evidence that did not exist yet",not_searched,false,sources/hydrogen_gap_search.json,eufabric search,2026-09-10,day,"as of 2023-10-31: the document cited is dated 2026-09-10, after the cut-off, so this rung was fail on evidence that did not exist yet",false,2023-10-31
iea:2058,2058,tes-ewe-wilhelmshaven,TES- Green Energy Hub - Wilhelmshaven Port,clean,DE,admitted,Concept,,500,MW_input,,,0,false,not_searched,false,https://tes-h2.com/news/tes-and-ewe-to-build-500mw-electrolyser-at-wilhelmshaven-green-energy-hub,Tree Energy Solutions,2026-09-10,day,"as of 2023-10-31: the document cited is dated 2026-09-10, after the cut-off, so this rung was pass on evidence that did not exist yet",not_searched,false,https://tes-h2.com/news/tes-and-ewe-to-build-500mw-electrolyser-at-wilhelmshaven-green-energy-hub,owner,2026-09-10,day,"as of 2023-10-31: the document cited is dated 2026-09-10, after the cut-off, so this rung was pass on evidence that did not exist yet",not_searched,false,https://tes-h2.com/news/tes-and-ewe-to-build-500mw-electrolyser-at-wilhelmshaven-green-energy-hub,owner,2026-09-10,day,"as of 2023-10-31: the document cited is dated 2026-09-10, after the cut-off, so this rung was fail on evidence that did not exist yet",not_searched,false,sources/hydrogen_funder_pass.json,eufabric funder pass,2026-09-17,day,"as of 2023-10-31: the document cited is dated 2026-09-17, after the cut-off, so this rung was fail on evidence that did not exist yet",not_searched,false,https://tes-h2.com/news/tes-and-ewe-to-build-500mw-electrolyser-at-wilhelmshaven-green-energy-hub,owner,2026-09-10,day,"as of 2023-10-31: the document cited is dated 2026-09-10, after the cut-off, so this rung was fail on evidence that did not exist yet",not_searched,false,sources/edges.json,eufabric dependency sweep,2026-09-11,day,"as of 2023-10-31: the document cited is dated 2026-09-11, after the cut-off, so this rung was fail on evidence that did not exist yet",true,2023-10-31
iea:2060,2060,,Madoqua E-methanol,clean,PRT,perimeter exclusion,Feasibility study,,84.74347826,ktH2Y,,DRI or other perimeter exclusion,0,false,not_searched,false,sources/report_benchmark_gap.py,eufabric perimeter,2026-09-10,day,"as of 2023-10-31: the document cited is dated 2026-09-10, after the cut-off, so this rung was not_searched on evidence that did not exist yet",not_searched,false,sources/report_benchmark_gap.py,eufabric perimeter,2026-09-10,day,"as of 2023-10-31: the document cited is dated 2026-09-10, after the cut-off, so this rung was not_searched on evidence that did not exist yet",not_searched,false,sources/report_benchmark_gap.py,eufabric perimeter,2026-09-10,day,"as of 2023-10-31: the document cited is dated 2026-09-10, after the cut-off, so this rung was not_searched on evidence that did not exist yet",not_searched,false,sources/report_benchmark_gap.py,eufabric perimeter,2026-09-10,day,"as of 2023-10-31: the document cited is dated 2026-09-10, after the cut-off, so this rung was not_searched on evidence that did not exist yet",not_searched,false,sources/report_benchmark_gap.py,eufabric perimeter,2026-09-10,day,"as of 2023-10-31: the document cited is dated 2026-09-10, after the cut-off, so this rung was not_searched on evidence that did not exist yet",not_searched,false,sources/report_benchmark_gap.py,eufabric perimeter,2026-09-10,day,"as of 2023-10-31: the document cited is dated 2026-09-10, after the cut-off, so this rung was not_searched on evidence that did not exist yet",false,2023-10-31
iea:2068,2068,,H2GE Rostock,clean,DEU,perimeter exclusion,Concept,,210,ktH2Y,,blue,0,false,not_searched,false,sources/report_benchmark_gap.py,eufabric perimeter,2026-09-10,day,"as of 2023-10-31: the document cited is dated 2026-09-10, after the cut-off, so this rung was not_searched on evidence that did not exist yet",not_searched,false,sources/report_benchmark_gap.py,eufabric perimeter,2026-09-10,day,"as of 2023-10-31: the document cited is dated 2026-09-10, after the cut-off, so this rung was not_searched on evidence that did not exist yet",not_searched,false,sources/report_benchmark_gap.py,eufabric perimeter,2026-09-10,day,"as of 2023-10-31: the document cited is dated 2026-09-10, after the cut-off, so this rung was not_searched on evidence that did not exist yet",not_searched,false,sources/report_benchmark_gap.py,eufabric perimeter,2026-09-10,day,"as of 2023-10-31: the document cited is dated 2026-09-10, after the cut-off, so this rung was not_searched on evidence that did not exist yet",not_searched,false,sources/report_benchmark_gap.py,eufabric perimeter,2026-09-10,day,"as of 2023-10-31: the document cited is dated 2026-09-10, after the cut-off, so this rung was not_searched on evidence that did not exist yet",not_searched,false,sources/report_benchmark_gap.py,eufabric perimeter,2026-09-10,day,"as of 2023-10-31: the document cited is dated 2026-09-10, after the cut-off, so this rung was not_searched on evidence that did not exist yet",false,2023-10-31
iea:2077,2077,,ENI Venice bio-refinery Porto Marghera (Ravenna phase 2),clean,ITA,perimeter exclusion,Feasibility study,,23.3892,ktH2Y,,blue,0,false,not_searched,false,sources/report_benchmark_gap.py,eufabric perimeter,2026-09-10,day,"as of 2023-10-31: the document cited is dated 2026-09-10, after the cut-off, so this rung was not_searched on evidence that did not exist yet",not_searched,false,sources/report_benchmark_gap.py,eufabric perimeter,2026-09-10,day,"as of 2023-10-31: the document cited is dated 2026-09-10, after the cut-off, so this rung was not_searched on evidence that did not exist yet",not_searched,false,sources/report_benchmark_gap.py,eufabric perimeter,2026-09-10,day,"as of 2023-10-31: the document cited is dated 2026-09-10, after the cut-off, so this rung was not_searched on evidence that did not exist yet",not_searched,false,sources/report_benchmark_gap.py,eufabric perimeter,2026-09-10,day,"as of 2023-10-31: the document cited is dated 2026-09-10, after the cut-off, so this rung was not_searched on evidence that did not exist yet",not_searched,false,sources/report_benchmark_gap.py,eufabric perimeter,2026-09-10,day,"as of 2023-10-31: the document cited is dated 2026-09-10, after the cut-off, so this rung was not_searched on evidence that did not exist yet",not_searched,false,sources/report_benchmark_gap.py,eufabric perimeter,2026-09-10,day,"as of 2023-10-31: the document cited is dated 2026-09-10, after the cut-off, so this rung was not_searched on evidence that did not exist yet",false,2023-10-31
iea:2111,2111,,HyMed,clean,ITA,none found,Concept,,173.2533333,ktH2Y,,,0,false,not_searched,false,sources/hydrogen_gap_search.json,eufabric search,2026-09-10,day,"as of 2023-10-31: the document cited is dated 2026-09-10, after the cut-off, so this rung was fail on evidence that did not exist yet",not_searched,false,sources/hydrogen_gap_search.json,eufabric search,2026-09-10,day,"as of 2023-10-31: the document cited is dated 2026-09-10, after the cut-off, so this rung was fail on evidence that did not exist yet",not_searched,false,sources/hydrogen_gap_search.json,eufabric search,2026-09-10,day,"as of 2023-10-31: the document cited is dated 2026-09-10, after the cut-off, so this rung was fail on evidence that did not exist yet",not_searched,false,sources/hydrogen_funder_pass.json,eufabric funder pass,2026-09-17,day,"as of 2023-10-31: the document cited is dated 2026-09-17, after the cut-off, so this rung was fail on evidence that did not exist yet",not_searched,false,sources/hydrogen_gap_search.json,eufabric search,2026-09-10,day,"as of 2023-10-31: the document cited is dated 2026-09-10, after the cut-off, so this rung was fail on evidence that did not exist yet",not_searched,false,sources/hydrogen_gap_search.json,eufabric search,2026-09-10,day,"as of 2023-10-31: the document cited is dated 2026-09-10, after the cut-off, so this rung was fail on evidence that did not exist yet",false,2023-10-31
iea:2117,2117,lhyfe-delfzijl,Lhyfe Delfzijl,clean,NL,admitted,Feasibility study,,200,MW_input,,,0,false,not_searched,false,https://www.lhyfe.com/press/green-and-renewable-hydrogen-producer-lhyfe-to-develop-200-mw-plant-in-delfzijl-netherlands/,Lhyfe,2026-09-10,day,"as of 2023-10-31: the document cited is dated 2026-09-10, after the cut-off, so this rung was pass on evidence that did not exist yet",not_searched,false,https://www.lhyfe.com/press/green-and-renewable-hydrogen-producer-lhyfe-to-develop-200-mw-plant-in-delfzijl-netherlands/,owner,2026-09-10,day,"as of 2023-10-31: the document cited is dated 2026-09-10, after the cut-off, so this rung was pass on evidence that did not exist yet",not_searched,false,https://www.lhyfe.com/press/green-and-renewable-hydrogen-producer-lhyfe-to-develop-200-mw-plant-in-delfzijl-netherlands/,owner,2026-09-10,day,"as of 2023-10-31: the document cited is dated 2026-09-10, after the cut-off, so this rung was fail on evidence that did not exist yet",not_searched,false,sources/hydrogen_funder_pass.json,eufabric funder pass,2026-09-17,day,"as of 2023-10-31: the document cited is dated 2026-09-17, after the cut-off, so this rung was fail on evidence that did not exist yet",not_searched,false,https://www.lhyfe.com/press/green-and-renewable-hydrogen-producer-lhyfe-to-develop-200-mw-plant-in-delfzijl-netherlands/,owner,2026-09-10,day,"as of 2023-10-31: the document cited is dated 2026-09-10, after the cut-off, so this rung was fail on evidence that did not exist yet",not_searched,false,sources/edges.json,eufabric dependency sweep,2026-09-11,day,"as of 2023-10-31: the document cited is dated 2026-09-11, after the cut-off, so this rung was fail on evidence that did not exist yet",true,2023-10-31
iea:2120,2120,smartenergy-porto-torres,"Smartenergy Porto Torres, phase 2 and 3",clean,IT,admitted,Feasibility study,,200,MW_input,,,0,false,not_searched,false,https://www.smartenergy.net/smartenergy-develops-a-200-mwe-green-hydrogen-plant-in-sardinia-italy/,Smartenergy Group,2026-09-10,day,"as of 2023-10-31: the document cited is dated 2026-09-10, after the cut-off, so this rung was pass on evidence that did not exist yet",not_searched,false,https://www.smartenergy.net/smartenergy-develops-a-200-mwe-green-hydrogen-plant-in-sardinia-italy/,owner,2026-09-10,day,"as of 2023-10-31: the document cited is dated 2026-09-10, after the cut-off, so this rung was pass on evidence that did not exist yet",not_searched,false,https://www.smartenergy.net/smartenergy-develops-a-200-mwe-green-hydrogen-plant-in-sardinia-italy/,owner,2026-09-10,day,"as of 2023-10-31: the document cited is dated 2026-09-10, after the cut-off, so this rung was fail on evidence that did not exist yet",not_searched,false,sources/hydrogen_funder_pass.json,eufabric funder pass,2026-09-17,day,"as of 2023-10-31: the document cited is dated 2026-09-17, after the cut-off, so this rung was fail on evidence that did not exist yet",not_searched,false,https://www.smartenergy.net/smartenergy-develops-a-200-mwe-green-hydrogen-plant-in-sardinia-italy/,owner,2026-09-10,day,"as of 2023-10-31: the document cited is dated 2026-09-10, after the cut-off, so this rung was fail on evidence that did not exist yet",not_searched,false,sources/edges.json,eufabric dependency sweep,2026-09-11,day,"as of 2023-10-31: the document cited is dated 2026-09-11, after the cut-off, so this rung was fail on evidence that did not exist yet",true,2023-10-31
iea:2123,2123,,Cobra Cartagena,clean,ESP,named not admitted,Feasibility study,,19.92413333,ktH2Y,,,0,false,not_searched,false,https://www.cartagena.es/detalle_noticias.asp?id=84902,permit,2026-09-10,day,"as of 2023-10-31: the document cited is dated 2026-09-10, after the cut-off, so this rung was pass on evidence that did not exist yet",not_searched,false,sources/hydrogen_gap_search.json,eufabric search,2026-09-10,day,"as of 2023-10-31: the document cited is dated 2026-09-10, after the cut-off, so this rung was fail on evidence that did not exist yet",not_searched,false,sources/hydrogen_gap_search.json,eufabric search,2026-09-10,day,"as of 2023-10-31: the document cited is dated 2026-09-10, after the cut-off, so this rung was fail on evidence that did not exist yet",not_searched,false,sources/hydrogen_funder_pass.json,eufabric funder pass,2026-09-17,day,"as of 2023-10-31: the document cited is dated 2026-09-17, after the cut-off, so this rung was fail on evidence that did not exist yet",not_searched,false,sources/hydrogen_gap_search.json,eufabric search,2026-09-10,day,"as of 2023-10-31: the document cited is dated 2026-09-10, after the cut-off, so this rung was fail on evidence that did not exist yet",not_searched,false,sources/hydrogen_gap_search.json,eufabric search,2026-09-10,day,"as of 2023-10-31: the document cited is dated 2026-09-10, after the cut-off, so this rung was fail on evidence that did not exist yet",false,2023-10-31
iea:2149,2149,orsted-skovgaard-idomlund,Orsted - Skovgaard Energy project in western Denmark - Phase 1,clean,DK,admitted,Feasibility study,iea_hydrogen_production_projects:2023-10->current,150,MW_input,,,2,false,pass,true,https://web.archive.org/web/20231002002541/https://orsted.com/en/media/newsroom/news/2022/12/13665899,Orsted,2023-10-02,not_after,"the admitting source names the site as 'Idomlund, near Holstebro'",pass,true,https://web.archive.org/web/20231002002541/https://orsted.com/en/media/newsroom/news/2022/12/13665899,owner,2026-09-10,day,150 MW_input as stated,fail,true,https://web.archive.org/web/20231002002541/https://orsted.com/en/media/newsroom/news/2022/12/13665899,owner,2023-10-02,not_after,no owner statement that FID has been taken,not_searched,false,sources/hydrogen_funder_pass.json,eufabric funder pass,2026-09-17,day,"as of 2023-10-31: the document cited is dated 2026-09-17, after the cut-off, so this rung was fail on evidence that did not exist yet",fail,true,https://web.archive.org/web/20231002002541/https://orsted.com/en/media/newsroom/news/2022/12/13665899,owner,2023-10-02,not_after,no owner-stated start carrying a date precision,not_searched,false,sources/edges.json,eufabric dependency sweep,2026-09-11,day,"as of 2023-10-31: the document cited is dated 2026-09-11, after the cut-off, so this rung was fail on evidence that did not exist yet",true,2023-10-31
iea:2154,2154,,Blastr Green Steel - Inkoo,clean,FIN,perimeter exclusion,Feasibility study,,138.6026667,ktH2Y,,DRI or other perimeter exclusion,0,false,not_searched,false,sources/report_benchmark_gap.py,eufabric perimeter,2026-09-10,day,"as of 2023-10-31: the document cited is dated 2026-09-10, after the cut-off, so this rung was not_searched on evidence that did not exist yet",not_searched,false,sources/report_benchmark_gap.py,eufabric perimeter,2026-09-10,day,"as of 2023-10-31: the document cited is dated 2026-09-10, after the cut-off, so this rung was not_searched on evidence that did not exist yet",not_searched,false,sources/report_benchmark_gap.py,eufabric perimeter,2026-09-10,day,"as of 2023-10-31: the document cited is dated 2026-09-10, after the cut-off, so this rung was not_searched on evidence that did not exist yet",not_searched,false,sources/report_benchmark_gap.py,eufabric perimeter,2026-09-10,day,"as of 2023-10-31: the document cited is dated 2026-09-10, after the cut-off, so this rung was not_searched on evidence that did not exist yet",not_searched,false,sources/report_benchmark_gap.py,eufabric perimeter,2026-09-10,day,"as of 2023-10-31: the document cited is dated 2026-09-10, after the cut-off, so this rung was not_searched on evidence that did not exist yet",not_searched,false,sources/report_benchmark_gap.py,eufabric perimeter,2026-09-10,day,"as of 2023-10-31: the document cited is dated 2026-09-10, after the cut-off, so this rung was not_searched on evidence that did not exist yet",false,2023-10-31
iea:2163,2163,statera-kintore-hydrogen,Kintore Scotland Hydrogen project - phase 1,clean,GB,admitted,Feasibility study,,500,MW_input,,,0,false,not_searched,false,https://stateraenergy.co.uk/projects/kintore-hydrogen,Statera Energy,2026-09-10,day,"as of 2023-10-31: the document cited is dated 2026-09-10, after the cut-off, so this rung was pass on evidence that did not exist yet",not_searched,false,https://stateraenergy.co.uk/projects/kintore-hydrogen,owner,2026-09-10,day,"as of 2023-10-31: the document cited is dated 2026-09-10, after the cut-off, so this rung was pass on evidence that did not exist yet",not_searched,false,https://stateraenergy.co.uk/projects/kintore-hydrogen,owner,2026-09-10,day,"as of 2023-10-31: the document cited is dated 2026-09-10, after the cut-off, so this rung was fail on evidence that did not exist yet",not_searched,false,sources/hydrogen_funder_pass.json,eufabric funder pass,2026-09-17,day,"as of 2023-10-31: the document cited is dated 2026-09-17, after the cut-off, so this rung was fail on evidence that did not exist yet",not_searched,false,https://stateraenergy.co.uk/projects/kintore-hydrogen,owner,2026-09-10,day,"as of 2023-10-31: the document cited is dated 2026-09-10, after the cut-off, so this rung was fail on evidence that did not exist yet",not_searched,false,sources/edges.json,eufabric dependency sweep,2026-09-11,day,"as of 2023-10-31: the document cited is dated 2026-09-11, after the cut-off, so this rung was fail on evidence that did not exist yet",true,2023-10-31
iea:2164,2164,statera-kintore-hydrogen,Kintore Scotland Hydrogen project - phase 2,clean,GB,admitted,Concept,,500,MW_input,,,0,false,not_searched,false,https://stateraenergy.co.uk/projects/kintore-hydrogen,Statera Energy,2026-09-10,day,"as of 2023-10-31: the document cited is dated 2026-09-10, after the cut-off, so this rung was pass on evidence that did not exist yet",not_searched,false,https://stateraenergy.co.uk/projects/kintore-hydrogen,owner,2026-09-10,day,"as of 2023-10-31: the document cited is dated 2026-09-10, after the cut-off, so this rung was pass on evidence that did not exist yet",not_searched,false,https://stateraenergy.co.uk/projects/kintore-hydrogen,owner,2026-09-10,day,"as of 2023-10-31: the document cited is dated 2026-09-10, after the cut-off, so this rung was fail on evidence that did not exist yet",not_searched,false,sources/hydrogen_funder_pass.json,eufabric funder pass,2026-09-17,day,"as of 2023-10-31: the document cited is dated 2026-09-17, after the cut-off, so this rung was fail on evidence that did not exist yet",not_searched,false,https://stateraenergy.co.uk/projects/kintore-hydrogen,owner,2026-09-10,day,"as of 2023-10-31: the document cited is dated 2026-09-10, after the cut-off, so this rung was fail on evidence that did not exist yet",not_searched,false,sources/edges.json,eufabric dependency sweep,2026-09-11,day,"as of 2023-10-31: the document cited is dated 2026-09-11, after the cut-off, so this rung was fail on evidence that did not exist yet",true,2023-10-31
iea:2170,2170,,Alesund green hydrogen project - phase 2 - FjordH2,clean,NOR,unread,Concept,,43.31333333,ktH2Y,,,0,true,unread,true,,,,,company source unreadable; queued for a browser pass,unread,true,,,,,company source unreadable; queued for a browser pass,unread,true,,,,,company source unreadable; queued for a browser pass,unread,true,,,,,company source unreadable; queued for a browser pass,unread,true,,,,,company source unreadable; queued for a browser pass,unread,true,,,,,company source unreadable; queued for a browser pass,false,2023-10-31
iea:2173,2173,meld-saltend-hull,Saltend Chemicals Park - Hull - phase 1,clean,GB,admitted,Feasibility study,,100,MW_input,,,0,false,not_searched,false,https://meld.energy/projects/,Meld Energy,2026-09-10,day,"as of 2023-10-31: the document cited is dated 2026-09-10, after the cut-off, so this rung was pass on evidence that did not exist yet",not_searched,false,https://meld.energy/projects/,owner,2026-09-10,day,"as of 2023-10-31: the document cited is dated 2026-09-10, after the cut-off, so this rung was pass on evidence that did not exist yet",not_searched,false,https://meld.energy/projects/,owner,2026-09-10,day,"as of 2023-10-31: the document cited is dated 2026-09-10, after the cut-off, so this rung was fail on evidence that did not exist yet",not_searched,false,sources/hydrogen_funder_pass.json,eufabric funder pass,2026-09-17,day,"as of 2023-10-31: the document cited is dated 2026-09-17, after the cut-off, so this rung was fail on evidence that did not exist yet",not_searched,false,https://meld.energy/projects/,owner,2026-09-10,day,"as of 2023-10-31: the document cited is dated 2026-09-10, after the cut-off, so this rung was fail on evidence that did not exist yet",not_searched,false,sources/edges.json,eufabric dependency sweep,2026-09-11,day,"as of 2023-10-31: the document cited is dated 2026-09-11, after the cut-off, so this rung was fail on evidence that did not exist yet",true,2023-10-31
iea:2185,2185,,Nascar,clean,ESP,none found,Feasibility study,,24,ktH2Y,,,0,false,not_searched,false,sources/hydrogen_gap_search.json,eufabric search,2026-09-10,day,"as of 2023-10-31: the document cited is dated 2026-09-10, after the cut-off, so this rung was fail on evidence that did not exist yet",not_searched,false,sources/hydrogen_gap_search.json,eufabric search,2026-09-10,day,"as of 2023-10-31: the document cited is dated 2026-09-10, after the cut-off, so this rung was fail on evidence that did not exist yet",not_searched,false,sources/hydrogen_gap_search.json,eufabric search,2026-09-10,day,"as of 2023-10-31: the document cited is dated 2026-09-10, after the cut-off, so this rung was fail on evidence that did not exist yet",not_searched,false,sources/hydrogen_funder_pass.json,eufabric funder pass,2026-09-17,day,"as of 2023-10-31: the document cited is dated 2026-09-17, after the cut-off, so this rung was fail on evidence that did not exist yet",not_searched,false,sources/hydrogen_gap_search.json,eufabric search,2026-09-10,day,"as of 2023-10-31: the document cited is dated 2026-09-10, after the cut-off, so this rung was fail on evidence that did not exist yet",not_searched,false,sources/hydrogen_gap_search.json,eufabric search,2026-09-10,day,"as of 2023-10-31: the document cited is dated 2026-09-10, after the cut-off, so this rung was fail on evidence that did not exist yet",false,2023-10-31
iea:2193,2193,,"H2 Emden Electrolyzer, phase 2",clean,DEU,named not admitted,Feasibility study,,32.91813333,ktH2Y,,,0,false,not_searched,false,https://www.ewe.com/en/media-center/press-releases/2025/11/official-start-of-construction-of-320-megawatt-generation-plant-in-emdenewe-ag,owner,2026-09-10,day,"as of 2023-10-31: the document cited is dated 2026-09-10, after the cut-off, so this rung was pass on evidence that did not exist yet",not_searched,false,sources/hydrogen_gap_search.json,eufabric search,2026-09-10,day,"as of 2023-10-31: the document cited is dated 2026-09-10, after the cut-off, so this rung was fail on evidence that did not exist yet",not_searched,false,sources/hydrogen_gap_search.json,eufabric search,2026-09-10,day,"as of 2023-10-31: the document cited is dated 2026-09-10, after the cut-off, so this rung was fail on evidence that did not exist yet",not_searched,false,sources/hydrogen_funder_pass.json,eufabric funder pass,2026-09-17,day,"as of 2023-10-31: the document cited is dated 2026-09-17, after the cut-off, so this rung was fail on evidence that did not exist yet",not_searched,false,sources/hydrogen_gap_search.json,eufabric search,2026-09-10,day,"as of 2023-10-31: the document cited is dated 2026-09-10, after the cut-off, so this rung was fail on evidence that did not exist yet",not_searched,false,sources/hydrogen_gap_search.json,eufabric search,2026-09-10,day,"as of 2023-10-31: the document cited is dated 2026-09-10, after the cut-off, so this rung was fail on evidence that did not exist yet",false,2023-10-31
iea:2211,2211,,OX2 Neptunus Hub,clean,SWE,none found,Concept,,409.0909091,ktH2Y,,,0,false,not_searched,false,sources/hydrogen_gap_search.json,eufabric search,2026-09-10,day,"as of 2023-10-31: the document cited is dated 2026-09-10, after the cut-off, so this rung was fail on evidence that did not exist yet",not_searched,false,sources/hydrogen_gap_search.json,eufabric search,2026-09-10,day,"as of 2023-10-31: the document cited is dated 2026-09-10, after the cut-off, so this rung was fail on evidence that did not exist yet",not_searched,false,sources/hydrogen_gap_search.json,eufabric search,2026-09-10,day,"as of 2023-10-31: the document cited is dated 2026-09-10, after the cut-off, so this rung was fail on evidence that did not exist yet",not_searched,false,sources/hydrogen_funder_pass.json,eufabric funder pass,2026-09-17,day,"as of 2023-10-31: the document cited is dated 2026-09-17, after the cut-off, so this rung was fail on evidence that did not exist yet",not_searched,false,sources/hydrogen_gap_search.json,eufabric search,2026-09-10,day,"as of 2023-10-31: the document cited is dated 2026-09-10, after the cut-off, so this rung was fail on evidence that did not exist yet",not_searched,false,sources/hydrogen_gap_search.json,eufabric search,2026-09-10,day,"as of 2023-10-31: the document cited is dated 2026-09-10, after the cut-off, so this rung was fail on evidence that did not exist yet",false,2023-10-31
iea:2214,2214,edp-green-h2-los-barrios,"Los Barrios coal plant, Cadiz, phase 2",clean,ES,admitted,Feasibility study,,130,MW_input,,,1,false,not_searched,false,https://edp.com/en/europe/spain/projects/energy-transition/green-h2-los-barrios,EDP,2026-09-10,day,"as of 2023-10-31: the document cited is dated 2026-09-10, after the cut-off, so this rung was pass on evidence that did not exist yet",not_searched,false,https://edp.com/en/europe/spain/projects/energy-transition/green-h2-los-barrios,owner,2026-09-10,day,"as of 2023-10-31: the document cited is dated 2026-09-10, after the cut-off, so this rung was pass on evidence that did not exist yet",not_searched,false,https://edp.com/en/europe/spain/projects/energy-transition/green-h2-los-barrios,owner,2026-09-10,day,"as of 2023-10-31: the document cited is dated 2026-09-10, after the cut-off, so this rung was fail on evidence that did not exist yet",pass,true,https://ec.europa.eu/competition/state_aid/cases1/202427/SA_64650_439.pdf,European Commission,2022-09-21,day,IPCEI Hy2Use (SA.64650) names 'H2 Los Barrios S.A. (EDP-LB)'; matched on a document naming both,not_searched,false,https://edp.com/en/europe/spain/projects/energy-transition/green-h2-los-barrios,owner,2026-09-10,day,"as of 2023-10-31: the document cited is dated 2026-09-10, after the cut-off, so this rung was fail on evidence that did not exist yet",not_searched,false,sources/edges.json,eufabric dependency sweep,2026-09-11,day,"as of 2023-10-31: the document cited is dated 2026-09-11, after the cut-off, so this rung was fail on evidence that did not exist yet",true,2023-10-31
iea:2215,2215,edp-green-h2-los-barrios,"Los Barrios coal plant, Cadiz, phase 3",clean,ES,admitted,Concept,,130,MW_input,,,1,false,not_searched,false,https://edp.com/en/europe/spain/projects/energy-transition/green-h2-los-barrios,EDP,2026-09-10,day,"as of 2023-10-31: the document cited is dated 2026-09-10, after the cut-off, so this rung was pass on evidence that did not exist yet",not_searched,false,https://edp.com/en/europe/spain/projects/energy-transition/green-h2-los-barrios,owner,2026-09-10,day,"as of 2023-10-31: the document cited is dated 2026-09-10, after the cut-off, so this rung was pass on evidence that did not exist yet",not_searched,false,https://edp.com/en/europe/spain/projects/energy-transition/green-h2-los-barrios,owner,2026-09-10,day,"as of 2023-10-31: the document cited is dated 2026-09-10, after the cut-off, so this rung was fail on evidence that did not exist yet",pass,true,https://ec.europa.eu/competition/state_aid/cases1/202427/SA_64650_439.pdf,European Commission,2022-09-21,day,IPCEI Hy2Use (SA.64650) names 'H2 Los Barrios S.A. (EDP-LB)'; matched on a document naming both,not_searched,false,https://edp.com/en/europe/spain/projects/energy-transition/green-h2-los-barrios,owner,2026-09-10,day,"as of 2023-10-31: the document cited is dated 2026-09-10, after the cut-off, so this rung was fail on evidence that did not exist yet",not_searched,false,sources/edges.json,eufabric dependency sweep,2026-09-11,day,"as of 2023-10-31: the document cited is dated 2026-09-11, after the cut-off, so this rung was fail on evidence that did not exist yet",true,2023-10-31
iea:2218,2218,,Holmaneset Project (GAP FFI Holmaneset),clean,NOR,named not admitted,Feasibility study,,44.97923077,ktH2Y,,,0,false,not_searched,false,https://holmanesetproject.no/en,owner,2026-09-10,day,"as of 2023-10-31: the document cited is dated 2026-09-10, after the cut-off, so this rung was pass on evidence that did not exist yet",not_searched,false,sources/hydrogen_gap_search.json,eufabric search,2026-09-10,day,"as of 2023-10-31: the document cited is dated 2026-09-10, after the cut-off, so this rung was fail on evidence that did not exist yet",not_searched,false,sources/hydrogen_gap_search.json,eufabric search,2026-09-10,day,"as of 2023-10-31: the document cited is dated 2026-09-10, after the cut-off, so this rung was fail on evidence that did not exist yet",not_searched,false,sources/hydrogen_funder_pass.json,eufabric funder pass,2026-09-17,day,"as of 2023-10-31: the document cited is dated 2026-09-17, after the cut-off, so this rung was fail on evidence that did not exist yet",not_searched,false,sources/hydrogen_gap_search.json,eufabric search,2026-09-10,day,"as of 2023-10-31: the document cited is dated 2026-09-10, after the cut-off, so this rung was fail on evidence that did not exist yet",not_searched,false,sources/hydrogen_gap_search.json,eufabric search,2026-09-10,day,"as of 2023-10-31: the document cited is dated 2026-09-10, after the cut-off, so this rung was fail on evidence that did not exist yet",false,2023-10-31
iea:2219,2219,,Onyx plant - Port of Rotterdam,clean,NLD,perimeter exclusion,Feasibility study,,300,ktH2Y,,blue,0,false,not_searched,false,sources/report_benchmark_gap.py,eufabric perimeter,2026-09-10,day,"as of 2023-10-31: the document cited is dated 2026-09-10, after the cut-off, so this rung was not_searched on evidence that did not exist yet",not_searched,false,sources/report_benchmark_gap.py,eufabric perimeter,2026-09-10,day,"as of 2023-10-31: the document cited is dated 2026-09-10, after the cut-off, so this rung was not_searched on evidence that did not exist yet",not_searched,false,sources/report_benchmark_gap.py,eufabric perimeter,2026-09-10,day,"as of 2023-10-31: the document cited is dated 2026-09-10, after the cut-off, so this rung was not_searched on evidence that did not exist yet",not_searched,false,sources/report_benchmark_gap.py,eufabric perimeter,2026-09-10,day,"as of 2023-10-31: the document cited is dated 2026-09-10, after the cut-off, so this rung was not_searched on evidence that did not exist yet",not_searched,false,sources/report_benchmark_gap.py,eufabric perimeter,2026-09-10,day,"as of 2023-10-31: the document cited is dated 2026-09-10, after the cut-off, so this rung was not_searched on evidence that did not exist yet",not_searched,false,sources/report_benchmark_gap.py,eufabric perimeter,2026-09-10,day,"as of 2023-10-31: the document cited is dated 2026-09-10, after the cut-off, so this rung was not_searched on evidence that did not exist yet",false,2023-10-31
iea:2227,2227,hive-albamed-albacete,"Hive H2 Albamed, phase 1",clean,ES,admitted,Feasibility study,,800,MW_input,,,0,false,not_searched,false,https://www.hiveenergy.co.uk/clean-futures/green-hydrogen/albamed-green-hydrogen-project/,Hive Energy,2026-09-10,day,"as of 2023-10-31: the document cited is dated 2026-09-10, after the cut-off, so this rung was pass on evidence that did not exist yet",not_searched,false,https://www.hiveenergy.co.uk/clean-futures/green-hydrogen/albamed-green-hydrogen-project/,owner,2026-09-10,day,"as of 2023-10-31: the document cited is dated 2026-09-10, after the cut-off, so this rung was pass on evidence that did not exist yet",not_searched,false,https://www.hiveenergy.co.uk/clean-futures/green-hydrogen/albamed-green-hydrogen-project/,owner,2026-09-10,day,"as of 2023-10-31: the document cited is dated 2026-09-10, after the cut-off, so this rung was fail on evidence that did not exist yet",not_searched,false,sources/hydrogen_funder_pass.json,eufabric funder pass,2026-09-17,day,"as of 2023-10-31: the document cited is dated 2026-09-17, after the cut-off, so this rung was fail on evidence that did not exist yet",not_searched,false,https://www.hiveenergy.co.uk/clean-futures/green-hydrogen/albamed-green-hydrogen-project/,owner,2026-09-10,day,"as of 2023-10-31: the document cited is dated 2026-09-10, after the cut-off, so this rung was fail on evidence that did not exist yet",not_searched,false,sources/edges.json,eufabric dependency sweep,2026-09-11,day,"as of 2023-10-31: the document cited is dated 2026-09-11, after the cut-off, so this rung was fail on evidence that did not exist yet",true,2023-10-31
iea:2228,2228,hive-albamed-albacete,"Hive H2 Albamed, phase 2",clean,ES,admitted,Concept,,800,MW_input,,,0,false,not_searched,false,https://www.hiveenergy.co.uk/clean-futures/green-hydrogen/albamed-green-hydrogen-project/,Hive Energy,2026-09-10,day,"as of 2023-10-31: the document cited is dated 2026-09-10, after the cut-off, so this rung was pass on evidence that did not exist yet",not_searched,false,https://www.hiveenergy.co.uk/clean-futures/green-hydrogen/albamed-green-hydrogen-project/,owner,2026-09-10,day,"as of 2023-10-31: the document cited is dated 2026-09-10, after the cut-off, so this rung was pass on evidence that did not exist yet",not_searched,false,https://www.hiveenergy.co.uk/clean-futures/green-hydrogen/albamed-green-hydrogen-project/,owner,2026-09-10,day,"as of 2023-10-31: the document cited is dated 2026-09-10, after the cut-off, so this rung was fail on evidence that did not exist yet",not_searched,false,sources/hydrogen_funder_pass.json,eufabric funder pass,2026-09-17,day,"as of 2023-10-31: the document cited is dated 2026-09-17, after the cut-off, so this rung was fail on evidence that did not exist yet",not_searched,false,https://www.hiveenergy.co.uk/clean-futures/green-hydrogen/albamed-green-hydrogen-project/,owner,2026-09-10,day,"as of 2023-10-31: the document cited is dated 2026-09-10, after the cut-off, so this rung was fail on evidence that did not exist yet",not_searched,false,sources/edges.json,eufabric dependency sweep,2026-09-11,day,"as of 2023-10-31: the document cited is dated 2026-09-11, after the cut-off, so this rung was fail on evidence that did not exist yet",true,2023-10-31
iea:2232,2232,power2x-erasmo-saceruela,ErasmoPower2X,clean,ES,admitted,Feasibility study,,650,MW_input,,,0,false,not_searched,false,https://www.power2x.com/erasmop2x/,Power2X,2026-09-10,day,"as of 2023-10-31: the document cited is dated 2026-09-10, after the cut-off, so this rung was pass on evidence that did not exist yet",not_searched,false,https://www.power2x.com/erasmop2x/,owner,2026-09-10,day,"as of 2023-10-31: the document cited is dated 2026-09-10, after the cut-off, so this rung was pass on evidence that did not exist yet",not_searched,false,https://www.power2x.com/erasmop2x/,owner,2026-09-10,day,"as of 2023-10-31: the document cited is dated 2026-09-10, after the cut-off, so this rung was fail on evidence that did not exist yet",not_searched,false,sources/hydrogen_funder_pass.json,eufabric funder pass,2026-09-17,day,"as of 2023-10-31: the document cited is dated 2026-09-17, after the cut-off, so this rung was fail on evidence that did not exist yet",not_searched,false,https://www.power2x.com/erasmop2x/,owner,2026-09-10,day,"as of 2023-10-31: the document cited is dated 2026-09-10, after the cut-off, so this rung was fail on evidence that did not exist yet",not_searched,false,sources/edges.json,eufabric dependency sweep,2026-09-11,day,"as of 2023-10-31: the document cited is dated 2026-09-11, after the cut-off, so this rung was fail on evidence that did not exist yet",true,2023-10-31
iea:2246,2246,repsol-tarragona,"Repsol Tarragona, phase 1",clean,ES,admitted,Feasibility study,,150,MW_input,,,0,false,not_searched,false,https://www.repsol.com/en/press-room/press-releases/2026/repsol-installs-second-100-MW-electrolyzer-petronor/index.cshtml,owner,2026-01-26,day,"as of 2023-10-31: the document cited is dated 2026-01-26, after the cut-off, so this rung was pass on evidence that did not exist yet",not_searched,false,https://www.repsol.com/en/press-room/press-releases/2026/repsol-installs-second-100-MW-electrolyzer-petronor/index.cshtml,owner,2026-01-26,day,"as of 2023-10-31: the document cited is dated 2026-01-26, after the cut-off, so this rung was pass on evidence that did not exist yet",not_searched,false,https://www.repsol.com/en/press-room/press-releases/2026/repsol-installs-second-100-MW-electrolyzer-petronor/index.cshtml,owner,2026-01-26,day,"as of 2023-10-31: the document cited is dated 2026-01-26, after the cut-off, so this rung was fail on evidence that did not exist yet",not_searched,false,sources/hydrogen_funder_pass.json,eufabric funder pass,2026-09-17,day,"as of 2023-10-31: the document cited is dated 2026-09-17, after the cut-off, so this rung was fail on evidence that did not exist yet",not_searched,false,https://www.repsol.com/en/press-room/press-releases/2026/repsol-installs-second-100-MW-electrolyzer-petronor/index.cshtml,owner,2026-01-26,day,"as of 2023-10-31: the document cited is dated 2026-01-26, after the cut-off, so this rung was fail on evidence that did not exist yet",not_searched,false,https://www.repsol.com/en/press-room/press-releases/2026/repsol-installs-second-100-MW-electrolyzer-petronor/index.cshtml,owner,2026-01-26,day,"as of 2023-10-31: the document cited is dated 2026-01-26, after the cut-off, so this rung was fail on evidence that did not exist yet",true,2023-10-31
iea:2284,2284,,FertigHy second plant,clean,ESP,perimeter exclusion,Concept,,30,ktH2Y,,DRI or other perimeter exclusion,0,false,not_searched,false,sources/report_benchmark_gap.py,eufabric perimeter,2026-09-10,day,"as of 2023-10-31: the document cited is dated 2026-09-10, after the cut-off, so this rung was not_searched on evidence that did not exist yet",not_searched,false,sources/report_benchmark_gap.py,eufabric perimeter,2026-09-10,day,"as of 2023-10-31: the document cited is dated 2026-09-10, after the cut-off, so this rung was not_searched on evidence that did not exist yet",not_searched,false,sources/report_benchmark_gap.py,eufabric perimeter,2026-09-10,day,"as of 2023-10-31: the document cited is dated 2026-09-10, after the cut-off, so this rung was not_searched on evidence that did not exist yet",not_searched,false,sources/report_benchmark_gap.py,eufabric perimeter,2026-09-10,day,"as of 2023-10-31: the document cited is dated 2026-09-10, after the cut-off, so this rung was not_searched on evidence that did not exist yet",not_searched,false,sources/report_benchmark_gap.py,eufabric perimeter,2026-09-10,day,"as of 2023-10-31: the document cited is dated 2026-09-10, after the cut-off, so this rung was not_searched on evidence that did not exist yet",not_searched,false,sources/report_benchmark_gap.py,eufabric perimeter,2026-09-10,day,"as of 2023-10-31: the document cited is dated 2026-09-10, after the cut-off, so this rung was not_searched on evidence that did not exist yet",false,2023-10-31
iea:2316,2316,,Take Kair,clean,FRA,none found,Feasibility study,,34.65066667,ktH2Y,,,0,false,not_searched,false,sources/hydrogen_gap_search.json,eufabric search,2026-09-10,day,"as of 2023-10-31: the document cited is dated 2026-09-10, after the cut-off, so this rung was fail on evidence that did not exist yet",not_searched,false,sources/hydrogen_gap_search.json,eufabric search,2026-09-10,day,"as of 2023-10-31: the document cited is dated 2026-09-10, after the cut-off, so this rung was fail on evidence that did not exist yet",not_searched,false,sources/hydrogen_gap_search.json,eufabric search,2026-09-10,day,"as of 2023-10-31: the document cited is dated 2026-09-10, after the cut-off, so this rung was fail on evidence that did not exist yet",not_searched,false,sources/hydrogen_funder_pass.json,eufabric funder pass,2026-09-17,day,"as of 2023-10-31: the document cited is dated 2026-09-17, after the cut-off, so this rung was fail on evidence that did not exist yet",not_searched,false,sources/hydrogen_gap_search.json,eufabric search,2026-09-10,day,"as of 2023-10-31: the document cited is dated 2026-09-10, after the cut-off, so this rung was fail on evidence that did not exist yet",not_searched,false,sources/hydrogen_gap_search.json,eufabric search,2026-09-10,day,"as of 2023-10-31: the document cited is dated 2026-09-10, after the cut-off, so this rung was fail on evidence that did not exist yet",false,2023-10-31
iea:2324,2324,,"Electrolyzers with ""network related function"" in Apulia - Phase 2",clean,ITA,none found,Concept,,123.0098667,ktH2Y,,,0,false,not_searched,false,sources/hydrogen_gap_search.json,eufabric search,2026-09-10,day,"as of 2023-10-31: the document cited is dated 2026-09-10, after the cut-off, so this rung was fail on evidence that did not exist yet",not_searched,false,sources/hydrogen_gap_search.json,eufabric search,2026-09-10,day,"as of 2023-10-31: the document cited is dated 2026-09-10, after the cut-off, so this rung was fail on evidence that did not exist yet",not_searched,false,sources/hydrogen_gap_search.json,eufabric search,2026-09-10,day,"as of 2023-10-31: the document cited is dated 2026-09-10, after the cut-off, so this rung was fail on evidence that did not exist yet",not_searched,false,sources/hydrogen_funder_pass.json,eufabric funder pass,2026-09-17,day,"as of 2023-10-31: the document cited is dated 2026-09-17, after the cut-off, so this rung was fail on evidence that did not exist yet",not_searched,false,sources/hydrogen_gap_search.json,eufabric search,2026-09-10,day,"as of 2023-10-31: the document cited is dated 2026-09-10, after the cut-off, so this rung was fail on evidence that did not exist yet",not_searched,false,sources/hydrogen_gap_search.json,eufabric search,2026-09-10,day,"as of 2023-10-31: the document cited is dated 2026-09-10, after the cut-off, so this rung was fail on evidence that did not exist yet",false,2023-10-31
iea:2326,2326,,"Electrolyzers with ""network related function"" in Sicily - Phase 2",clean,ITA,none found,Concept,,105.6845333,ktH2Y,,,0,false,not_searched,false,sources/hydrogen_gap_search.json,eufabric search,2026-09-10,day,"as of 2023-10-31: the document cited is dated 2026-09-10, after the cut-off, so this rung was fail on evidence that did not exist yet",not_searched,false,sources/hydrogen_gap_search.json,eufabric search,2026-09-10,day,"as of 2023-10-31: the document cited is dated 2026-09-10, after the cut-off, so this rung was fail on evidence that did not exist yet",not_searched,false,sources/hydrogen_gap_search.json,eufabric search,2026-09-10,day,"as of 2023-10-31: the document cited is dated 2026-09-10, after the cut-off, so this rung was fail on evidence that did not exist yet",not_searched,false,sources/hydrogen_funder_pass.json,eufabric funder pass,2026-09-17,day,"as of 2023-10-31: the document cited is dated 2026-09-17, after the cut-off, so this rung was fail on evidence that did not exist yet",not_searched,false,sources/hydrogen_gap_search.json,eufabric search,2026-09-10,day,"as of 2023-10-31: the document cited is dated 2026-09-10, after the cut-off, so this rung was fail on evidence that did not exist yet",not_searched,false,sources/hydrogen_gap_search.json,eufabric search,2026-09-10,day,"as of 2023-10-31: the document cited is dated 2026-09-10, after the cut-off, so this rung was fail on evidence that did not exist yet",false,2023-10-31
iea:2409,2409,,BioTJet (part of E-CHO),clean,FRA,unread,Feasibility study,,45.04586667,ktH2Y,,,0,true,unread,true,,,,,company source unreadable; queued for a browser pass,unread,true,,,,,company source unreadable; queued for a browser pass,unread,true,,,,,company source unreadable; queued for a browser pass,unread,true,,,,,company source unreadable; queued for a browser pass,unread,true,,,,,company source unreadable; queued for a browser pass,unread,true,,,,,company source unreadable; queued for a browser pass,false,2023-10-31
iea:2426,2426,,Koppo Energy Cluster - Kristinestad PtX,clean,FIN,named not admitted,Feasibility study,,33.8973913,ktH2Y,,,0,false,not_searched,false,https://cpc-finland.com/en/projekt/koppoe-cluster/,owner,2026-09-10,day,"as of 2023-10-31: the document cited is dated 2026-09-10, after the cut-off, so this rung was pass on evidence that did not exist yet",not_searched,false,sources/hydrogen_gap_search.json,eufabric search,2026-09-10,day,"as of 2023-10-31: the document cited is dated 2026-09-10, after the cut-off, so this rung was fail on evidence that did not exist yet",not_searched,false,sources/hydrogen_gap_search.json,eufabric search,2026-09-10,day,"as of 2023-10-31: the document cited is dated 2026-09-10, after the cut-off, so this rung was fail on evidence that did not exist yet",not_searched,false,sources/hydrogen_funder_pass.json,eufabric funder pass,2026-09-17,day,"as of 2023-10-31: the document cited is dated 2026-09-17, after the cut-off, so this rung was fail on evidence that did not exist yet",not_searched,false,sources/hydrogen_gap_search.json,eufabric search,2026-09-10,day,"as of 2023-10-31: the document cited is dated 2026-09-10, after the cut-off, so this rung was fail on evidence that did not exist yet",not_searched,false,sources/hydrogen_gap_search.json,eufabric search,2026-09-10,day,"as of 2023-10-31: the document cited is dated 2026-09-10, after the cut-off, so this rung was fail on evidence that did not exist yet",false,2023-10-31
iea:2427,2427,,Green NortH2 Energy Kemi,clean,FIN,none found,Feasibility study,,48.51093333,ktH2Y,,,0,false,not_searched,false,sources/hydrogen_gap_search.json,eufabric search,2026-09-10,day,"as of 2023-10-31: the document cited is dated 2026-09-10, after the cut-off, so this rung was fail on evidence that did not exist yet",not_searched,false,sources/hydrogen_gap_search.json,eufabric search,2026-09-10,day,"as of 2023-10-31: the document cited is dated 2026-09-10, after the cut-off, so this rung was fail on evidence that did not exist yet",not_searched,false,sources/hydrogen_gap_search.json,eufabric search,2026-09-10,day,"as of 2023-10-31: the document cited is dated 2026-09-10, after the cut-off, so this rung was fail on evidence that did not exist yet",not_searched,false,sources/hydrogen_funder_pass.json,eufabric funder pass,2026-09-17,day,"as of 2023-10-31: the document cited is dated 2026-09-17, after the cut-off, so this rung was fail on evidence that did not exist yet",not_searched,false,sources/hydrogen_gap_search.json,eufabric search,2026-09-10,day,"as of 2023-10-31: the document cited is dated 2026-09-10, after the cut-off, so this rung was fail on evidence that did not exist yet",not_searched,false,sources/hydrogen_gap_search.json,eufabric search,2026-09-10,day,"as of 2023-10-31: the document cited is dated 2026-09-10, after the cut-off, so this rung was fail on evidence that did not exist yet",false,2023-10-31
iea:2430,2430,,Ren-Gas  P2X Lahti,clean,FIN,named not admitted,Feasibility study,,17.32533333,ktH2Y,,,0,false,not_searched,false,https://ren-gas.com/en/projekti/lahti-2/,owner,2026-09-10,day,"as of 2023-10-31: the document cited is dated 2026-09-10, after the cut-off, so this rung was pass on evidence that did not exist yet",not_searched,false,sources/hydrogen_gap_search.json,eufabric search,2026-09-10,day,"as of 2023-10-31: the document cited is dated 2026-09-10, after the cut-off, so this rung was fail on evidence that did not exist yet",not_searched,false,sources/hydrogen_gap_search.json,eufabric search,2026-09-10,day,"as of 2023-10-31: the document cited is dated 2026-09-10, after the cut-off, so this rung was fail on evidence that did not exist yet",not_searched,false,sources/hydrogen_funder_pass.json,eufabric funder pass,2026-09-17,day,"as of 2023-10-31: the document cited is dated 2026-09-17, after the cut-off, so this rung was fail on evidence that did not exist yet",not_searched,false,sources/hydrogen_gap_search.json,eufabric search,2026-09-10,day,"as of 2023-10-31: the document cited is dated 2026-09-10, after the cut-off, so this rung was fail on evidence that did not exist yet",not_searched,false,sources/hydrogen_gap_search.json,eufabric search,2026-09-10,day,"as of 2023-10-31: the document cited is dated 2026-09-10, after the cut-off, so this rung was fail on evidence that did not exist yet",false,2023-10-31
iea:2434,2434,rengas-pori-kaanaa,Ren-Gas  P2X Pori,clean,FI,admitted,Feasibility study,,100,MW_input,,,0,false,not_searched,false,https://ren-gas.com/projekti/pori-2/,Ren-Gas,2026-09-10,day,"as of 2023-10-31: the document cited is dated 2026-09-10, after the cut-off, so this rung was pass on evidence that did not exist yet",not_searched,false,https://ren-gas.com/projekti/pori-2/,owner,2026-09-10,day,"as of 2023-10-31: the document cited is dated 2026-09-10, after the cut-off, so this rung was pass on evidence that did not exist yet",not_searched,false,https://ren-gas.com/projekti/pori-2/,owner,2026-09-10,day,"as of 2023-10-31: the document cited is dated 2026-09-10, after the cut-off, so this rung was fail on evidence that did not exist yet",not_searched,false,sources/hydrogen_funder_pass.json,eufabric funder pass,2026-09-17,day,"as of 2023-10-31: the document cited is dated 2026-09-17, after the cut-off, so this rung was fail on evidence that did not exist yet",not_searched,false,https://ren-gas.com/projekti/pori-2/,owner,2026-09-10,day,"as of 2023-10-31: the document cited is dated 2026-09-10, after the cut-off, so this rung was fail on evidence that did not exist yet",not_searched,false,sources/edges.json,eufabric dependency sweep,2026-09-11,day,"as of 2023-10-31: the document cited is dated 2026-09-11, after the cut-off, so this rung was fail on evidence that did not exist yet",true,2023-10-31
iea:2439,2439,,Hidroelectrica - Sona,clean,ROU,none found,Concept,,17.32533333,ktH2Y,,,0,false,not_searched,false,sources/hydrogen_gap_search.json,eufabric search,2026-09-10,day,"as of 2023-10-31: the document cited is dated 2026-09-10, after the cut-off, so this rung was fail on evidence that did not exist yet",not_searched,false,sources/hydrogen_gap_search.json,eufabric search,2026-09-10,day,"as of 2023-10-31: the document cited is dated 2026-09-10, after the cut-off, so this rung was fail on evidence that did not exist yet",not_searched,false,sources/hydrogen_gap_search.json,eufabric search,2026-09-10,day,"as of 2023-10-31: the document cited is dated 2026-09-10, after the cut-off, so this rung was fail on evidence that did not exist yet",not_searched,false,sources/hydrogen_funder_pass.json,eufabric funder pass,2026-09-17,day,"as of 2023-10-31: the document cited is dated 2026-09-17, after the cut-off, so this rung was fail on evidence that did not exist yet",not_searched,false,sources/hydrogen_gap_search.json,eufabric search,2026-09-10,day,"as of 2023-10-31: the document cited is dated 2026-09-10, after the cut-off, so this rung was fail on evidence that did not exist yet",not_searched,false,sources/hydrogen_gap_search.json,eufabric search,2026-09-10,day,"as of 2023-10-31: the document cited is dated 2026-09-10, after the cut-off, so this rung was fail on evidence that did not exist yet",false,2023-10-31
iea:2447,2447,h2apex-lubmin-hh2e,"H2APEX Lubmin, phase 1",clean,DE,admitted,Feasibility study,,100,MW_input,paused@2025-07-02,,0,false,not_searched,false,https://h2apex.com/en/h2apex-news/closing-of-the-acquisition-of-hh2e-werk-lubmin-gmbh/,H2APEX Group SCA,2025-07-02,day,"as of 2023-10-31: the document cited is dated 2025-07-02, after the cut-off, so this rung was pass on evidence that did not exist yet",not_searched,false,https://h2apex.com/en/h2apex-news/closing-of-the-acquisition-of-hh2e-werk-lubmin-gmbh/,owner,2025-07-02,day,"as of 2023-10-31: the document cited is dated 2025-07-02, after the cut-off, so this rung was pass on evidence that did not exist yet",not_searched,false,https://h2apex.com/en/h2apex-news/closing-of-the-acquisition-of-hh2e-werk-lubmin-gmbh/,owner,2025-07-02,day,"as of 2023-10-31: the document cited is dated 2025-07-02, after the cut-off, so this rung was fail on evidence that did not exist yet",not_searched,false,sources/hydrogen_funder_pass.json,eufabric funder pass,2026-09-17,day,"as of 2023-10-31: the document cited is dated 2026-09-17, after the cut-off, so this rung was fail on evidence that did not exist yet",not_searched,false,https://h2apex.com/en/h2apex-news/closing-of-the-acquisition-of-hh2e-werk-lubmin-gmbh/,company,2025-07-02,day,"as of 2023-10-31: the document cited is dated 2025-07-02, after the cut-off, so this rung was pass on evidence that did not exist yet",not_searched,false,https://h2apex.com/en/h2apex-news/closing-of-the-acquisition-of-hh2e-werk-lubmin-gmbh/,owner,2025-07-02,day,"as of 2023-10-31: the document cited is dated 2025-07-02, after the cut-off, so this rung was fail on evidence that did not exist yet",true,2023-10-31
iea:2499,2499,enertrag-prignitz-falkenhagen,Enertrag - Prignitz-Falkenhagen industrial park ,clean,DE,admitted,Feasibility study,,130,MW_input,,,0,false,not_searched,false,https://enertrag.com/news-and-press/pressemitteilungen/enertrag-et-l-arrondissement-de-prignitz-posent-un-nouveau-jalon-pour-la-strategie-de-l-hydrogene-dans-le-brandebourg,ENERTRAG,2026-09-10,day,"as of 2023-10-31: the document cited is dated 2026-09-10, after the cut-off, so this rung was pass on evidence that did not exist yet",not_searched,false,https://enertrag.com/news-and-press/pressemitteilungen/enertrag-et-l-arrondissement-de-prignitz-posent-un-nouveau-jalon-pour-la-strategie-de-l-hydrogene-dans-le-brandebourg,owner,2026-09-10,day,"as of 2023-10-31: the document cited is dated 2026-09-10, after the cut-off, so this rung was pass on evidence that did not exist yet",not_searched,false,https://enertrag.com/news-and-press/pressemitteilungen/enertrag-et-l-arrondissement-de-prignitz-posent-un-nouveau-jalon-pour-la-strategie-de-l-hydrogene-dans-le-brandebourg,owner,2026-09-10,day,"as of 2023-10-31: the document cited is dated 2026-09-10, after the cut-off, so this rung was fail on evidence that did not exist yet",not_searched,false,sources/hydrogen_funder_pass.json,eufabric funder pass,2026-09-17,day,"as of 2023-10-31: the document cited is dated 2026-09-17, after the cut-off, so this rung was fail on evidence that did not exist yet",not_searched,false,https://enertrag.com/news-and-press/pressemitteilungen/enertrag-et-l-arrondissement-de-prignitz-posent-un-nouveau-jalon-pour-la-strategie-de-l-hydrogene-dans-le-brandebourg,owner,2026-09-10,day,"as of 2023-10-31: the document cited is dated 2026-09-10, after the cut-off, so this rung was fail on evidence that did not exist yet",not_searched,false,sources/edges.json,eufabric dependency sweep,2026-09-11,day,"as of 2023-10-31: the document cited is dated 2026-09-11, after the cut-off, so this rung was fail on evidence that did not exist yet",true,2023-10-31
iea:2501,2501,,Vanadis Fuels,clean,FIN,none found,Feasibility study,,38.2654,ktH2Y,,,0,false,not_searched,false,sources/hydrogen_gap_search.json,eufabric search,2026-09-10,day,"as of 2023-10-31: the document cited is dated 2026-09-10, after the cut-off, so this rung was fail on evidence that did not exist yet",not_searched,false,sources/hydrogen_gap_search.json,eufabric search,2026-09-10,day,"as of 2023-10-31: the document cited is dated 2026-09-10, after the cut-off, so this rung was fail on evidence that did not exist yet",not_searched,false,sources/hydrogen_gap_search.json,eufabric search,2026-09-10,day,"as of 2023-10-31: the document cited is dated 2026-09-10, after the cut-off, so this rung was fail on evidence that did not exist yet",not_searched,false,sources/hydrogen_funder_pass.json,eufabric funder pass,2026-09-17,day,"as of 2023-10-31: the document cited is dated 2026-09-17, after the cut-off, so this rung was fail on evidence that did not exist yet",not_searched,false,sources/hydrogen_gap_search.json,eufabric search,2026-09-10,day,"as of 2023-10-31: the document cited is dated 2026-09-10, after the cut-off, so this rung was fail on evidence that did not exist yet",not_searched,false,sources/hydrogen_gap_search.json,eufabric search,2026-09-10,day,"as of 2023-10-31: the document cited is dated 2026-09-10, after the cut-off, so this rung was fail on evidence that did not exist yet",false,2023-10-31
iea:2504,2504,,HYBRIT expansion,clean,SWE,perimeter exclusion,Concept,,86.62666667,ktH2Y,,DRI or other perimeter exclusion,0,false,not_searched,false,sources/report_benchmark_gap.py,eufabric perimeter,2026-09-10,day,"as of 2023-10-31: the document cited is dated 2026-09-10, after the cut-off, so this rung was not_searched on evidence that did not exist yet",not_searched,false,sources/report_benchmark_gap.py,eufabric perimeter,2026-09-10,day,"as of 2023-10-31: the document cited is dated 2026-09-10, after the cut-off, so this rung was not_searched on evidence that did not exist yet",not_searched,false,sources/report_benchmark_gap.py,eufabric perimeter,2026-09-10,day,"as of 2023-10-31: the document cited is dated 2026-09-10, after the cut-off, so this rung was not_searched on evidence that did not exist yet",not_searched,false,sources/report_benchmark_gap.py,eufabric perimeter,2026-09-10,day,"as of 2023-10-31: the document cited is dated 2026-09-10, after the cut-off, so this rung was not_searched on evidence that did not exist yet",not_searched,false,sources/report_benchmark_gap.py,eufabric perimeter,2026-09-10,day,"as of 2023-10-31: the document cited is dated 2026-09-10, after the cut-off, so this rung was not_searched on evidence that did not exist yet",not_searched,false,sources/report_benchmark_gap.py,eufabric perimeter,2026-09-10,day,"as of 2023-10-31: the document cited is dated 2026-09-10, after the cut-off, so this rung was not_searched on evidence that did not exist yet",false,2023-10-31
iea:2512,2512,,e-SAF France Kereauzen project,clean,FRA,perimeter exclusion,Feasibility study,,47.64466667,ktH2Y,,DRI or other perimeter exclusion,0,false,not_searched,false,sources/report_benchmark_gap.py,eufabric perimeter,2026-09-10,day,"as of 2023-10-31: the document cited is dated 2026-09-10, after the cut-off, so this rung was not_searched on evidence that did not exist yet",not_searched,false,sources/report_benchmark_gap.py,eufabric perimeter,2026-09-10,day,"as of 2023-10-31: the document cited is dated 2026-09-10, after the cut-off, so this rung was not_searched on evidence that did not exist yet",not_searched,false,sources/report_benchmark_gap.py,eufabric perimeter,2026-09-10,day,"as of 2023-10-31: the document cited is dated 2026-09-10, after the cut-off, so this rung was not_searched on evidence that did not exist yet",not_searched,false,sources/report_benchmark_gap.py,eufabric perimeter,2026-09-10,day,"as of 2023-10-31: the document cited is dated 2026-09-10, after the cut-off, so this rung was not_searched on evidence that did not exist yet",not_searched,false,sources/report_benchmark_gap.py,eufabric perimeter,2026-09-10,day,"as of 2023-10-31: the document cited is dated 2026-09-10, after the cut-off, so this rung was not_searched on evidence that did not exist yet",not_searched,false,sources/report_benchmark_gap.py,eufabric perimeter,2026-09-10,day,"as of 2023-10-31: the document cited is dated 2026-09-10, after the cut-off, so this rung was not_searched on evidence that did not exist yet",false,2023-10-31
iea:2523,2523,,Ratcliffe power station - H2 project - phase 2,clean,GBR,unread,Concept,,69.30133333,ktH2Y,,,0,true,unread,true,,,,,company source unreadable; queued for a browser pass,unread,true,,,,,company source unreadable; queued for a browser pass,unread,true,,,,,company source unreadable; queued for a browser pass,unread,true,,,,,company source unreadable; queued for a browser pass,unread,true,,,,,company source unreadable; queued for a browser pass,unread,true,,,,,company source unreadable; queued for a browser pass,false,2023-10-31
iea:2524,2524,,H2 project Lubmin - Deutsche ReGas - phase 1,clean,DEU,unread,Feasibility study,,29.98615385,ktH2Y,,,0,true,unread,true,,,,,company source unreadable; queued for a browser pass,unread,true,,,,,company source unreadable; queued for a browser pass,unread,true,,,,,company source unreadable; queued for a browser pass,unread,true,,,,,company source unreadable; queued for a browser pass,unread,true,,,,,company source unreadable; queued for a browser pass,unread,true,,,,,company source unreadable; queued for a browser pass,false,2023-10-31
iea:2534,2534,fuella-skipavika-skiga,Skipavika Green Ammonia - SkiGA,clean,NO,admitted,Feasibility study,,120,MW_input,,,0,false,not_searched,false,https://fuella.no/projects/project-skipavika/,Fuella,2026-09-10,day,"as of 2023-10-31: the document cited is dated 2026-09-10, after the cut-off, so this rung was pass on evidence that did not exist yet",not_searched,false,https://fuella.no/projects/project-skipavika/,owner,2026-09-10,day,"as of 2023-10-31: the document cited is dated 2026-09-10, after the cut-off, so this rung was pass on evidence that did not exist yet",not_searched,false,https://fuella.no/projects/project-skipavika/,owner,2026-09-10,day,"as of 2023-10-31: the document cited is dated 2026-09-10, after the cut-off, so this rung was fail on evidence that did not exist yet",not_searched,false,https://cinea.ec.europa.eu/news-events/news/winners-first-eu-wide-renewable-hydrogen-auction-sign-grant-agreements-paving-way-new-european-2024-10-08_en,European Commission (CINEA),2024-10-07,day,"as of 2023-10-31: the document cited is dated 2024-10-07, after the cut-off, so this rung was pass on evidence that did not exist yet",not_searched,false,https://fuella.no/projects/project-skipavika/,owner,2026-09-10,day,"as of 2023-10-31: the document cited is dated 2026-09-10, after the cut-off, so this rung was fail on evidence that did not exist yet",not_searched,false,sources/edges.json,eufabric dependency sweep,2026-09-11,day,"as of 2023-10-31: the document cited is dated 2026-09-11, after the cut-off, so this rung was fail on evidence that did not exist yet",true,2023-10-31
iea:2538,2538,neogreen-sines,NeoGreen Portugal - Sines projetc,clean,PT,admitted,Feasibility study,,500,MW_input,,,0,false,not_searched,false,https://globalparques.pt/en/news/neogreen-portugal-develops-a-green-hydrogen-project-in-sines/,aicep Global Parques,2026-09-10,day,"as of 2023-10-31: the document cited is dated 2026-09-10, after the cut-off, so this rung was pass on evidence that did not exist yet",not_searched,false,https://globalparques.pt/en/news/neogreen-portugal-develops-a-green-hydrogen-project-in-sines/,owner,2026-09-10,day,"as of 2023-10-31: the document cited is dated 2026-09-10, after the cut-off, so this rung was pass on evidence that did not exist yet",not_searched,false,https://globalparques.pt/en/news/neogreen-portugal-develops-a-green-hydrogen-project-in-sines/,owner,2026-09-10,day,"as of 2023-10-31: the document cited is dated 2026-09-10, after the cut-off, so this rung was fail on evidence that did not exist yet",not_searched,false,sources/hydrogen_funder_pass.json,eufabric funder pass,2026-09-17,day,"as of 2023-10-31: the document cited is dated 2026-09-17, after the cut-off, so this rung was fail on evidence that did not exist yet",not_searched,false,https://globalparques.pt/en/news/neogreen-portugal-develops-a-green-hydrogen-project-in-sines/,owner,2026-09-10,day,"as of 2023-10-31: the document cited is dated 2026-09-10, after the cut-off, so this rung was fail on evidence that did not exist yet",not_searched,false,sources/edges.json,eufabric dependency sweep,2026-09-11,day,"as of 2023-10-31: the document cited is dated 2026-09-11, after the cut-off, so this rung was fail on evidence that did not exist yet",true,2023-10-31
iea:2549,2549,ewe-emden-electrolysis,"EWE - Clean Hydrogen Coastline, project Emdem",clean,DE,admitted,FID/Construction,iea_hydrogen_production_projects:2023-10->current,320,MW_input,,,0,false,not_searched,false,https://www.ewe.com/en/media-center/press-releases/2025/11/official-start-of-construction-of-320-megawatt-generation-plant-in-emdenewe-ag,EWE AG,2025-11-28,day,"as of 2023-10-31: the document cited is dated 2025-11-28, after the cut-off, so this rung was pass on evidence that did not exist yet",not_searched,false,https://www.ewe.com/en/media-center/press-releases/2025/11/official-start-of-construction-of-320-megawatt-generation-plant-in-emdenewe-ag,owner,2025-11-28,day,"as of 2023-10-31: the document cited is dated 2025-11-28, after the cut-off, so this rung was pass on evidence that did not exist yet",not_searched,false,https://www.ewe.com/en/media-center/press-releases/2025/11/official-start-of-construction-of-320-megawatt-generation-plant-in-emdenewe-ag,owner,2025-11-28,day,"as of 2023-10-31: the document cited is dated 2025-11-28, after the cut-off, so this rung was pass on evidence that did not exist yet",not_searched,false,https://ec.europa.eu/competition/state_aid/cases1/202442/SA_102825_1118.pdf,European Commission,2024-02-15,day,"as of 2023-10-31: the document cited is dated 2024-02-15, after the cut-off, so this rung was pass on evidence that did not exist yet",not_searched,false,https://www.ewe.com/en/media-center/press-releases/2025/11/official-start-of-construction-of-320-megawatt-generation-plant-in-emdenewe-ag,company,2025-11-28,day,"as of 2023-10-31: the document cited is dated 2025-11-28, after the cut-off, so this rung was pass on evidence that did not exist yet",not_searched,false,https://www.siemens-energy.com/global/en/home/press-releases/siemens-energy-wins-contract-for-large-scale-hydrogen-project-fr.html,supplier,2024-07-25,day,"as of 2023-10-31: the document cited is dated 2024-07-25, after the cut-off, so this rung was pass on evidence that did not exist yet",true,2023-10-31
iea:2563,2563,,Arcadia eFuels - Project ENDOR,clean,DNK,perimeter exclusion,Feasibility study,,89.47368421,ktH2Y,,DRI or other perimeter exclusion,0,false,not_searched,false,sources/report_benchmark_gap.py,eufabric perimeter,2026-09-10,day,"as of 2023-10-31: the document cited is dated 2026-09-10, after the cut-off, so this rung was not_searched on evidence that did not exist yet",not_searched,false,sources/report_benchmark_gap.py,eufabric perimeter,2026-09-10,day,"as of 2023-10-31: the document cited is dated 2026-09-10, after the cut-off, so this rung was not_searched on evidence that did not exist yet",not_searched,false,sources/report_benchmark_gap.py,eufabric perimeter,2026-09-10,day,"as of 2023-10-31: the document cited is dated 2026-09-10, after the cut-off, so this rung was not_searched on evidence that did not exist yet",not_searched,false,sources/report_benchmark_gap.py,eufabric perimeter,2026-09-10,day,"as of 2023-10-31: the document cited is dated 2026-09-10, after the cut-off, so this rung was not_searched on evidence that did not exist yet",not_searched,false,sources/report_benchmark_gap.py,eufabric perimeter,2026-09-10,day,"as of 2023-10-31: the document cited is dated 2026-09-10, after the cut-off, so this rung was not_searched on evidence that did not exist yet",not_searched,false,sources/report_benchmark_gap.py,eufabric perimeter,2026-09-10,day,"as of 2023-10-31: the document cited is dated 2026-09-10, after the cut-off, so this rung was not_searched on evidence that did not exist yet",false,2023-10-31
iea:2569,2569,,"Hynet Northwest, phase 2 (Essar Stanlow refinery)",clean,GBR,perimeter exclusion,Feasibility study,,170.82,ktH2Y,,blue,0,false,not_searched,false,sources/report_benchmark_gap.py,eufabric perimeter,2026-09-10,day,"as of 2023-10-31: the document cited is dated 2026-09-10, after the cut-off, so this rung was not_searched on evidence that did not exist yet",not_searched,false,sources/report_benchmark_gap.py,eufabric perimeter,2026-09-10,day,"as of 2023-10-31: the document cited is dated 2026-09-10, after the cut-off, so this rung was not_searched on evidence that did not exist yet",not_searched,false,sources/report_benchmark_gap.py,eufabric perimeter,2026-09-10,day,"as of 2023-10-31: the document cited is dated 2026-09-10, after the cut-off, so this rung was not_searched on evidence that did not exist yet",not_searched,false,sources/report_benchmark_gap.py,eufabric perimeter,2026-09-10,day,"as of 2023-10-31: the document cited is dated 2026-09-10, after the cut-off, so this rung was not_searched on evidence that did not exist yet",not_searched,false,sources/report_benchmark_gap.py,eufabric perimeter,2026-09-10,day,"as of 2023-10-31: the document cited is dated 2026-09-10, after the cut-off, so this rung was not_searched on evidence that did not exist yet",not_searched,false,sources/report_benchmark_gap.py,eufabric perimeter,2026-09-10,day,"as of 2023-10-31: the document cited is dated 2026-09-10, after the cut-off, so this rung was not_searched on evidence that did not exist yet",false,2023-10-31
iea:2570,2570,madoqua-power2x-sines,MadoquaPower2X - Sines - phase 2,clean,PT,admitted,Concept,,500,MW_input,,,0,false,not_searched,false,https://madoquapower2x.com/,MadoquaPower2X,2026-09-10,day,"as of 2023-10-31: the document cited is dated 2026-09-10, after the cut-off, so this rung was pass on evidence that did not exist yet",not_searched,false,https://madoquapower2x.com/,owner,2026-09-10,day,"as of 2023-10-31: the document cited is dated 2026-09-10, after the cut-off, so this rung was pass on evidence that did not exist yet",not_searched,false,https://madoquapower2x.com/,owner,2026-09-10,day,"as of 2023-10-31: the document cited is dated 2026-09-10, after the cut-off, so this rung was fail on evidence that did not exist yet",not_searched,false,https://cinea.ec.europa.eu/news-events/news/winners-first-eu-wide-renewable-hydrogen-auction-sign-grant-agreements-paving-way-new-european-2024-10-08_en,European Commission (CINEA),2024-10-07,day,"as of 2023-10-31: the document cited is dated 2024-10-07, after the cut-off, so this rung was pass on evidence that did not exist yet",not_searched,false,https://madoquapower2x.com/,owner,2026-09-10,day,"as of 2023-10-31: the document cited is dated 2026-09-10, after the cut-off, so this rung was fail on evidence that did not exist yet",not_searched,false,sources/edges.json,eufabric dependency sweep,2026-09-11,day,"as of 2023-10-31: the document cited is dated 2026-09-11, after the cut-off, so this rung was fail on evidence that did not exist yet",true,2023-10-31
iea:2599,2599,eneco-diamond-hydrogen-europoort,Eneco H2 project Rotterdam port area,clean,NL,admitted,Concept,,800,MW_input,,,0,false,not_searched,false,https://news.eneco.com/eneco-takes-important-step-towards-building-green-hydrogen-plant/,owner,2026-09-10,day,"as of 2023-10-31: the document cited is dated 2026-09-10, after the cut-off, so this rung was fail on evidence that did not exist yet",not_searched,false,https://news.eneco.com/eneco-takes-important-step-towards-building-green-hydrogen-plant/,owner,2026-09-10,day,"as of 2023-10-31: the document cited is dated 2026-09-10, after the cut-off, so this rung was pass on evidence that did not exist yet",not_searched,false,https://news.eneco.com/eneco-takes-important-step-towards-building-green-hydrogen-plant/,owner,2026-09-10,day,"as of 2023-10-31: the document cited is dated 2026-09-10, after the cut-off, so this rung was fail on evidence that did not exist yet",not_searched,false,sources/hydrogen_funder_pass.json,eufabric funder pass,2026-09-17,day,"as of 2023-10-31: the document cited is dated 2026-09-17, after the cut-off, so this rung was fail on evidence that did not exist yet",not_searched,false,https://news.eneco.com/eneco-takes-important-step-towards-building-green-hydrogen-plant/,owner,2026-09-10,day,"as of 2023-10-31: the document cited is dated 2026-09-10, after the cut-off, so this rung was fail on evidence that did not exist yet",not_searched,false,sources/edges.json,eufabric dependency sweep,2026-09-11,day,"as of 2023-10-31: the document cited is dated 2026-09-11, after the cut-off, so this rung was fail on evidence that did not exist yet",true,2023-10-31
iea:2612,2612,,Moeve la Rábida Energy Park (Huelva) - phase 3- Andalusian Green Hydrogen Valley THARSIS Project (Together with ONUBA: LUXIA project),clean,ESP,named not admitted,Feasibility study,,34.65066667,ktH2Y,,,0,false,not_searched,false,https://www.moeveglobal.com/en/businesses/commercial-clean-energies/green-hydrogen/green-hydrogen-production-at-moeve,owner,2026-09-10,day,"as of 2023-10-31: the document cited is dated 2026-09-10, after the cut-off, so this rung was pass on evidence that did not exist yet",not_searched,false,sources/hydrogen_gap_search.json,eufabric search,2026-09-10,day,"as of 2023-10-31: the document cited is dated 2026-09-10, after the cut-off, so this rung was fail on evidence that did not exist yet",not_searched,false,sources/hydrogen_gap_search.json,eufabric search,2026-09-10,day,"as of 2023-10-31: the document cited is dated 2026-09-10, after the cut-off, so this rung was fail on evidence that did not exist yet",not_searched,false,sources/hydrogen_funder_pass.json,eufabric funder pass,2026-09-17,day,"as of 2023-10-31: the document cited is dated 2026-09-17, after the cut-off, so this rung was fail on evidence that did not exist yet",not_searched,false,sources/hydrogen_gap_search.json,eufabric search,2026-09-10,day,"as of 2023-10-31: the document cited is dated 2026-09-10, after the cut-off, so this rung was fail on evidence that did not exist yet",not_searched,false,sources/hydrogen_gap_search.json,eufabric search,2026-09-10,day,"as of 2023-10-31: the document cited is dated 2026-09-10, after the cut-off, so this rung was fail on evidence that did not exist yet",false,2023-10-31
iea:2630,2630,,Kymijärvi power (Lahti),clean,FIN,named not admitted,Feasibility study,,17.32533333,ktH2Y,,,0,false,not_searched,false,https://ren-gas.com/en/projekti/lahti-2/,owner,2026-09-10,day,"as of 2023-10-31: the document cited is dated 2026-09-10, after the cut-off, so this rung was pass on evidence that did not exist yet",not_searched,false,sources/hydrogen_gap_search.json,eufabric search,2026-09-10,day,"as of 2023-10-31: the document cited is dated 2026-09-10, after the cut-off, so this rung was fail on evidence that did not exist yet",not_searched,false,sources/hydrogen_gap_search.json,eufabric search,2026-09-10,day,"as of 2023-10-31: the document cited is dated 2026-09-10, after the cut-off, so this rung was fail on evidence that did not exist yet",not_searched,false,sources/hydrogen_funder_pass.json,eufabric funder pass,2026-09-17,day,"as of 2023-10-31: the document cited is dated 2026-09-17, after the cut-off, so this rung was fail on evidence that did not exist yet",not_searched,false,sources/hydrogen_gap_search.json,eufabric search,2026-09-10,day,"as of 2023-10-31: the document cited is dated 2026-09-10, after the cut-off, so this rung was fail on evidence that did not exist yet",not_searched,false,sources/hydrogen_gap_search.json,eufabric search,2026-09-10,day,"as of 2023-10-31: the document cited is dated 2026-09-10, after the cut-off, so this rung was fail on evidence that did not exist yet",false,2023-10-31
iea:2700,2700,,Zijing Mining Renewable energy project,clean,SRB,none found,Feasibility study,,60,ktH2Y,,,0,false,not_searched,false,sources/hydrogen_gap_search.json,eufabric search,2026-09-10,day,"as of 2023-10-31: the document cited is dated 2026-09-10, after the cut-off, so this rung was fail on evidence that did not exist yet",not_searched,false,sources/hydrogen_gap_search.json,eufabric search,2026-09-10,day,"as of 2023-10-31: the document cited is dated 2026-09-10, after the cut-off, so this rung was fail on evidence that did not exist yet",not_searched,false,sources/hydrogen_gap_search.json,eufabric search,2026-09-10,day,"as of 2023-10-31: the document cited is dated 2026-09-10, after the cut-off, so this rung was fail on evidence that did not exist yet",not_searched,false,sources/hydrogen_funder_pass.json,eufabric funder pass,2026-09-17,day,"as of 2023-10-31: the document cited is dated 2026-09-17, after the cut-off, so this rung was fail on evidence that did not exist yet",not_searched,false,sources/hydrogen_gap_search.json,eufabric search,2026-09-10,day,"as of 2023-10-31: the document cited is dated 2026-09-10, after the cut-off, so this rung was fail on evidence that did not exist yet",not_searched,false,sources/hydrogen_gap_search.json,eufabric search,2026-09-10,day,"as of 2023-10-31: the document cited is dated 2026-09-10, after the cut-off, so this rung was fail on evidence that did not exist yet",false,2023-10-31
iea:2707,2707,,eM-Rhone,clean,FRA,unread,Feasibility study,,29.98615385,ktH2Y,,,0,true,unread,true,,,,,company source unreadable; queued for a browser pass,unread,true,,,,,company source unreadable; queued for a browser pass,unread,true,,,,,company source unreadable; queued for a browser pass,unread,true,,,,,company source unreadable; queued for a browser pass,unread,true,,,,,company source unreadable; queued for a browser pass,unread,true,,,,,company source unreadable; queued for a browser pass,false,2023-10-31
iea:2728,2728,,Baden-Württemberg SAF Demo plant,clean,DEU,perimeter exclusion,Feasibility study,,31.43274854,ktH2Y,,DRI or other perimeter exclusion,0,false,not_searched,false,sources/report_benchmark_gap.py,eufabric perimeter,2026-09-10,day,"as of 2023-10-31: the document cited is dated 2026-09-10, after the cut-off, so this rung was not_searched on evidence that did not exist yet",not_searched,false,sources/report_benchmark_gap.py,eufabric perimeter,2026-09-10,day,"as of 2023-10-31: the document cited is dated 2026-09-10, after the cut-off, so this rung was not_searched on evidence that did not exist yet",not_searched,false,sources/report_benchmark_gap.py,eufabric perimeter,2026-09-10,day,"as of 2023-10-31: the document cited is dated 2026-09-10, after the cut-off, so this rung was not_searched on evidence that did not exist yet",not_searched,false,sources/report_benchmark_gap.py,eufabric perimeter,2026-09-10,day,"as of 2023-10-31: the document cited is dated 2026-09-10, after the cut-off, so this rung was not_searched on evidence that did not exist yet",not_searched,false,sources/report_benchmark_gap.py,eufabric perimeter,2026-09-10,day,"as of 2023-10-31: the document cited is dated 2026-09-10, after the cut-off, so this rung was not_searched on evidence that did not exist yet",not_searched,false,sources/report_benchmark_gap.py,eufabric perimeter,2026-09-10,day,"as of 2023-10-31: the document cited is dated 2026-09-10, after the cut-off, so this rung was not_searched on evidence that did not exist yet",false,2023-10-31
iea:2732,2732,,Carbonshift PtL SAF refinery,clean,GBR,perimeter exclusion,Feasibility study,,22.05806915,ktH2Y,,DRI or other perimeter exclusion,0,false,not_searched,false,sources/report_benchmark_gap.py,eufabric perimeter,2026-09-10,day,"as of 2023-10-31: the document cited is dated 2026-09-10, after the cut-off, so this rung was not_searched on evidence that did not exist yet",not_searched,false,sources/report_benchmark_gap.py,eufabric perimeter,2026-09-10,day,"as of 2023-10-31: the document cited is dated 2026-09-10, after the cut-off, so this rung was not_searched on evidence that did not exist yet",not_searched,false,sources/report_benchmark_gap.py,eufabric perimeter,2026-09-10,day,"as of 2023-10-31: the document cited is dated 2026-09-10, after the cut-off, so this rung was not_searched on evidence that did not exist yet",not_searched,false,sources/report_benchmark_gap.py,eufabric perimeter,2026-09-10,day,"as of 2023-10-31: the document cited is dated 2026-09-10, after the cut-off, so this rung was not_searched on evidence that did not exist yet",not_searched,false,sources/report_benchmark_gap.py,eufabric perimeter,2026-09-10,day,"as of 2023-10-31: the document cited is dated 2026-09-10, after the cut-off, so this rung was not_searched on evidence that did not exist yet",not_searched,false,sources/report_benchmark_gap.py,eufabric perimeter,2026-09-10,day,"as of 2023-10-31: the document cited is dated 2026-09-10, after the cut-off, so this rung was not_searched on evidence that did not exist yet",false,2023-10-31
iea:2733,2733,,NABOO,clean,GBR,none found,Feasibility study,,71.84628237,ktH2Y,,,0,false,not_searched,false,sources/hydrogen_gap_search.json,eufabric search,2026-09-10,day,"as of 2023-10-31: the document cited is dated 2026-09-10, after the cut-off, so this rung was fail on evidence that did not exist yet",not_searched,false,sources/hydrogen_gap_search.json,eufabric search,2026-09-10,day,"as of 2023-10-31: the document cited is dated 2026-09-10, after the cut-off, so this rung was fail on evidence that did not exist yet",not_searched,false,sources/hydrogen_gap_search.json,eufabric search,2026-09-10,day,"as of 2023-10-31: the document cited is dated 2026-09-10, after the cut-off, so this rung was fail on evidence that did not exist yet",not_searched,false,sources/hydrogen_funder_pass.json,eufabric funder pass,2026-09-17,day,"as of 2023-10-31: the document cited is dated 2026-09-17, after the cut-off, so this rung was fail on evidence that did not exist yet",not_searched,false,sources/hydrogen_gap_search.json,eufabric search,2026-09-10,day,"as of 2023-10-31: the document cited is dated 2026-09-10, after the cut-off, so this rung was fail on evidence that did not exist yet",not_searched,false,sources/hydrogen_gap_search.json,eufabric search,2026-09-10,day,"as of 2023-10-31: the document cited is dated 2026-09-10, after the cut-off, so this rung was fail on evidence that did not exist yet",false,2023-10-31
iea:2735,2735,,Project Starling - Advancing Sustainable Aviation via PtL and Direct Air Capture (ASAP-DAC)  project,clean,GBR,perimeter exclusion,Feasibility study,,22.45196324,ktH2Y,,DRI or other perimeter exclusion,0,false,not_searched,false,sources/report_benchmark_gap.py,eufabric perimeter,2026-09-10,day,"as of 2023-10-31: the document cited is dated 2026-09-10, after the cut-off, so this rung was not_searched on evidence that did not exist yet",not_searched,false,sources/report_benchmark_gap.py,eufabric perimeter,2026-09-10,day,"as of 2023-10-31: the document cited is dated 2026-09-10, after the cut-off, so this rung was not_searched on evidence that did not exist yet",not_searched,false,sources/report_benchmark_gap.py,eufabric perimeter,2026-09-10,day,"as of 2023-10-31: the document cited is dated 2026-09-10, after the cut-off, so this rung was not_searched on evidence that did not exist yet",not_searched,false,sources/report_benchmark_gap.py,eufabric perimeter,2026-09-10,day,"as of 2023-10-31: the document cited is dated 2026-09-10, after the cut-off, so this rung was not_searched on evidence that did not exist yet",not_searched,false,sources/report_benchmark_gap.py,eufabric perimeter,2026-09-10,day,"as of 2023-10-31: the document cited is dated 2026-09-10, after the cut-off, so this rung was not_searched on evidence that did not exist yet",not_searched,false,sources/report_benchmark_gap.py,eufabric perimeter,2026-09-10,day,"as of 2023-10-31: the document cited is dated 2026-09-10, after the cut-off, so this rung was not_searched on evidence that did not exist yet",false,2023-10-31
iea:2742,2742,,LH2 Europe Project,clean,GBR,none found,Concept,,62.3712,ktH2Y,,,0,false,not_searched,false,sources/hydrogen_gap_search.json,eufabric search,2026-09-10,day,"as of 2023-10-31: the document cited is dated 2026-09-10, after the cut-off, so this rung was fail on evidence that did not exist yet",not_searched,false,sources/hydrogen_gap_search.json,eufabric search,2026-09-10,day,"as of 2023-10-31: the document cited is dated 2026-09-10, after the cut-off, so this rung was fail on evidence that did not exist yet",not_searched,false,sources/hydrogen_gap_search.json,eufabric search,2026-09-10,day,"as of 2023-10-31: the document cited is dated 2026-09-10, after the cut-off, so this rung was fail on evidence that did not exist yet",not_searched,false,sources/hydrogen_funder_pass.json,eufabric funder pass,2026-09-17,day,"as of 2023-10-31: the document cited is dated 2026-09-17, after the cut-off, so this rung was fail on evidence that did not exist yet",not_searched,false,sources/hydrogen_gap_search.json,eufabric search,2026-09-10,day,"as of 2023-10-31: the document cited is dated 2026-09-10, after the cut-off, so this rung was fail on evidence that did not exist yet",not_searched,false,sources/hydrogen_gap_search.json,eufabric search,2026-09-10,day,"as of 2023-10-31: the document cited is dated 2026-09-10, after the cut-off, so this rung was fail on evidence that did not exist yet",false,2023-10-31
iea:2745,2745,,Oulu E-methanol Plant,clean,FIN,perimeter exclusion,Feasibility study,,17.32533333,ktH2Y,,DRI or other perimeter exclusion,0,false,not_searched,false,sources/report_benchmark_gap.py,eufabric perimeter,2026-09-10,day,"as of 2023-10-31: the document cited is dated 2026-09-10, after the cut-off, so this rung was not_searched on evidence that did not exist yet",not_searched,false,sources/report_benchmark_gap.py,eufabric perimeter,2026-09-10,day,"as of 2023-10-31: the document cited is dated 2026-09-10, after the cut-off, so this rung was not_searched on evidence that did not exist yet",not_searched,false,sources/report_benchmark_gap.py,eufabric perimeter,2026-09-10,day,"as of 2023-10-31: the document cited is dated 2026-09-10, after the cut-off, so this rung was not_searched on evidence that did not exist yet",not_searched,false,sources/report_benchmark_gap.py,eufabric perimeter,2026-09-10,day,"as of 2023-10-31: the document cited is dated 2026-09-10, after the cut-off, so this rung was not_searched on evidence that did not exist yet",not_searched,false,sources/report_benchmark_gap.py,eufabric perimeter,2026-09-10,day,"as of 2023-10-31: the document cited is dated 2026-09-10, after the cut-off, so this rung was not_searched on evidence that did not exist yet",not_searched,false,sources/report_benchmark_gap.py,eufabric perimeter,2026-09-10,day,"as of 2023-10-31: the document cited is dated 2026-09-10, after the cut-off, so this rung was not_searched on evidence that did not exist yet",false,2023-10-31
iea:2766,2766,rwe-wilton-green-hydrogen,Wilton International Industrial Zone green hydrogen (Wilton Green Hydrogen),clean,GB,admitted,Feasibility study,,260,MW_input,,,0,false,not_searched,false,https://uk.rwe.com/press-and-news/2024-03-18-wilton-green-hydrogen-project-gains-momentum-in-advancing-sustainable-energy-solutions/,RWE,2026-09-10,day,"as of 2023-10-31: the document cited is dated 2026-09-10, after the cut-off, so this rung was pass on evidence that did not exist yet",not_searched,false,https://uk.rwe.com/press-and-news/2024-03-18-wilton-green-hydrogen-project-gains-momentum-in-advancing-sustainable-energy-solutions/,owner,2026-09-10,day,"as of 2023-10-31: the document cited is dated 2026-09-10, after the cut-off, so this rung was pass on evidence that did not exist yet",not_searched,false,https://uk.rwe.com/press-and-news/2024-03-18-wilton-green-hydrogen-project-gains-momentum-in-advancing-sustainable-energy-solutions/,owner,2026-09-10,day,"as of 2023-10-31: the document cited is dated 2026-09-10, after the cut-off, so this rung was fail on evidence that did not exist yet",not_searched,false,sources/hydrogen_funder_pass.json,eufabric funder pass,2026-09-17,day,"as of 2023-10-31: the document cited is dated 2026-09-17, after the cut-off, so this rung was fail on evidence that did not exist yet",not_searched,false,https://uk.rwe.com/press-and-news/2024-03-18-wilton-green-hydrogen-project-gains-momentum-in-advancing-sustainable-energy-solutions/,owner,2026-09-10,day,"as of 2023-10-31: the document cited is dated 2026-09-10, after the cut-off, so this rung was fail on evidence that did not exist yet",not_searched,false,https://www.netzeroteesside.co.uk/news/greenlight-for-net-zero-teesside-power/,supplier,2024-12-10,day,"as of 2023-10-31: the document cited is dated 2024-12-10, after the cut-off, so this rung was pass on evidence that did not exist yet",true,2023-10-31
iea:2775,2775,,Numantia SAF,clean,ESP,perimeter exclusion,Feasibility study,,36,ktH2Y,,DRI or other perimeter exclusion,0,false,not_searched,false,sources/report_benchmark_gap.py,eufabric perimeter,2026-09-10,day,"as of 2023-10-31: the document cited is dated 2026-09-10, after the cut-off, so this rung was not_searched on evidence that did not exist yet",not_searched,false,sources/report_benchmark_gap.py,eufabric perimeter,2026-09-10,day,"as of 2023-10-31: the document cited is dated 2026-09-10, after the cut-off, so this rung was not_searched on evidence that did not exist yet",not_searched,false,sources/report_benchmark_gap.py,eufabric perimeter,2026-09-10,day,"as of 2023-10-31: the document cited is dated 2026-09-10, after the cut-off, so this rung was not_searched on evidence that did not exist yet",not_searched,false,sources/report_benchmark_gap.py,eufabric perimeter,2026-09-10,day,"as of 2023-10-31: the document cited is dated 2026-09-10, after the cut-off, so this rung was not_searched on evidence that did not exist yet",not_searched,false,sources/report_benchmark_gap.py,eufabric perimeter,2026-09-10,day,"as of 2023-10-31: the document cited is dated 2026-09-10, after the cut-off, so this rung was not_searched on evidence that did not exist yet",not_searched,false,sources/report_benchmark_gap.py,eufabric perimeter,2026-09-10,day,"as of 2023-10-31: the document cited is dated 2026-09-10, after the cut-off, so this rung was not_searched on evidence that did not exist yet",false,2023-10-31
iea:2793,2793,totalenergies-energhys-vlissingen,EnergHys,clean,NL,admitted,Feasibility study,,300,MW_input,,,0,false,not_searched,false,https://www.energhys.com/,EnergHys (TotalEnergies),2026-09-10,day,"as of 2023-10-31: the document cited is dated 2026-09-10, after the cut-off, so this rung was pass on evidence that did not exist yet",not_searched,false,https://www.energhys.com/,owner,2026-09-10,day,"as of 2023-10-31: the document cited is dated 2026-09-10, after the cut-off, so this rung was pass on evidence that did not exist yet",not_searched,false,https://www.energhys.com/,owner,2026-09-10,day,"as of 2023-10-31: the document cited is dated 2026-09-10, after the cut-off, so this rung was fail on evidence that did not exist yet",not_searched,false,sources/hydrogen_funder_pass.json,eufabric funder pass,2026-09-17,day,"as of 2023-10-31: the document cited is dated 2026-09-17, after the cut-off, so this rung was fail on evidence that did not exist yet",not_searched,false,https://www.energhys.com/,owner,2026-09-10,day,"as of 2023-10-31: the document cited is dated 2026-09-10, after the cut-off, so this rung was fail on evidence that did not exist yet",not_searched,false,sources/edges.json,eufabric dependency sweep,2026-09-11,day,"as of 2023-10-31: the document cited is dated 2026-09-11, after the cut-off, so this rung was fail on evidence that did not exist yet",true,2023-10-31
iea:2857,2857,,FertigHy first plant,clean,FRA,perimeter exclusion,Concept,,30,ktH2Y,,DRI or other perimeter exclusion,0,false,not_searched,false,sources/report_benchmark_gap.py,eufabric perimeter,2026-09-10,day,"as of 2023-10-31: the document cited is dated 2026-09-10, after the cut-off, so this rung was not_searched on evidence that did not exist yet",not_searched,false,sources/report_benchmark_gap.py,eufabric perimeter,2026-09-10,day,"as of 2023-10-31: the document cited is dated 2026-09-10, after the cut-off, so this rung was not_searched on evidence that did not exist yet",not_searched,false,sources/report_benchmark_gap.py,eufabric perimeter,2026-09-10,day,"as of 2023-10-31: the document cited is dated 2026-09-10, after the cut-off, so this rung was not_searched on evidence that did not exist yet",not_searched,false,sources/report_benchmark_gap.py,eufabric perimeter,2026-09-10,day,"as of 2023-10-31: the document cited is dated 2026-09-10, after the cut-off, so this rung was not_searched on evidence that did not exist yet",not_searched,false,sources/report_benchmark_gap.py,eufabric perimeter,2026-09-10,day,"as of 2023-10-31: the document cited is dated 2026-09-10, after the cut-off, so this rung was not_searched on evidence that did not exist yet",not_searched,false,sources/report_benchmark_gap.py,eufabric perimeter,2026-09-10,day,"as of 2023-10-31: the document cited is dated 2026-09-10, after the cut-off, so this rung was not_searched on evidence that did not exist yet",false,2023-10-31
iea:2862,2862,,"P2XFloater and Oksefjorden wind farm
+
P2XFloater and Rubbedalshøgda wind farm",clean,NOR,named not admitted,Feasibility study,,199.7162501,ktH2Y,,,0,false,not_searched,false,https://www.h2carrier.com/post/h2carrier-to-establish-norway-s-first-integrated-ptx-and-wind-power-project,owner,2026-09-10,day,"as of 2023-10-31: the document cited is dated 2026-09-10, after the cut-off, so this rung was pass on evidence that did not exist yet",not_searched,false,sources/hydrogen_gap_search.json,eufabric search,2026-09-10,day,"as of 2023-10-31: the document cited is dated 2026-09-10, after the cut-off, so this rung was fail on evidence that did not exist yet",not_searched,false,sources/hydrogen_gap_search.json,eufabric search,2026-09-10,day,"as of 2023-10-31: the document cited is dated 2026-09-10, after the cut-off, so this rung was fail on evidence that did not exist yet",not_searched,false,sources/hydrogen_funder_pass.json,eufabric funder pass,2026-09-17,day,"as of 2023-10-31: the document cited is dated 2026-09-17, after the cut-off, so this rung was fail on evidence that did not exist yet",not_searched,false,sources/hydrogen_gap_search.json,eufabric search,2026-09-10,day,"as of 2023-10-31: the document cited is dated 2026-09-10, after the cut-off, so this rung was fail on evidence that did not exist yet",not_searched,false,sources/hydrogen_gap_search.json,eufabric search,2026-09-10,day,"as of 2023-10-31: the document cited is dated 2026-09-10, after the cut-off, so this rung was fail on evidence that did not exist yet",false,2023-10-31
iea:2863,2863,,MetGreenPort,clean,ESP,none found,Feasibility study,,138.6026667,ktH2Y,,,0,false,not_searched,false,sources/hydrogen_gap_search.json,eufabric search,2026-09-10,day,"as of 2023-10-31: the document cited is dated 2026-09-10, after the cut-off, so this rung was fail on evidence that did not exist yet",not_searched,false,sources/hydrogen_gap_search.json,eufabric search,2026-09-10,day,"as of 2023-10-31: the document cited is dated 2026-09-10, after the cut-off, so this rung was fail on evidence that did not exist yet",not_searched,false,sources/hydrogen_gap_search.json,eufabric search,2026-09-10,day,"as of 2023-10-31: the document cited is dated 2026-09-10, after the cut-off, so this rung was fail on evidence that did not exist yet",not_searched,false,sources/hydrogen_funder_pass.json,eufabric funder pass,2026-09-17,day,"as of 2023-10-31: the document cited is dated 2026-09-17, after the cut-off, so this rung was fail on evidence that did not exist yet",not_searched,false,sources/hydrogen_gap_search.json,eufabric search,2026-09-10,day,"as of 2023-10-31: the document cited is dated 2026-09-10, after the cut-off, so this rung was fail on evidence that did not exist yet",not_searched,false,sources/hydrogen_gap_search.json,eufabric search,2026-09-10,day,"as of 2023-10-31: the document cited is dated 2026-09-10, after the cut-off, so this rung was fail on evidence that did not exist yet",false,2023-10-31
iea:2875,2875,eneco-diamond-hydrogen-europoort,Eneco Diamond Hydrogen,clean,NL,admitted,Concept,,800,MW_input,,,0,false,not_searched,false,https://news.eneco.com/eneco-takes-important-step-towards-building-green-hydrogen-plant/,owner,2026-09-10,day,"as of 2023-10-31: the document cited is dated 2026-09-10, after the cut-off, so this rung was fail on evidence that did not exist yet",not_searched,false,https://news.eneco.com/eneco-takes-important-step-towards-building-green-hydrogen-plant/,owner,2026-09-10,day,"as of 2023-10-31: the document cited is dated 2026-09-10, after the cut-off, so this rung was pass on evidence that did not exist yet",not_searched,false,https://news.eneco.com/eneco-takes-important-step-towards-building-green-hydrogen-plant/,owner,2026-09-10,day,"as of 2023-10-31: the document cited is dated 2026-09-10, after the cut-off, so this rung was fail on evidence that did not exist yet",not_searched,false,sources/hydrogen_funder_pass.json,eufabric funder pass,2026-09-17,day,"as of 2023-10-31: the document cited is dated 2026-09-17, after the cut-off, so this rung was fail on evidence that did not exist yet",not_searched,false,https://news.eneco.com/eneco-takes-important-step-towards-building-green-hydrogen-plant/,owner,2026-09-10,day,"as of 2023-10-31: the document cited is dated 2026-09-10, after the cut-off, so this rung was fail on evidence that did not exist yet",not_searched,false,sources/edges.json,eufabric dependency sweep,2026-09-11,day,"as of 2023-10-31: the document cited is dated 2026-09-11, after the cut-off, so this rung was fail on evidence that did not exist yet",true,2023-10-31
iea:2897,2897,,SIRAM green hydrogen plant in Termoli,clean,ITA,none found,Feasibility study,,138.6026667,ktH2Y,,,0,false,not_searched,false,sources/hydrogen_gap_search.json,eufabric search,2026-09-10,day,"as of 2023-10-31: the document cited is dated 2026-09-10, after the cut-off, so this rung was fail on evidence that did not exist yet",not_searched,false,sources/hydrogen_gap_search.json,eufabric search,2026-09-10,day,"as of 2023-10-31: the document cited is dated 2026-09-10, after the cut-off, so this rung was fail on evidence that did not exist yet",not_searched,false,sources/hydrogen_gap_search.json,eufabric search,2026-09-10,day,"as of 2023-10-31: the document cited is dated 2026-09-10, after the cut-off, so this rung was fail on evidence that did not exist yet",not_searched,false,sources/hydrogen_funder_pass.json,eufabric funder pass,2026-09-17,day,"as of 2023-10-31: the document cited is dated 2026-09-17, after the cut-off, so this rung was fail on evidence that did not exist yet",not_searched,false,sources/hydrogen_gap_search.json,eufabric search,2026-09-10,day,"as of 2023-10-31: the document cited is dated 2026-09-10, after the cut-off, so this rung was fail on evidence that did not exist yet",not_searched,false,sources/hydrogen_gap_search.json,eufabric search,2026-09-10,day,"as of 2023-10-31: the document cited is dated 2026-09-10, after the cut-off, so this rung was fail on evidence that did not exist yet",false,2023-10-31
iea:2909,2909,,Power2X Parnu facility,clean,EST,named not admitted,Feasibility study,,173.9332096,ktH2Y,,,0,false,not_searched,false,https://www.power2x.ee/,owner,2026-09-10,day,"as of 2023-10-31: the document cited is dated 2026-09-10, after the cut-off, so this rung was pass on evidence that did not exist yet",not_searched,false,sources/hydrogen_gap_search.json,eufabric search,2026-09-10,day,"as of 2023-10-31: the document cited is dated 2026-09-10, after the cut-off, so this rung was fail on evidence that did not exist yet",not_searched,false,sources/hydrogen_gap_search.json,eufabric search,2026-09-10,day,"as of 2023-10-31: the document cited is dated 2026-09-10, after the cut-off, so this rung was fail on evidence that did not exist yet",not_searched,false,sources/hydrogen_funder_pass.json,eufabric funder pass,2026-09-17,day,"as of 2023-10-31: the document cited is dated 2026-09-17, after the cut-off, so this rung was fail on evidence that did not exist yet",not_searched,false,sources/hydrogen_gap_search.json,eufabric search,2026-09-10,day,"as of 2023-10-31: the document cited is dated 2026-09-10, after the cut-off, so this rung was fail on evidence that did not exist yet",not_searched,false,sources/hydrogen_gap_search.json,eufabric search,2026-09-10,day,"as of 2023-10-31: the document cited is dated 2026-09-10, after the cut-off, so this rung was fail on evidence that did not exist yet",false,2023-10-31
iea:2957,2957,,Armonia Green Sevilla phase I,clean,ESP,none found,Feasibility study,,34.30416,ktH2Y,,,0,false,not_searched,false,sources/hydrogen_gap_search.json,eufabric search,2026-09-10,day,"as of 2023-10-31: the document cited is dated 2026-09-10, after the cut-off, so this rung was fail on evidence that did not exist yet",not_searched,false,sources/hydrogen_gap_search.json,eufabric search,2026-09-10,day,"as of 2023-10-31: the document cited is dated 2026-09-10, after the cut-off, so this rung was fail on evidence that did not exist yet",not_searched,false,sources/hydrogen_gap_search.json,eufabric search,2026-09-10,day,"as of 2023-10-31: the document cited is dated 2026-09-10, after the cut-off, so this rung was fail on evidence that did not exist yet",not_searched,false,sources/hydrogen_funder_pass.json,eufabric funder pass,2026-09-17,day,"as of 2023-10-31: the document cited is dated 2026-09-17, after the cut-off, so this rung was fail on evidence that did not exist yet",not_searched,false,sources/hydrogen_gap_search.json,eufabric search,2026-09-10,day,"as of 2023-10-31: the document cited is dated 2026-09-10, after the cut-off, so this rung was fail on evidence that did not exist yet",not_searched,false,sources/hydrogen_gap_search.json,eufabric search,2026-09-10,day,"as of 2023-10-31: the document cited is dated 2026-09-10, after the cut-off, so this rung was fail on evidence that did not exist yet",false,2023-10-31
iea:3009,3009,,GalpH2Park-II (Phase II),clean,PRT,unread,Feasibility study,,29.98615385,ktH2Y,,,0,true,unread,true,,,,,company source unreadable; queued for a browser pass,unread,true,,,,,company source unreadable; queued for a browser pass,unread,true,,,,,company source unreadable; queued for a browser pass,unread,true,,,,,company source unreadable; queued for a browser pass,unread,true,,,,,company source unreadable; queued for a browser pass,unread,true,,,,,company source unreadable; queued for a browser pass,false,2023-10-31
iea:3010,3010,,Grey2Green,clean,PRT,unread,Concept,,29.98615385,ktH2Y,,,0,true,unread,true,,,,,company source unreadable; queued for a browser pass,unread,true,,,,,company source unreadable; queued for a browser pass,unread,true,,,,,company source unreadable; queued for a browser pass,unread,true,,,,,company source unreadable; queued for a browser pass,unread,true,,,,,company source unreadable; queued for a browser pass,unread,true,,,,,company source unreadable; queued for a browser pass,false,2023-10-31
iea:3012,3012,,Armonia Green Castellon Phase I,clean,ESP,none found,Feasibility study,,50.96038415,ktH2Y,,,0,false,not_searched,false,sources/hydrogen_gap_search.json,eufabric search,2026-09-10,day,"as of 2023-10-31: the document cited is dated 2026-09-10, after the cut-off, so this rung was fail on evidence that did not exist yet",not_searched,false,sources/hydrogen_gap_search.json,eufabric search,2026-09-10,day,"as of 2023-10-31: the document cited is dated 2026-09-10, after the cut-off, so this rung was fail on evidence that did not exist yet",not_searched,false,sources/hydrogen_gap_search.json,eufabric search,2026-09-10,day,"as of 2023-10-31: the document cited is dated 2026-09-10, after the cut-off, so this rung was fail on evidence that did not exist yet",not_searched,false,sources/hydrogen_funder_pass.json,eufabric funder pass,2026-09-17,day,"as of 2023-10-31: the document cited is dated 2026-09-17, after the cut-off, so this rung was fail on evidence that did not exist yet",not_searched,false,sources/hydrogen_gap_search.json,eufabric search,2026-09-10,day,"as of 2023-10-31: the document cited is dated 2026-09-10, after the cut-off, so this rung was fail on evidence that did not exist yet",not_searched,false,sources/hydrogen_gap_search.json,eufabric search,2026-09-10,day,"as of 2023-10-31: the document cited is dated 2026-09-10, after the cut-off, so this rung was fail on evidence that did not exist yet",false,2023-10-31
iea:3013,3013,,Armonia Green Castellon Phase II,clean,ESP,none found,Concept,,51.14045618,ktH2Y,,,0,false,not_searched,false,sources/hydrogen_gap_search.json,eufabric search,2026-09-10,day,"as of 2023-10-31: the document cited is dated 2026-09-10, after the cut-off, so this rung was fail on evidence that did not exist yet",not_searched,false,sources/hydrogen_gap_search.json,eufabric search,2026-09-10,day,"as of 2023-10-31: the document cited is dated 2026-09-10, after the cut-off, so this rung was fail on evidence that did not exist yet",not_searched,false,sources/hydrogen_gap_search.json,eufabric search,2026-09-10,day,"as of 2023-10-31: the document cited is dated 2026-09-10, after the cut-off, so this rung was fail on evidence that did not exist yet",not_searched,false,sources/hydrogen_funder_pass.json,eufabric funder pass,2026-09-17,day,"as of 2023-10-31: the document cited is dated 2026-09-17, after the cut-off, so this rung was fail on evidence that did not exist yet",not_searched,false,sources/hydrogen_gap_search.json,eufabric search,2026-09-10,day,"as of 2023-10-31: the document cited is dated 2026-09-10, after the cut-off, so this rung was fail on evidence that did not exist yet",not_searched,false,sources/hydrogen_gap_search.json,eufabric search,2026-09-10,day,"as of 2023-10-31: the document cited is dated 2026-09-10, after the cut-off, so this rung was fail on evidence that did not exist yet",false,2023-10-31
iea:3014,3014,,Armonia Green Castellon Phase III,clean,ESP,none found,Concept,,50.96038415,ktH2Y,,,0,false,not_searched,false,sources/hydrogen_gap_search.json,eufabric search,2026-09-10,day,"as of 2023-10-31: the document cited is dated 2026-09-10, after the cut-off, so this rung was fail on evidence that did not exist yet",not_searched,false,sources/hydrogen_gap_search.json,eufabric search,2026-09-10,day,"as of 2023-10-31: the document cited is dated 2026-09-10, after the cut-off, so this rung was fail on evidence that did not exist yet",not_searched,false,sources/hydrogen_gap_search.json,eufabric search,2026-09-10,day,"as of 2023-10-31: the document cited is dated 2026-09-10, after the cut-off, so this rung was fail on evidence that did not exist yet",not_searched,false,sources/hydrogen_funder_pass.json,eufabric funder pass,2026-09-17,day,"as of 2023-10-31: the document cited is dated 2026-09-17, after the cut-off, so this rung was fail on evidence that did not exist yet",not_searched,false,sources/hydrogen_gap_search.json,eufabric search,2026-09-10,day,"as of 2023-10-31: the document cited is dated 2026-09-10, after the cut-off, so this rung was fail on evidence that did not exist yet",not_searched,false,sources/hydrogen_gap_search.json,eufabric search,2026-09-10,day,"as of 2023-10-31: the document cited is dated 2026-09-10, after the cut-off, so this rung was fail on evidence that did not exist yet",false,2023-10-31
iea:3015,3015,ignis-armonia-green-galicia,Armonia Green Galicia Phase I,clean,ES,admitted,Feasibility study,,200,MW_input,,,0,false,not_searched,false,https://web.archive.org/web/20260416133218/https://www.ignis.es/en/green-hydrogen-as-a-key-driver-for-decarbonization-and-energy-transformation/,IGNIS,2024-09-23,day,"as of 2023-10-31: the document cited is dated 2024-09-23, after the cut-off, so this rung was pass on evidence that did not exist yet",not_searched,false,https://web.archive.org/web/20260416133218/https://www.ignis.es/en/green-hydrogen-as-a-key-driver-for-decarbonization-and-energy-transformation/,owner,2026-09-10,day,"as of 2023-10-31: the document cited is dated 2026-09-10, after the cut-off, so this rung was pass on evidence that did not exist yet",not_searched,false,https://web.archive.org/web/20260416133218/https://www.ignis.es/en/green-hydrogen-as-a-key-driver-for-decarbonization-and-energy-transformation/,owner,2024-09-23,day,"as of 2023-10-31: the document cited is dated 2024-09-23, after the cut-off, so this rung was fail on evidence that did not exist yet",not_searched,false,sources/hydrogen_funder_pass.json,eufabric funder pass,2026-09-17,day,"as of 2023-10-31: the document cited is dated 2026-09-17, after the cut-off, so this rung was fail on evidence that did not exist yet",not_searched,false,https://web.archive.org/web/20260416133218/https://www.ignis.es/en/green-hydrogen-as-a-key-driver-for-decarbonization-and-energy-transformation/,owner,2024-09-23,day,"as of 2023-10-31: the document cited is dated 2024-09-23, after the cut-off, so this rung was fail on evidence that did not exist yet",not_searched,false,sources/edges.json,eufabric dependency sweep,2026-09-11,day,"as of 2023-10-31: the document cited is dated 2026-09-11, after the cut-off, so this rung was fail on evidence that did not exist yet",true,2023-10-31
iea:3019,3019,,"Moeve San Roque Energy Park (Algeciras) - Andalusian Green Hydrogen Valley 
CARTEIA Project - Phase 2",clean,ESP,named not admitted,Concept,,86.62666667,ktH2Y,,,0,false,not_searched,false,https://www.moeveglobal.com/en/businesses/commercial-clean-energies/green-hydrogen/green-hydrogen-production-at-moeve,owner,2026-09-10,day,"as of 2023-10-31: the document cited is dated 2026-09-10, after the cut-off, so this rung was pass on evidence that did not exist yet",not_searched,false,sources/hydrogen_gap_search.json,eufabric search,2026-09-10,day,"as of 2023-10-31: the document cited is dated 2026-09-10, after the cut-off, so this rung was fail on evidence that did not exist yet",not_searched,false,sources/hydrogen_gap_search.json,eufabric search,2026-09-10,day,"as of 2023-10-31: the document cited is dated 2026-09-10, after the cut-off, so this rung was fail on evidence that did not exist yet",not_searched,false,sources/hydrogen_funder_pass.json,eufabric funder pass,2026-09-17,day,"as of 2023-10-31: the document cited is dated 2026-09-17, after the cut-off, so this rung was fail on evidence that did not exist yet",not_searched,false,sources/hydrogen_gap_search.json,eufabric search,2026-09-10,day,"as of 2023-10-31: the document cited is dated 2026-09-10, after the cut-off, so this rung was fail on evidence that did not exist yet",not_searched,false,sources/hydrogen_gap_search.json,eufabric search,2026-09-10,day,"as of 2023-10-31: the document cited is dated 2026-09-10, after the cut-off, so this rung was fail on evidence that did not exist yet",false,2023-10-31
iea:3051,3051,,Markinch Green Hydrogen,clean,GBR,named not admitted,Feasibility study,,17.32533333,ktH2Y,,,0,false,not_searched,false,https://www.rwe.com/en/press/rwe-generation/2022-06-14-rwe-and-sgn-announce-green-hydrogen-partnership-for-domestic-heat-in-scotland/,owner,2026-09-10,day,"as of 2023-10-31: the document cited is dated 2026-09-10, after the cut-off, so this rung was pass on evidence that did not exist yet",not_searched,false,sources/hydrogen_gap_search.json,eufabric search,2026-09-10,day,"as of 2023-10-31: the document cited is dated 2026-09-10, after the cut-off, so this rung was fail on evidence that did not exist yet",not_searched,false,sources/hydrogen_gap_search.json,eufabric search,2026-09-10,day,"as of 2023-10-31: the document cited is dated 2026-09-10, after the cut-off, so this rung was fail on evidence that did not exist yet",not_searched,false,sources/hydrogen_funder_pass.json,eufabric funder pass,2026-09-17,day,"as of 2023-10-31: the document cited is dated 2026-09-17, after the cut-off, so this rung was fail on evidence that did not exist yet",not_searched,false,sources/hydrogen_gap_search.json,eufabric search,2026-09-10,day,"as of 2023-10-31: the document cited is dated 2026-09-10, after the cut-off, so this rung was fail on evidence that did not exist yet",not_searched,false,sources/hydrogen_gap_search.json,eufabric search,2026-09-10,day,"as of 2023-10-31: the document cited is dated 2026-09-10, after the cut-off, so this rung was fail on evidence that did not exist yet",false,2023-10-31
iea:3053,3053,rwe-pembroke-green-hydrogen,Pembroke power station - Pembroke Green Hydrogen/Net Zero Centre (Phase 2),clean,GB,admitted,Feasibility study,,100,MW_input,,,0,false,not_searched,false,https://uk.rwe.com/innovation/pembroke-net-zero-centre-pnzc/pembroke-green-hydrogen/,owner,2026-09-10,day,"as of 2023-10-31: the document cited is dated 2026-09-10, after the cut-off, so this rung was fail on evidence that did not exist yet",not_searched,false,https://uk.rwe.com/innovation/pembroke-net-zero-centre-pnzc/pembroke-green-hydrogen/,owner,2026-09-10,day,"as of 2023-10-31: the document cited is dated 2026-09-10, after the cut-off, so this rung was pass on evidence that did not exist yet",not_searched,false,https://uk.rwe.com/innovation/pembroke-net-zero-centre-pnzc/pembroke-green-hydrogen/,owner,2026-09-10,day,"as of 2023-10-31: the document cited is dated 2026-09-10, after the cut-off, so this rung was fail on evidence that did not exist yet",not_searched,false,sources/hydrogen_funder_pass.json,eufabric funder pass,2026-09-17,day,"as of 2023-10-31: the document cited is dated 2026-09-17, after the cut-off, so this rung was fail on evidence that did not exist yet",not_searched,false,https://uk.rwe.com/innovation/pembroke-net-zero-centre-pnzc/pembroke-green-hydrogen/,owner,2026-09-10,day,"as of 2023-10-31: the document cited is dated 2026-09-10, after the cut-off, so this rung was fail on evidence that did not exist yet",not_searched,false,sources/edges.json,eufabric dependency sweep,2026-09-11,day,"as of 2023-10-31: the document cited is dated 2026-09-11, after the cut-off, so this rung was fail on evidence that did not exist yet",true,2023-10-31
iea:3056,3056,,RWE Grangemouth,clean,GBR,named not admitted,Feasibility study,,34.65066667,ktH2Y,,,0,false,not_searched,false,https://uk.rwe.com/project-proposals/grangemouth-green-hydrogen/,owner,2026-09-10,day,"as of 2023-10-31: the document cited is dated 2026-09-10, after the cut-off, so this rung was pass on evidence that did not exist yet",not_searched,false,sources/hydrogen_gap_search.json,eufabric search,2026-09-10,day,"as of 2023-10-31: the document cited is dated 2026-09-10, after the cut-off, so this rung was fail on evidence that did not exist yet",not_searched,false,sources/hydrogen_gap_search.json,eufabric search,2026-09-10,day,"as of 2023-10-31: the document cited is dated 2026-09-10, after the cut-off, so this rung was fail on evidence that did not exist yet",not_searched,false,sources/hydrogen_funder_pass.json,eufabric funder pass,2026-09-17,day,"as of 2023-10-31: the document cited is dated 2026-09-17, after the cut-off, so this rung was fail on evidence that did not exist yet",not_searched,false,sources/hydrogen_gap_search.json,eufabric search,2026-09-10,day,"as of 2023-10-31: the document cited is dated 2026-09-10, after the cut-off, so this rung was fail on evidence that did not exist yet",not_searched,false,sources/hydrogen_gap_search.json,eufabric search,2026-09-10,day,"as of 2023-10-31: the document cited is dated 2026-09-10, after the cut-off, so this rung was fail on evidence that did not exist yet",false,2023-10-31
iea:3060,3060,,"Dolphyn 1, phase 3",clean,GBR,none found,Concept,,675.688,ktH2Y,,,0,false,not_searched,false,sources/hydrogen_gap_search.json,eufabric search,2026-09-10,day,"as of 2023-10-31: the document cited is dated 2026-09-10, after the cut-off, so this rung was fail on evidence that did not exist yet",not_searched,false,sources/hydrogen_gap_search.json,eufabric search,2026-09-10,day,"as of 2023-10-31: the document cited is dated 2026-09-10, after the cut-off, so this rung was fail on evidence that did not exist yet",not_searched,false,sources/hydrogen_gap_search.json,eufabric search,2026-09-10,day,"as of 2023-10-31: the document cited is dated 2026-09-10, after the cut-off, so this rung was fail on evidence that did not exist yet",not_searched,false,sources/hydrogen_funder_pass.json,eufabric funder pass,2026-09-17,day,"as of 2023-10-31: the document cited is dated 2026-09-17, after the cut-off, so this rung was fail on evidence that did not exist yet",not_searched,false,sources/hydrogen_gap_search.json,eufabric search,2026-09-10,day,"as of 2023-10-31: the document cited is dated 2026-09-10, after the cut-off, so this rung was fail on evidence that did not exist yet",not_searched,false,sources/hydrogen_gap_search.json,eufabric search,2026-09-10,day,"as of 2023-10-31: the document cited is dated 2026-09-10, after the cut-off, so this rung was fail on evidence that did not exist yet",false,2023-10-31
iea:3070,3070,,H2H/Easington Hydrogen Production Green,clean,GBR,named not admitted,Feasibility study,,34.65066667,ktH2Y,,,0,false,not_searched,false,https://www.equinor.com/news/uk/h2heasingtonhumberhydrogenhublaunch,owner,2026-09-10,day,"as of 2023-10-31: the document cited is dated 2026-09-10, after the cut-off, so this rung was pass on evidence that did not exist yet",not_searched,false,sources/hydrogen_gap_search.json,eufabric search,2026-09-10,day,"as of 2023-10-31: the document cited is dated 2026-09-10, after the cut-off, so this rung was fail on evidence that did not exist yet",not_searched,false,sources/hydrogen_gap_search.json,eufabric search,2026-09-10,day,"as of 2023-10-31: the document cited is dated 2026-09-10, after the cut-off, so this rung was fail on evidence that did not exist yet",not_searched,false,sources/hydrogen_funder_pass.json,eufabric funder pass,2026-09-17,day,"as of 2023-10-31: the document cited is dated 2026-09-17, after the cut-off, so this rung was fail on evidence that did not exist yet",not_searched,false,sources/hydrogen_gap_search.json,eufabric search,2026-09-10,day,"as of 2023-10-31: the document cited is dated 2026-09-10, after the cut-off, so this rung was fail on evidence that did not exist yet",not_searched,false,sources/hydrogen_gap_search.json,eufabric search,2026-09-10,day,"as of 2023-10-31: the document cited is dated 2026-09-10, after the cut-off, so this rung was fail on evidence that did not exist yet",false,2023-10-31
iea:3076,3076,meld-saltend-hull,Saltend Chemicals Park - Hull - phase 2,clean,GB,admitted,Concept,,100,MW_input,,,0,false,not_searched,false,https://meld.energy/projects/,Meld Energy,2026-09-10,day,"as of 2023-10-31: the document cited is dated 2026-09-10, after the cut-off, so this rung was pass on evidence that did not exist yet",not_searched,false,https://meld.energy/projects/,owner,2026-09-10,day,"as of 2023-10-31: the document cited is dated 2026-09-10, after the cut-off, so this rung was pass on evidence that did not exist yet",not_searched,false,https://meld.energy/projects/,owner,2026-09-10,day,"as of 2023-10-31: the document cited is dated 2026-09-10, after the cut-off, so this rung was fail on evidence that did not exist yet",not_searched,false,sources/hydrogen_funder_pass.json,eufabric funder pass,2026-09-17,day,"as of 2023-10-31: the document cited is dated 2026-09-17, after the cut-off, so this rung was fail on evidence that did not exist yet",not_searched,false,https://meld.energy/projects/,owner,2026-09-10,day,"as of 2023-10-31: the document cited is dated 2026-09-10, after the cut-off, so this rung was fail on evidence that did not exist yet",not_searched,false,sources/edges.json,eufabric dependency sweep,2026-09-11,day,"as of 2023-10-31: the document cited is dated 2026-09-11, after the cut-off, so this rung was fail on evidence that did not exist yet",true,2023-10-31
iea:3080,3080,,Tees Green Methanol (phase 3),clean,GBR,perimeter exclusion,Concept,,34.65066667,ktH2Y,,DRI or other perimeter exclusion,0,false,not_searched,false,sources/report_benchmark_gap.py,eufabric perimeter,2026-09-10,day,"as of 2023-10-31: the document cited is dated 2026-09-10, after the cut-off, so this rung was not_searched on evidence that did not exist yet",not_searched,false,sources/report_benchmark_gap.py,eufabric perimeter,2026-09-10,day,"as of 2023-10-31: the document cited is dated 2026-09-10, after the cut-off, so this rung was not_searched on evidence that did not exist yet",not_searched,false,sources/report_benchmark_gap.py,eufabric perimeter,2026-09-10,day,"as of 2023-10-31: the document cited is dated 2026-09-10, after the cut-off, so this rung was not_searched on evidence that did not exist yet",not_searched,false,sources/report_benchmark_gap.py,eufabric perimeter,2026-09-10,day,"as of 2023-10-31: the document cited is dated 2026-09-10, after the cut-off, so this rung was not_searched on evidence that did not exist yet",not_searched,false,sources/report_benchmark_gap.py,eufabric perimeter,2026-09-10,day,"as of 2023-10-31: the document cited is dated 2026-09-10, after the cut-off, so this rung was not_searched on evidence that did not exist yet",not_searched,false,sources/report_benchmark_gap.py,eufabric perimeter,2026-09-10,day,"as of 2023-10-31: the document cited is dated 2026-09-10, after the cut-off, so this rung was not_searched on evidence that did not exist yet",false,2023-10-31
iea:3083,3083,,Sullom Voe Terminal Hydrogen Project (Phase 2),clean,GBR,named not admitted,Concept,,43.31333333,ktH2Y,,,0,false,not_searched,false,https://verienergy.com/pages/hydrogen,owner,2026-09-10,day,"as of 2023-10-31: the document cited is dated 2026-09-10, after the cut-off, so this rung was pass on evidence that did not exist yet",not_searched,false,sources/hydrogen_gap_search.json,eufabric search,2026-09-10,day,"as of 2023-10-31: the document cited is dated 2026-09-10, after the cut-off, so this rung was fail on evidence that did not exist yet",not_searched,false,sources/hydrogen_gap_search.json,eufabric search,2026-09-10,day,"as of 2023-10-31: the document cited is dated 2026-09-10, after the cut-off, so this rung was fail on evidence that did not exist yet",not_searched,false,sources/hydrogen_funder_pass.json,eufabric funder pass,2026-09-17,day,"as of 2023-10-31: the document cited is dated 2026-09-17, after the cut-off, so this rung was fail on evidence that did not exist yet",not_searched,false,sources/hydrogen_gap_search.json,eufabric search,2026-09-10,day,"as of 2023-10-31: the document cited is dated 2026-09-10, after the cut-off, so this rung was fail on evidence that did not exist yet",not_searched,false,sources/hydrogen_gap_search.json,eufabric search,2026-09-10,day,"as of 2023-10-31: the document cited is dated 2026-09-10, after the cut-off, so this rung was fail on evidence that did not exist yet",false,2023-10-31
iea:3086,3086,,Kvinesdal Ammonia A Energi,clean,NOR,named not admitted,Concept,,103.952,ktH2Y,,,0,false,not_searched,false,https://www.aenergi.no/no/fornybar-energi/ammoniakk,owner,2026-09-10,day,"as of 2023-10-31: the document cited is dated 2026-09-10, after the cut-off, so this rung was pass on evidence that did not exist yet",not_searched,false,sources/hydrogen_gap_search.json,eufabric search,2026-09-10,day,"as of 2023-10-31: the document cited is dated 2026-09-10, after the cut-off, so this rung was fail on evidence that did not exist yet",not_searched,false,sources/hydrogen_gap_search.json,eufabric search,2026-09-10,day,"as of 2023-10-31: the document cited is dated 2026-09-10, after the cut-off, so this rung was fail on evidence that did not exist yet",not_searched,false,sources/hydrogen_funder_pass.json,eufabric funder pass,2026-09-17,day,"as of 2023-10-31: the document cited is dated 2026-09-17, after the cut-off, so this rung was fail on evidence that did not exist yet",not_searched,false,sources/hydrogen_gap_search.json,eufabric search,2026-09-10,day,"as of 2023-10-31: the document cited is dated 2026-09-10, after the cut-off, so this rung was fail on evidence that did not exist yet",not_searched,false,sources/hydrogen_gap_search.json,eufabric search,2026-09-10,day,"as of 2023-10-31: the document cited is dated 2026-09-10, after the cut-off, so this rung was fail on evidence that did not exist yet",false,2023-10-31
iea:3087,3087,,Hyperion H2 Alandroal- Phase 2,clean,PRT,none found,Concept,,17.32533333,ktH2Y,,,0,false,not_searched,false,sources/hydrogen_gap_search.json,eufabric search,2026-09-10,day,"as of 2023-10-31: the document cited is dated 2026-09-10, after the cut-off, so this rung was fail on evidence that did not exist yet",not_searched,false,sources/hydrogen_gap_search.json,eufabric search,2026-09-10,day,"as of 2023-10-31: the document cited is dated 2026-09-10, after the cut-off, so this rung was fail on evidence that did not exist yet",not_searched,false,sources/hydrogen_gap_search.json,eufabric search,2026-09-10,day,"as of 2023-10-31: the document cited is dated 2026-09-10, after the cut-off, so this rung was fail on evidence that did not exist yet",not_searched,false,sources/hydrogen_funder_pass.json,eufabric funder pass,2026-09-17,day,"as of 2023-10-31: the document cited is dated 2026-09-17, after the cut-off, so this rung was fail on evidence that did not exist yet",not_searched,false,sources/hydrogen_gap_search.json,eufabric search,2026-09-10,day,"as of 2023-10-31: the document cited is dated 2026-09-10, after the cut-off, so this rung was fail on evidence that did not exist yet",not_searched,false,sources/hydrogen_gap_search.json,eufabric search,2026-09-10,day,"as of 2023-10-31: the document cited is dated 2026-09-10, after the cut-off, so this rung was fail on evidence that did not exist yet",false,2023-10-31
iea:3088,3088,,Hyperion H2 Alandroal- Phase 3,clean,PRT,none found,Concept,,17.32533333,ktH2Y,,,0,false,not_searched,false,sources/hydrogen_gap_search.json,eufabric search,2026-09-10,day,"as of 2023-10-31: the document cited is dated 2026-09-10, after the cut-off, so this rung was fail on evidence that did not exist yet",not_searched,false,sources/hydrogen_gap_search.json,eufabric search,2026-09-10,day,"as of 2023-10-31: the document cited is dated 2026-09-10, after the cut-off, so this rung was fail on evidence that did not exist yet",not_searched,false,sources/hydrogen_gap_search.json,eufabric search,2026-09-10,day,"as of 2023-10-31: the document cited is dated 2026-09-10, after the cut-off, so this rung was fail on evidence that did not exist yet",not_searched,false,sources/hydrogen_funder_pass.json,eufabric funder pass,2026-09-17,day,"as of 2023-10-31: the document cited is dated 2026-09-17, after the cut-off, so this rung was fail on evidence that did not exist yet",not_searched,false,sources/hydrogen_gap_search.json,eufabric search,2026-09-10,day,"as of 2023-10-31: the document cited is dated 2026-09-10, after the cut-off, so this rung was fail on evidence that did not exist yet",not_searched,false,sources/hydrogen_gap_search.json,eufabric search,2026-09-10,day,"as of 2023-10-31: the document cited is dated 2026-09-10, after the cut-off, so this rung was fail on evidence that did not exist yet",false,2023-10-31
iea:3091,3091,,ETFuels - Ranua,clean,FIN,unread,Feasibility study,,51.976,ktH2Y,,,0,true,unread,true,,,,,company source unreadable; queued for a browser pass,unread,true,,,,,company source unreadable; queued for a browser pass,unread,true,,,,,company source unreadable; queued for a browser pass,unread,true,,,,,company source unreadable; queued for a browser pass,unread,true,,,,,company source unreadable; queued for a browser pass,unread,true,,,,,company source unreadable; queued for a browser pass,false,2023-10-31
iea:3095,3095,,Green NortH2 Energy Naantali,clean,FIN,named not admitted,Feasibility study,,41.98061538,ktH2Y,,,0,false,not_searched,false,https://www.greennorth.energy/en/project/,owner,2026-09-10,day,"as of 2023-10-31: the document cited is dated 2026-09-10, after the cut-off, so this rung was pass on evidence that did not exist yet",not_searched,false,sources/hydrogen_gap_search.json,eufabric search,2026-09-10,day,"as of 2023-10-31: the document cited is dated 2026-09-10, after the cut-off, so this rung was fail on evidence that did not exist yet",not_searched,false,sources/hydrogen_gap_search.json,eufabric search,2026-09-10,day,"as of 2023-10-31: the document cited is dated 2026-09-10, after the cut-off, so this rung was fail on evidence that did not exist yet",not_searched,false,sources/hydrogen_funder_pass.json,eufabric funder pass,2026-09-17,day,"as of 2023-10-31: the document cited is dated 2026-09-17, after the cut-off, so this rung was fail on evidence that did not exist yet",not_searched,false,sources/hydrogen_gap_search.json,eufabric search,2026-09-10,day,"as of 2023-10-31: the document cited is dated 2026-09-10, after the cut-off, so this rung was fail on evidence that did not exist yet",not_searched,false,sources/hydrogen_gap_search.json,eufabric search,2026-09-10,day,"as of 2023-10-31: the document cited is dated 2026-09-10, after the cut-off, so this rung was fail on evidence that did not exist yet",false,2023-10-31
iea:3096,3096,,Green NortH2 Energy Pori,clean,FIN,none found,Feasibility study,,48.51093333,ktH2Y,,,0,false,not_searched,false,sources/hydrogen_gap_search.json,eufabric search,2026-09-10,day,"as of 2023-10-31: the document cited is dated 2026-09-10, after the cut-off, so this rung was fail on evidence that did not exist yet",not_searched,false,sources/hydrogen_gap_search.json,eufabric search,2026-09-10,day,"as of 2023-10-31: the document cited is dated 2026-09-10, after the cut-off, so this rung was fail on evidence that did not exist yet",not_searched,false,sources/hydrogen_gap_search.json,eufabric search,2026-09-10,day,"as of 2023-10-31: the document cited is dated 2026-09-10, after the cut-off, so this rung was fail on evidence that did not exist yet",not_searched,false,sources/hydrogen_funder_pass.json,eufabric funder pass,2026-09-17,day,"as of 2023-10-31: the document cited is dated 2026-09-17, after the cut-off, so this rung was fail on evidence that did not exist yet",not_searched,false,sources/hydrogen_gap_search.json,eufabric search,2026-09-10,day,"as of 2023-10-31: the document cited is dated 2026-09-10, after the cut-off, so this rung was fail on evidence that did not exist yet",not_searched,false,sources/hydrogen_gap_search.json,eufabric search,2026-09-10,day,"as of 2023-10-31: the document cited is dated 2026-09-10, after the cut-off, so this rung was fail on evidence that did not exist yet",false,2023-10-31
iea:3101,3101,,H2Enable (Phase 2),clean,PRT,named not admitted,Concept,,81.42906667,ktH2Y,,,0,false,not_searched,false,https://www.bondalti.com/en/bondalti/media/projeto-de-hidrogenio-aprovado-na-europa,owner,2026-09-10,day,"as of 2023-10-31: the document cited is dated 2026-09-10, after the cut-off, so this rung was pass on evidence that did not exist yet",not_searched,false,sources/hydrogen_gap_search.json,eufabric search,2026-09-10,day,"as of 2023-10-31: the document cited is dated 2026-09-10, after the cut-off, so this rung was fail on evidence that did not exist yet",not_searched,false,sources/hydrogen_gap_search.json,eufabric search,2026-09-10,day,"as of 2023-10-31: the document cited is dated 2026-09-10, after the cut-off, so this rung was fail on evidence that did not exist yet",not_searched,false,sources/hydrogen_funder_pass.json,eufabric funder pass,2026-09-17,day,"as of 2023-10-31: the document cited is dated 2026-09-17, after the cut-off, so this rung was fail on evidence that did not exist yet",not_searched,false,sources/hydrogen_gap_search.json,eufabric search,2026-09-10,day,"as of 2023-10-31: the document cited is dated 2026-09-10, after the cut-off, so this rung was fail on evidence that did not exist yet",not_searched,false,sources/hydrogen_gap_search.json,eufabric search,2026-09-10,day,"as of 2023-10-31: the document cited is dated 2026-09-10, after the cut-off, so this rung was fail on evidence that did not exist yet",false,2023-10-31
iea:3102,3102,,H2Enable (Phase 3),clean,PRT,named not admitted,Concept,,69.30133333,ktH2Y,,,0,false,not_searched,false,https://www.bondalti.com/en/bondalti/media/projeto-de-hidrogenio-aprovado-na-europa,owner,2026-09-10,day,"as of 2023-10-31: the document cited is dated 2026-09-10, after the cut-off, so this rung was pass on evidence that did not exist yet",not_searched,false,sources/hydrogen_gap_search.json,eufabric search,2026-09-10,day,"as of 2023-10-31: the document cited is dated 2026-09-10, after the cut-off, so this rung was fail on evidence that did not exist yet",not_searched,false,sources/hydrogen_gap_search.json,eufabric search,2026-09-10,day,"as of 2023-10-31: the document cited is dated 2026-09-10, after the cut-off, so this rung was fail on evidence that did not exist yet",not_searched,false,sources/hydrogen_funder_pass.json,eufabric funder pass,2026-09-17,day,"as of 2023-10-31: the document cited is dated 2026-09-17, after the cut-off, so this rung was fail on evidence that did not exist yet",not_searched,false,sources/hydrogen_gap_search.json,eufabric search,2026-09-10,day,"as of 2023-10-31: the document cited is dated 2026-09-10, after the cut-off, so this rung was fail on evidence that did not exist yet",not_searched,false,sources/hydrogen_gap_search.json,eufabric search,2026-09-10,day,"as of 2023-10-31: the document cited is dated 2026-09-10, after the cut-off, so this rung was fail on evidence that did not exist yet",false,2023-10-31
iea:3103,3103,,H2Enable (Phase 4),clean,PRT,named not admitted,Concept,,103.952,ktH2Y,,,0,false,not_searched,false,https://www.bondalti.com/en/bondalti/media/projeto-de-hidrogenio-aprovado-na-europa,owner,2026-09-10,day,"as of 2023-10-31: the document cited is dated 2026-09-10, after the cut-off, so this rung was pass on evidence that did not exist yet",not_searched,false,sources/hydrogen_gap_search.json,eufabric search,2026-09-10,day,"as of 2023-10-31: the document cited is dated 2026-09-10, after the cut-off, so this rung was fail on evidence that did not exist yet",not_searched,false,sources/hydrogen_gap_search.json,eufabric search,2026-09-10,day,"as of 2023-10-31: the document cited is dated 2026-09-10, after the cut-off, so this rung was fail on evidence that did not exist yet",not_searched,false,sources/hydrogen_funder_pass.json,eufabric funder pass,2026-09-17,day,"as of 2023-10-31: the document cited is dated 2026-09-17, after the cut-off, so this rung was fail on evidence that did not exist yet",not_searched,false,sources/hydrogen_gap_search.json,eufabric search,2026-09-10,day,"as of 2023-10-31: the document cited is dated 2026-09-10, after the cut-off, so this rung was fail on evidence that did not exist yet",not_searched,false,sources/hydrogen_gap_search.json,eufabric search,2026-09-10,day,"as of 2023-10-31: the document cited is dated 2026-09-10, after the cut-off, so this rung was fail on evidence that did not exist yet",false,2023-10-31
iea:3118,3118,,WinPower - PtX Sines project,clean,PRT,named not admitted,Concept,,27.72053333,ktH2Y,,,0,false,not_searched,false,https://winpowersa.com/winpower-wins-eu-funding-for-hy2infra/,owner,2026-09-10,day,"as of 2023-10-31: the document cited is dated 2026-09-10, after the cut-off, so this rung was pass on evidence that did not exist yet",not_searched,false,sources/hydrogen_gap_search.json,eufabric search,2026-09-10,day,"as of 2023-10-31: the document cited is dated 2026-09-10, after the cut-off, so this rung was fail on evidence that did not exist yet",not_searched,false,sources/hydrogen_gap_search.json,eufabric search,2026-09-10,day,"as of 2023-10-31: the document cited is dated 2026-09-10, after the cut-off, so this rung was fail on evidence that did not exist yet",not_searched,false,sources/hydrogen_funder_pass.json,eufabric funder pass,2026-09-17,day,"as of 2023-10-31: the document cited is dated 2026-09-17, after the cut-off, so this rung was fail on evidence that did not exist yet",not_searched,false,sources/hydrogen_gap_search.json,eufabric search,2026-09-10,day,"as of 2023-10-31: the document cited is dated 2026-09-10, after the cut-off, so this rung was fail on evidence that did not exist yet",not_searched,false,sources/hydrogen_gap_search.json,eufabric search,2026-09-10,day,"as of 2023-10-31: the document cited is dated 2026-09-10, after the cut-off, so this rung was fail on evidence that did not exist yet",false,2023-10-31
iea:3125,3125,lhyfe-lubmin,Lhyfe Lubmin,clean,DE,admitted,Concept,,800,MW_input,,,0,false,not_searched,false,https://www.lhyfe.com/press/lhyfe-at-the-cutting-edge-of-hydrogen-strategies-with-a-new-800mw-project-in-lubmin-germany-to-supply-the-future-european-hydrogen-backbone-network/,Lhyfe,2026-09-10,day,"as of 2023-10-31: the document cited is dated 2026-09-10, after the cut-off, so this rung was pass on evidence that did not exist yet",not_searched,false,https://www.lhyfe.com/press/lhyfe-at-the-cutting-edge-of-hydrogen-strategies-with-a-new-800mw-project-in-lubmin-germany-to-supply-the-future-european-hydrogen-backbone-network/,owner,2026-09-10,day,"as of 2023-10-31: the document cited is dated 2026-09-10, after the cut-off, so this rung was pass on evidence that did not exist yet",not_searched,false,https://www.lhyfe.com/press/lhyfe-at-the-cutting-edge-of-hydrogen-strategies-with-a-new-800mw-project-in-lubmin-germany-to-supply-the-future-european-hydrogen-backbone-network/,owner,2026-09-10,day,"as of 2023-10-31: the document cited is dated 2026-09-10, after the cut-off, so this rung was fail on evidence that did not exist yet",not_searched,false,sources/hydrogen_funder_pass.json,eufabric funder pass,2026-09-17,day,"as of 2023-10-31: the document cited is dated 2026-09-17, after the cut-off, so this rung was fail on evidence that did not exist yet",not_searched,false,https://www.lhyfe.com/press/lhyfe-at-the-cutting-edge-of-hydrogen-strategies-with-a-new-800mw-project-in-lubmin-germany-to-supply-the-future-european-hydrogen-backbone-network/,owner,2026-09-10,day,"as of 2023-10-31: the document cited is dated 2026-09-10, after the cut-off, so this rung was fail on evidence that did not exist yet",not_searched,false,sources/edges.json,eufabric dependency sweep,2026-09-11,day,"as of 2023-10-31: the document cited is dated 2026-09-11, after the cut-off, so this rung was fail on evidence that did not exist yet",true,2023-10-31
iea:3132,3132,,RVO- Holland coast project 1,clean,NLD,unread,Concept,,17.32533333,ktH2Y,,,0,true,unread,true,,,,,company source unreadable; queued for a browser pass,unread,true,,,,,company source unreadable; queued for a browser pass,unread,true,,,,,company source unreadable; queued for a browser pass,unread,true,,,,,company source unreadable; queued for a browser pass,unread,true,,,,,company source unreadable; queued for a browser pass,unread,true,,,,,company source unreadable; queued for a browser pass,false,2023-10-31
iea:3133,3133,,RVO- Holland coast project 2,clean,NLD,unread,Concept,,86.62666667,ktH2Y,,,0,true,unread,true,,,,,company source unreadable; queued for a browser pass,unread,true,,,,,company source unreadable; queued for a browser pass,unread,true,,,,,company source unreadable; queued for a browser pass,unread,true,,,,,company source unreadable; queued for a browser pass,unread,true,,,,,company source unreadable; queued for a browser pass,unread,true,,,,,company source unreadable; queued for a browser pass,false,2023-10-31
iea:3147,3147,,Liepaja Special Economic Zone (SEZ),clean,LVA,named not admitted,Concept,,173.2533333,ktH2Y,,,0,false,not_searched,false,https://liepaja-sez.lv/en/home/a-sustainable-industry-hub-is-being-created-in-liepaja,permit,2026-09-10,day,"as of 2023-10-31: the document cited is dated 2026-09-10, after the cut-off, so this rung was pass on evidence that did not exist yet",not_searched,false,sources/hydrogen_gap_search.json,eufabric search,2026-09-10,day,"as of 2023-10-31: the document cited is dated 2026-09-10, after the cut-off, so this rung was fail on evidence that did not exist yet",not_searched,false,sources/hydrogen_gap_search.json,eufabric search,2026-09-10,day,"as of 2023-10-31: the document cited is dated 2026-09-10, after the cut-off, so this rung was fail on evidence that did not exist yet",not_searched,false,sources/hydrogen_funder_pass.json,eufabric funder pass,2026-09-17,day,"as of 2023-10-31: the document cited is dated 2026-09-17, after the cut-off, so this rung was fail on evidence that did not exist yet",not_searched,false,sources/hydrogen_gap_search.json,eufabric search,2026-09-10,day,"as of 2023-10-31: the document cited is dated 2026-09-10, after the cut-off, so this rung was fail on evidence that did not exist yet",not_searched,false,sources/hydrogen_gap_search.json,eufabric search,2026-09-10,day,"as of 2023-10-31: the document cited is dated 2026-09-10, after the cut-off, so this rung was fail on evidence that did not exist yet",false,2023-10-31
iea:3165,3165,h2u-reni,H2U Hydrogen Valley – Reni - phase 1,clean,UA,admitted,Concept,,100,MW_input,,,0,false,not_searched,false,https://h2u.ua/en/projects/,Hydrogen Ukraine,2026-09-10,day,"as of 2023-10-31: the document cited is dated 2026-09-10, after the cut-off, so this rung was pass on evidence that did not exist yet",not_searched,false,https://h2u.ua/en/projects/,owner,2026-09-10,day,"as of 2023-10-31: the document cited is dated 2026-09-10, after the cut-off, so this rung was pass on evidence that did not exist yet",not_searched,false,https://h2u.ua/en/projects/,owner,2026-09-10,day,"as of 2023-10-31: the document cited is dated 2026-09-10, after the cut-off, so this rung was fail on evidence that did not exist yet",not_searched,false,sources/hydrogen_funder_pass.json,eufabric funder pass,2026-09-17,day,"as of 2023-10-31: the document cited is dated 2026-09-17, after the cut-off, so this rung was fail on evidence that did not exist yet",not_searched,false,https://h2u.ua/en/projects/,owner,2026-09-10,day,"as of 2023-10-31: the document cited is dated 2026-09-10, after the cut-off, so this rung was fail on evidence that did not exist yet",not_searched,false,sources/edges.json,eufabric dependency sweep,2026-09-11,day,"as of 2023-10-31: the document cited is dated 2026-09-11, after the cut-off, so this rung was fail on evidence that did not exist yet",true,2023-10-31
iea:3166,3166,h2u-reni,H2U Hydrogen Valley – Reni - phase 2,clean,UA,admitted,Concept,,100,MW_input,,,0,false,not_searched,false,https://h2u.ua/en/projects/,Hydrogen Ukraine,2026-09-10,day,"as of 2023-10-31: the document cited is dated 2026-09-10, after the cut-off, so this rung was pass on evidence that did not exist yet",not_searched,false,https://h2u.ua/en/projects/,owner,2026-09-10,day,"as of 2023-10-31: the document cited is dated 2026-09-10, after the cut-off, so this rung was pass on evidence that did not exist yet",not_searched,false,https://h2u.ua/en/projects/,owner,2026-09-10,day,"as of 2023-10-31: the document cited is dated 2026-09-10, after the cut-off, so this rung was fail on evidence that did not exist yet",not_searched,false,sources/hydrogen_funder_pass.json,eufabric funder pass,2026-09-17,day,"as of 2023-10-31: the document cited is dated 2026-09-17, after the cut-off, so this rung was fail on evidence that did not exist yet",not_searched,false,https://h2u.ua/en/projects/,owner,2026-09-10,day,"as of 2023-10-31: the document cited is dated 2026-09-10, after the cut-off, so this rung was fail on evidence that did not exist yet",not_searched,false,sources/edges.json,eufabric dependency sweep,2026-09-11,day,"as of 2023-10-31: the document cited is dated 2026-09-11, after the cut-off, so this rung was fail on evidence that did not exist yet",true,2023-10-31
iea:3181,3181,,"Eternal Power hydrogen project, Hamburg, phase 2",clean,DEU,none found,Concept,,55.44106667,ktH2Y,,,0,false,not_searched,false,sources/hydrogen_gap_search.json,eufabric search,2026-09-10,day,"as of 2023-10-31: the document cited is dated 2026-09-10, after the cut-off, so this rung was fail on evidence that did not exist yet",not_searched,false,sources/hydrogen_gap_search.json,eufabric search,2026-09-10,day,"as of 2023-10-31: the document cited is dated 2026-09-10, after the cut-off, so this rung was fail on evidence that did not exist yet",not_searched,false,sources/hydrogen_gap_search.json,eufabric search,2026-09-10,day,"as of 2023-10-31: the document cited is dated 2026-09-10, after the cut-off, so this rung was fail on evidence that did not exist yet",not_searched,false,sources/hydrogen_funder_pass.json,eufabric funder pass,2026-09-17,day,"as of 2023-10-31: the document cited is dated 2026-09-17, after the cut-off, so this rung was fail on evidence that did not exist yet",not_searched,false,sources/hydrogen_gap_search.json,eufabric search,2026-09-10,day,"as of 2023-10-31: the document cited is dated 2026-09-10, after the cut-off, so this rung was fail on evidence that did not exist yet",not_searched,false,sources/hydrogen_gap_search.json,eufabric search,2026-09-10,day,"as of 2023-10-31: the document cited is dated 2026-09-10, after the cut-off, so this rung was fail on evidence that did not exist yet",false,2023-10-31
iea:3182,3182,,e-SAF hub in the Port of Rotterdam,clean,NLD,perimeter exclusion,Feasibility study,,393.894092,ktH2Y,,DRI or other perimeter exclusion,0,false,not_searched,false,sources/report_benchmark_gap.py,eufabric perimeter,2026-09-10,day,"as of 2023-10-31: the document cited is dated 2026-09-10, after the cut-off, so this rung was not_searched on evidence that did not exist yet",not_searched,false,sources/report_benchmark_gap.py,eufabric perimeter,2026-09-10,day,"as of 2023-10-31: the document cited is dated 2026-09-10, after the cut-off, so this rung was not_searched on evidence that did not exist yet",not_searched,false,sources/report_benchmark_gap.py,eufabric perimeter,2026-09-10,day,"as of 2023-10-31: the document cited is dated 2026-09-10, after the cut-off, so this rung was not_searched on evidence that did not exist yet",not_searched,false,sources/report_benchmark_gap.py,eufabric perimeter,2026-09-10,day,"as of 2023-10-31: the document cited is dated 2026-09-10, after the cut-off, so this rung was not_searched on evidence that did not exist yet",not_searched,false,sources/report_benchmark_gap.py,eufabric perimeter,2026-09-10,day,"as of 2023-10-31: the document cited is dated 2026-09-10, after the cut-off, so this rung was not_searched on evidence that did not exist yet",not_searched,false,sources/report_benchmark_gap.py,eufabric perimeter,2026-09-10,day,"as of 2023-10-31: the document cited is dated 2026-09-10, after the cut-off, so this rung was not_searched on evidence that did not exist yet",false,2023-10-31
iea:3213,3213,ricenergy-besaya-torrelavega,"Besaya H2, phase 2",clean,ES,admitted,Concept,,500,MW_input,,,0,false,not_searched,false,https://ric.energy/besaya-h2-proyecto-ric-energy-impulsara-descarbonizacion-cantabria/,owner,2026-09-10,day,"as of 2023-10-31: the document cited is dated 2026-09-10, after the cut-off, so this rung was pass on evidence that did not exist yet",not_searched,false,https://ric.energy/besaya-h2-proyecto-ric-energy-impulsara-descarbonizacion-cantabria/,owner,2026-09-10,day,"as of 2023-10-31: the document cited is dated 2026-09-10, after the cut-off, so this rung was pass on evidence that did not exist yet",not_searched,false,https://ric.energy/besaya-h2-proyecto-ric-energy-impulsara-descarbonizacion-cantabria/,owner,2026-09-10,day,"as of 2023-10-31: the document cited is dated 2026-09-10, after the cut-off, so this rung was fail on evidence that did not exist yet",not_searched,false,sources/hydrogen_funder_pass.json,eufabric funder pass,2026-09-17,day,"as of 2023-10-31: the document cited is dated 2026-09-17, after the cut-off, so this rung was fail on evidence that did not exist yet",not_searched,false,https://ric.energy/besaya-h2-proyecto-ric-energy-impulsara-descarbonizacion-cantabria/,owner,2026-09-10,day,"as of 2023-10-31: the document cited is dated 2026-09-10, after the cut-off, so this rung was fail on evidence that did not exist yet",not_searched,false,sources/edges.json,eufabric dependency sweep,2026-09-11,day,"as of 2023-10-31: the document cited is dated 2026-09-11, after the cut-off, so this rung was fail on evidence that did not exist yet",true,2023-10-31
iea:3251,3251,,"Freija e-methane project in Nokia (Tampere), phase 1",clean,FIN,perimeter exclusion,Feasibility study,,31.38528139,ktH2Y,,DRI or other perimeter exclusion,0,false,not_searched,false,sources/report_benchmark_gap.py,eufabric perimeter,2026-09-10,day,"as of 2023-10-31: the document cited is dated 2026-09-10, after the cut-off, so this rung was not_searched on evidence that did not exist yet",not_searched,false,sources/report_benchmark_gap.py,eufabric perimeter,2026-09-10,day,"as of 2023-10-31: the document cited is dated 2026-09-10, after the cut-off, so this rung was not_searched on evidence that did not exist yet",not_searched,false,sources/report_benchmark_gap.py,eufabric perimeter,2026-09-10,day,"as of 2023-10-31: the document cited is dated 2026-09-10, after the cut-off, so this rung was not_searched on evidence that did not exist yet",not_searched,false,sources/report_benchmark_gap.py,eufabric perimeter,2026-09-10,day,"as of 2023-10-31: the document cited is dated 2026-09-10, after the cut-off, so this rung was not_searched on evidence that did not exist yet",not_searched,false,sources/report_benchmark_gap.py,eufabric perimeter,2026-09-10,day,"as of 2023-10-31: the document cited is dated 2026-09-10, after the cut-off, so this rung was not_searched on evidence that did not exist yet",not_searched,false,sources/report_benchmark_gap.py,eufabric perimeter,2026-09-10,day,"as of 2023-10-31: the document cited is dated 2026-09-10, after the cut-off, so this rung was not_searched on evidence that did not exist yet",false,2023-10-31
iea:3266,3266,vng-hycc-greenroot-wittenberg,VNG - HyCC Green H2 plant,clean,DE,admitted,Concept,,500,MW_input,,,0,false,not_searched,false,https://www.vng.de/en/newsroom/2024-12-04-vng-and-hycc-plan-produce-green-hydrogen-lutherstadt-wittenberg,VNG,2026-09-10,day,"as of 2023-10-31: the document cited is dated 2026-09-10, after the cut-off, so this rung was pass on evidence that did not exist yet",not_searched,false,https://www.vng.de/en/newsroom/2024-12-04-vng-and-hycc-plan-produce-green-hydrogen-lutherstadt-wittenberg,owner,2026-09-10,day,"as of 2023-10-31: the document cited is dated 2026-09-10, after the cut-off, so this rung was pass on evidence that did not exist yet",not_searched,false,https://www.vng.de/en/newsroom/2024-12-04-vng-and-hycc-plan-produce-green-hydrogen-lutherstadt-wittenberg,owner,2026-09-10,day,"as of 2023-10-31: the document cited is dated 2026-09-10, after the cut-off, so this rung was fail on evidence that did not exist yet",not_searched,false,sources/hydrogen_funder_pass.json,eufabric funder pass,2026-09-17,day,"as of 2023-10-31: the document cited is dated 2026-09-17, after the cut-off, so this rung was fail on evidence that did not exist yet",not_searched,false,https://www.vng.de/en/newsroom/2024-12-04-vng-and-hycc-plan-produce-green-hydrogen-lutherstadt-wittenberg,owner,2026-09-10,day,"as of 2023-10-31: the document cited is dated 2026-09-10, after the cut-off, so this rung was fail on evidence that did not exist yet",not_searched,false,sources/edges.json,eufabric dependency sweep,2026-09-11,day,"as of 2023-10-31: the document cited is dated 2026-09-11, after the cut-off, so this rung was fail on evidence that did not exist yet",true,2023-10-31
iea:3319,3319,,Norsk-e project Alby,clean,SWE,named not admitted,Feasibility study,,71.84628237,ktH2Y,,,0,false,not_searched,false,https://www.norsk-e-fuel.com/articles/project-alby,owner,2026-09-10,day,"as of 2023-10-31: the document cited is dated 2026-09-10, after the cut-off, so this rung was pass on evidence that did not exist yet",not_searched,false,sources/hydrogen_gap_search.json,eufabric search,2026-09-10,day,"as of 2023-10-31: the document cited is dated 2026-09-10, after the cut-off, so this rung was fail on evidence that did not exist yet",not_searched,false,sources/hydrogen_gap_search.json,eufabric search,2026-09-10,day,"as of 2023-10-31: the document cited is dated 2026-09-10, after the cut-off, so this rung was fail on evidence that did not exist yet",not_searched,false,sources/hydrogen_funder_pass.json,eufabric funder pass,2026-09-17,day,"as of 2023-10-31: the document cited is dated 2026-09-17, after the cut-off, so this rung was fail on evidence that did not exist yet",not_searched,false,sources/hydrogen_gap_search.json,eufabric search,2026-09-10,day,"as of 2023-10-31: the document cited is dated 2026-09-10, after the cut-off, so this rung was fail on evidence that did not exist yet",not_searched,false,sources/hydrogen_gap_search.json,eufabric search,2026-09-10,day,"as of 2023-10-31: the document cited is dated 2026-09-10, after the cut-off, so this rung was fail on evidence that did not exist yet",false,2023-10-31
iea:3326,3326,totalenergies-airliquide-zeeland,TotalEnergies - Air Liquide JV for electrolyser near Zeeland Refinery,clean,NL,admitted,Feasibility study,,250,MW_input,,,0,false,not_searched,false,https://totalenergies.com/newsroom/totalenergies-joins-forces-air-liquide-decarbonize-its-refineries-northern/?lang=eng,owner,2026-09-10,day,"as of 2023-10-31: the document cited is dated 2026-09-10, after the cut-off, so this rung was fail on evidence that did not exist yet",not_searched,false,https://totalenergies.com/newsroom/totalenergies-joins-forces-air-liquide-decarbonize-its-refineries-northern/?lang=eng,owner,2026-09-10,day,"as of 2023-10-31: the document cited is dated 2026-09-10, after the cut-off, so this rung was pass on evidence that did not exist yet",not_searched,false,https://totalenergies.com/newsroom/totalenergies-joins-forces-air-liquide-decarbonize-its-refineries-northern/?lang=eng,owner,2026-09-10,day,"as of 2023-10-31: the document cited is dated 2026-09-10, after the cut-off, so this rung was fail on evidence that did not exist yet",not_searched,false,sources/hydrogen_funder_pass.json,eufabric funder pass,2026-09-17,day,"as of 2023-10-31: the document cited is dated 2026-09-17, after the cut-off, so this rung was fail on evidence that did not exist yet",not_searched,false,https://totalenergies.com/newsroom/totalenergies-joins-forces-air-liquide-decarbonize-its-refineries-northern/?lang=eng,owner,2026-09-10,day,"as of 2023-10-31: the document cited is dated 2026-09-10, after the cut-off, so this rung was fail on evidence that did not exist yet",not_searched,false,sources/edges.json,eufabric dependency sweep,2026-09-11,day,"as of 2023-10-31: the document cited is dated 2026-09-11, after the cut-off, so this rung was fail on evidence that did not exist yet",true,2023-10-31
iea:3328,3328,,H2APEX H2ERO,clean,DEU,none found,Feasibility study,,17.32533333,ktH2Y,,,0,false,not_searched,false,sources/hydrogen_gap_search.json,eufabric search,2026-09-10,day,"as of 2023-10-31: the document cited is dated 2026-09-10, after the cut-off, so this rung was fail on evidence that did not exist yet",not_searched,false,sources/hydrogen_gap_search.json,eufabric search,2026-09-10,day,"as of 2023-10-31: the document cited is dated 2026-09-10, after the cut-off, so this rung was fail on evidence that did not exist yet",not_searched,false,sources/hydrogen_gap_search.json,eufabric search,2026-09-10,day,"as of 2023-10-31: the document cited is dated 2026-09-10, after the cut-off, so this rung was fail on evidence that did not exist yet",not_searched,false,sources/hydrogen_funder_pass.json,eufabric funder pass,2026-09-17,day,"as of 2023-10-31: the document cited is dated 2026-09-17, after the cut-off, so this rung was fail on evidence that did not exist yet",not_searched,false,sources/hydrogen_gap_search.json,eufabric search,2026-09-10,day,"as of 2023-10-31: the document cited is dated 2026-09-10, after the cut-off, so this rung was fail on evidence that did not exist yet",not_searched,false,sources/hydrogen_gap_search.json,eufabric search,2026-09-10,day,"as of 2023-10-31: the document cited is dated 2026-09-10, after the cut-off, so this rung was fail on evidence that did not exist yet",false,2023-10-31
iea:3331,3331,,DEZiR project,clean,FRA,named not admitted,Feasibility study,,60.63866667,ktH2Y,,,0,false,not_searched,false,https://concertation-dezir.eu/description-du-projet/,permit,2026-09-10,day,"as of 2023-10-31: the document cited is dated 2026-09-10, after the cut-off, so this rung was pass on evidence that did not exist yet",not_searched,false,sources/hydrogen_gap_search.json,eufabric search,2026-09-10,day,"as of 2023-10-31: the document cited is dated 2026-09-10, after the cut-off, so this rung was fail on evidence that did not exist yet",not_searched,false,sources/hydrogen_gap_search.json,eufabric search,2026-09-10,day,"as of 2023-10-31: the document cited is dated 2026-09-10, after the cut-off, so this rung was fail on evidence that did not exist yet",not_searched,false,sources/hydrogen_funder_pass.json,eufabric funder pass,2026-09-17,day,"as of 2023-10-31: the document cited is dated 2026-09-17, after the cut-off, so this rung was fail on evidence that did not exist yet",not_searched,false,sources/hydrogen_gap_search.json,eufabric search,2026-09-10,day,"as of 2023-10-31: the document cited is dated 2026-09-10, after the cut-off, so this rung was fail on evidence that did not exist yet",not_searched,false,sources/hydrogen_gap_search.json,eufabric search,2026-09-10,day,"as of 2023-10-31: the document cited is dated 2026-09-10, after the cut-off, so this rung was fail on evidence that did not exist yet",false,2023-10-31
iea:3351,3351,,Universal Kraft As Pontes de Garcia Rodriguez project,clean,ESP,none found,Feasibility study,,20.7904,ktH2Y,,,0,false,not_searched,false,sources/hydrogen_gap_search.json,eufabric search,2026-09-10,day,"as of 2023-10-31: the document cited is dated 2026-09-10, after the cut-off, so this rung was fail on evidence that did not exist yet",not_searched,false,sources/hydrogen_gap_search.json,eufabric search,2026-09-10,day,"as of 2023-10-31: the document cited is dated 2026-09-10, after the cut-off, so this rung was fail on evidence that did not exist yet",not_searched,false,sources/hydrogen_gap_search.json,eufabric search,2026-09-10,day,"as of 2023-10-31: the document cited is dated 2026-09-10, after the cut-off, so this rung was fail on evidence that did not exist yet",not_searched,false,sources/hydrogen_funder_pass.json,eufabric funder pass,2026-09-17,day,"as of 2023-10-31: the document cited is dated 2026-09-17, after the cut-off, so this rung was fail on evidence that did not exist yet",not_searched,false,sources/hydrogen_gap_search.json,eufabric search,2026-09-10,day,"as of 2023-10-31: the document cited is dated 2026-09-10, after the cut-off, so this rung was fail on evidence that did not exist yet",not_searched,false,sources/hydrogen_gap_search.json,eufabric search,2026-09-10,day,"as of 2023-10-31: the document cited is dated 2026-09-10, after the cut-off, so this rung was fail on evidence that did not exist yet",false,2023-10-31
iea:3419,3419,omv-bruck-an-der-leitha,"UpHy, large",clean,AT,admitted,FID/Construction,,140,MW_input,,,0,false,not_searched,false,https://www.omv.com/en/media/press-releases/2026/260107-omv-receives-eur-123-mn-in-funding-for-the-largest-green-hydrogen-project-in-austria,OMV,2026-01-07,day,"as of 2023-10-31: the document cited is dated 2026-01-07, after the cut-off, so this rung was pass on evidence that did not exist yet",not_searched,false,https://www.omv.com/en/media/press-releases/2025/250929-omv-builds-one-of-the-largest-electrolysis-plants-for-green-hydrogen-in-europe,owner,2025-09-29,day,"as of 2023-10-31: the document cited is dated 2025-09-29, after the cut-off, so this rung was pass on evidence that did not exist yet",not_searched,false,https://www.omv.com/en/media/press-releases/2026/260107-omv-receives-eur-123-mn-in-funding-for-the-largest-green-hydrogen-project-in-austria,owner,2026-01-07,day,"as of 2023-10-31: the document cited is dated 2026-01-07, after the cut-off, so this rung was pass on evidence that did not exist yet",not_searched,false,sources/hydrogen_funder_pass.json,eufabric funder pass,2026-09-17,day,"as of 2023-10-31: the document cited is dated 2026-09-17, after the cut-off, so this rung was fail on evidence that did not exist yet",not_searched,false,https://www.omv.com/en/media/press-releases/2025/250929-omv-builds-one-of-the-largest-electrolysis-plants-for-green-hydrogen-in-europe,company,2025-09-29,day,"as of 2023-10-31: the document cited is dated 2025-09-29, after the cut-off, so this rung was pass on evidence that did not exist yet",not_searched,false,https://www.omv.com/en/media/press-releases/2026/260107-omv-receives-eur-123-mn-in-funding-for-the-largest-green-hydrogen-project-in-austria,owner,2026-01-07,day,"as of 2023-10-31: the document cited is dated 2026-01-07, after the cut-off, so this rung was fail on evidence that did not exist yet",true,2023-10-31
iea:3427,3427,,Electrolysis Corridor East Germany (H2 Corridor) Phase II,clean,DEU,none found,Feasibility study,,20.7904,ktH2Y,,,0,false,not_searched,false,sources/hydrogen_gap_search.json,eufabric search,2026-09-10,day,"as of 2023-10-31: the document cited is dated 2026-09-10, after the cut-off, so this rung was fail on evidence that did not exist yet",not_searched,false,sources/hydrogen_gap_search.json,eufabric search,2026-09-10,day,"as of 2023-10-31: the document cited is dated 2026-09-10, after the cut-off, so this rung was fail on evidence that did not exist yet",not_searched,false,sources/hydrogen_gap_search.json,eufabric search,2026-09-10,day,"as of 2023-10-31: the document cited is dated 2026-09-10, after the cut-off, so this rung was fail on evidence that did not exist yet",not_searched,false,sources/hydrogen_funder_pass.json,eufabric funder pass,2026-09-17,day,"as of 2023-10-31: the document cited is dated 2026-09-17, after the cut-off, so this rung was fail on evidence that did not exist yet",not_searched,false,sources/hydrogen_gap_search.json,eufabric search,2026-09-10,day,"as of 2023-10-31: the document cited is dated 2026-09-10, after the cut-off, so this rung was fail on evidence that did not exist yet",not_searched,false,sources/hydrogen_gap_search.json,eufabric search,2026-09-10,day,"as of 2023-10-31: the document cited is dated 2026-09-10, after the cut-off, so this rung was fail on evidence that did not exist yet",false,2023-10-31
iea:3433,3433,la-robla-green,La Robla Green,clean,ES,admitted,FID/Construction,,200,MW_input,,,0,false,not_searched,false,https://laroblagreen.com/en/proyecto/,Reolum,2026-09-09,day,"as of 2023-10-31: the document cited is dated 2026-09-09, after the cut-off, so this rung was pass on evidence that did not exist yet",not_searched,false,https://laroblagreen.com/en/proyecto/,owner,2026-09-09,day,"as of 2023-10-31: the document cited is dated 2026-09-09, after the cut-off, so this rung was pass on evidence that did not exist yet",not_searched,false,https://laroblagreen.com/en/proyecto/,owner,2026-09-09,day,"as of 2023-10-31: the document cited is dated 2026-09-09, after the cut-off, so this rung was fail on evidence that did not exist yet",not_searched,false,sources/hydrogen_funder_pass.json,eufabric funder pass,2026-09-17,day,"as of 2023-10-31: the document cited is dated 2026-09-17, after the cut-off, so this rung was fail on evidence that did not exist yet",not_searched,false,https://laroblagreen.com/en/proyecto/,owner,2026-09-09,day,"as of 2023-10-31: the document cited is dated 2026-09-09, after the cut-off, so this rung was fail on evidence that did not exist yet",not_searched,false,https://laroblagreen.com/en/proyecto/,owner,2026-09-09,day,"as of 2023-10-31: the document cited is dated 2026-09-09, after the cut-off, so this rung was fail on evidence that did not exist yet",true,2023-10-31
iea:3558,3558,,H2Next,clean,NLD,named not admitted,Feasibility study,,43.31333333,ktH2Y,,,0,false,not_searched,false,https://www.hycc.com/en/projects/h2next,owner,2026-09-10,day,"as of 2023-10-31: the document cited is dated 2026-09-10, after the cut-off, so this rung was pass on evidence that did not exist yet",not_searched,false,sources/hydrogen_gap_search.json,eufabric search,2026-09-10,day,"as of 2023-10-31: the document cited is dated 2026-09-10, after the cut-off, so this rung was fail on evidence that did not exist yet",not_searched,false,sources/hydrogen_gap_search.json,eufabric search,2026-09-10,day,"as of 2023-10-31: the document cited is dated 2026-09-10, after the cut-off, so this rung was fail on evidence that did not exist yet",not_searched,false,sources/hydrogen_funder_pass.json,eufabric funder pass,2026-09-17,day,"as of 2023-10-31: the document cited is dated 2026-09-17, after the cut-off, so this rung was fail on evidence that did not exist yet",not_searched,false,sources/hydrogen_gap_search.json,eufabric search,2026-09-10,day,"as of 2023-10-31: the document cited is dated 2026-09-10, after the cut-off, so this rung was fail on evidence that did not exist yet",not_searched,false,sources/hydrogen_gap_search.json,eufabric search,2026-09-10,day,"as of 2023-10-31: the document cited is dated 2026-09-10, after the cut-off, so this rung was fail on evidence that did not exist yet",false,2023-10-31
iea:3566,3566,,"Fawley Green Hydrogen project, phase 1",clean,GBR,unread,Feasibility study,,20.7904,ktH2Y,,,0,true,unread,true,,,,,company source unreadable; queued for a browser pass,unread,true,,,,,company source unreadable; queued for a browser pass,unread,true,,,,,company source unreadable; queued for a browser pass,unread,true,,,,,company source unreadable; queued for a browser pass,unread,true,,,,,company source unreadable; queued for a browser pass,unread,true,,,,,company source unreadable; queued for a browser pass,false,2023-10-31
iea:3666,3666,,Zeevonk Hydrogen Project,clean,NLD,named not admitted,Feasibility study,,87.66618667,ktH2Y,,,0,false,not_searched,false,https://group.vattenfall.com/press-and-media/pressreleases/2024/vattenfall-and-copenhagen-infrastructure-partners-awarded-ijmuiden-ver-beta-offshore-wind-farm/,owner,2026-09-10,day,"as of 2023-10-31: the document cited is dated 2026-09-10, after the cut-off, so this rung was pass on evidence that did not exist yet",not_searched,false,sources/hydrogen_gap_search.json,eufabric search,2026-09-10,day,"as of 2023-10-31: the document cited is dated 2026-09-10, after the cut-off, so this rung was fail on evidence that did not exist yet",not_searched,false,sources/hydrogen_gap_search.json,eufabric search,2026-09-10,day,"as of 2023-10-31: the document cited is dated 2026-09-10, after the cut-off, so this rung was fail on evidence that did not exist yet",not_searched,false,sources/hydrogen_funder_pass.json,eufabric funder pass,2026-09-17,day,"as of 2023-10-31: the document cited is dated 2026-09-17, after the cut-off, so this rung was fail on evidence that did not exist yet",not_searched,false,sources/hydrogen_gap_search.json,eufabric search,2026-09-10,day,"as of 2023-10-31: the document cited is dated 2026-09-10, after the cut-off, so this rung was fail on evidence that did not exist yet",not_searched,false,sources/hydrogen_gap_search.json,eufabric search,2026-09-10,day,"as of 2023-10-31: the document cited is dated 2026-09-10, after the cut-off, so this rung was fail on evidence that did not exist yet",false,2023-10-31
iea:3667,3667,,COMPOSTILLA GREEN – PLANTA DE H2 y eSAF,clean,ESP,perimeter exclusion,Feasibility study,,36.90296,ktH2Y,,DRI or other perimeter exclusion,0,false,not_searched,false,sources/report_benchmark_gap.py,eufabric perimeter,2026-09-10,day,"as of 2023-10-31: the document cited is dated 2026-09-10, after the cut-off, so this rung was not_searched on evidence that did not exist yet",not_searched,false,sources/report_benchmark_gap.py,eufabric perimeter,2026-09-10,day,"as of 2023-10-31: the document cited is dated 2026-09-10, after the cut-off, so this rung was not_searched on evidence that did not exist yet",not_searched,false,sources/report_benchmark_gap.py,eufabric perimeter,2026-09-10,day,"as of 2023-10-31: the document cited is dated 2026-09-10, after the cut-off, so this rung was not_searched on evidence that did not exist yet",not_searched,false,sources/report_benchmark_gap.py,eufabric perimeter,2026-09-10,day,"as of 2023-10-31: the document cited is dated 2026-09-10, after the cut-off, so this rung was not_searched on evidence that did not exist yet",not_searched,false,sources/report_benchmark_gap.py,eufabric perimeter,2026-09-10,day,"as of 2023-10-31: the document cited is dated 2026-09-10, after the cut-off, so this rung was not_searched on evidence that did not exist yet",not_searched,false,sources/report_benchmark_gap.py,eufabric perimeter,2026-09-10,day,"as of 2023-10-31: the document cited is dated 2026-09-10, after the cut-off, so this rung was not_searched on evidence that did not exist yet",false,2023-10-31
iea:3677,3677,,"Energiequelle  green hydrogen project in Oulu, phases 2 and 3",clean,FIN,named not admitted,Concept,,85.7604,ktH2Y,,,0,false,not_searched,false,https://www.ouka.fi/en/news/three-new-hydrogen-plants-planned-oulu,permit,2026-09-10,day,"as of 2023-10-31: the document cited is dated 2026-09-10, after the cut-off, so this rung was pass on evidence that did not exist yet",not_searched,false,sources/hydrogen_gap_search.json,eufabric search,2026-09-10,day,"as of 2023-10-31: the document cited is dated 2026-09-10, after the cut-off, so this rung was fail on evidence that did not exist yet",not_searched,false,sources/hydrogen_gap_search.json,eufabric search,2026-09-10,day,"as of 2023-10-31: the document cited is dated 2026-09-10, after the cut-off, so this rung was fail on evidence that did not exist yet",not_searched,false,sources/hydrogen_funder_pass.json,eufabric funder pass,2026-09-17,day,"as of 2023-10-31: the document cited is dated 2026-09-17, after the cut-off, so this rung was fail on evidence that did not exist yet",not_searched,false,sources/hydrogen_gap_search.json,eufabric search,2026-09-10,day,"as of 2023-10-31: the document cited is dated 2026-09-10, after the cut-off, so this rung was fail on evidence that did not exist yet",not_searched,false,sources/hydrogen_gap_search.json,eufabric search,2026-09-10,day,"as of 2023-10-31: the document cited is dated 2026-09-10, after the cut-off, so this rung was fail on evidence that did not exist yet",false,2023-10-31
iea:3678,3678,,ECO2FLY,clean,ESP,named not admitted,Feasibility study,,157.5576368,ktH2Y,,,0,false,not_searched,false,https://ignis.es/ignis-p2x-holcim-y-exolum-presentan-eco2fly-un-proyecto-pionero-para-descarbonizar-la-industria-de-los-materiales-de-construccion-y-el-transporte-aereo/,owner,2026-09-10,day,"as of 2023-10-31: the document cited is dated 2026-09-10, after the cut-off, so this rung was pass on evidence that did not exist yet",not_searched,false,sources/hydrogen_gap_search.json,eufabric search,2026-09-10,day,"as of 2023-10-31: the document cited is dated 2026-09-10, after the cut-off, so this rung was fail on evidence that did not exist yet",not_searched,false,sources/hydrogen_gap_search.json,eufabric search,2026-09-10,day,"as of 2023-10-31: the document cited is dated 2026-09-10, after the cut-off, so this rung was fail on evidence that did not exist yet",not_searched,false,sources/hydrogen_funder_pass.json,eufabric funder pass,2026-09-17,day,"as of 2023-10-31: the document cited is dated 2026-09-17, after the cut-off, so this rung was fail on evidence that did not exist yet",not_searched,false,sources/hydrogen_gap_search.json,eufabric search,2026-09-10,day,"as of 2023-10-31: the document cited is dated 2026-09-10, after the cut-off, so this rung was fail on evidence that did not exist yet",not_searched,false,sources/hydrogen_gap_search.json,eufabric search,2026-09-10,day,"as of 2023-10-31: the document cited is dated 2026-09-10, after the cut-off, so this rung was fail on evidence that did not exist yet",false,2023-10-31
iea:3684,3684,,"Metafuels - Evos eSAF plant in Rotterdam, phase 2",clean,NLD,perimeter exclusion,Concept,,49.873704,ktH2Y,,DRI or other perimeter exclusion,0,false,not_searched,false,sources/report_benchmark_gap.py,eufabric perimeter,2026-09-10,day,"as of 2023-10-31: the document cited is dated 2026-09-10, after the cut-off, so this rung was not_searched on evidence that did not exist yet",not_searched,false,sources/report_benchmark_gap.py,eufabric perimeter,2026-09-10,day,"as of 2023-10-31: the document cited is dated 2026-09-10, after the cut-off, so this rung was not_searched on evidence that did not exist yet",not_searched,false,sources/report_benchmark_gap.py,eufabric perimeter,2026-09-10,day,"as of 2023-10-31: the document cited is dated 2026-09-10, after the cut-off, so this rung was not_searched on evidence that did not exist yet",not_searched,false,sources/report_benchmark_gap.py,eufabric perimeter,2026-09-10,day,"as of 2023-10-31: the document cited is dated 2026-09-10, after the cut-off, so this rung was not_searched on evidence that did not exist yet",not_searched,false,sources/report_benchmark_gap.py,eufabric perimeter,2026-09-10,day,"as of 2023-10-31: the document cited is dated 2026-09-10, after the cut-off, so this rung was not_searched on evidence that did not exist yet",not_searched,false,sources/report_benchmark_gap.py,eufabric perimeter,2026-09-10,day,"as of 2023-10-31: the document cited is dated 2026-09-10, after the cut-off, so this rung was not_searched on evidence that did not exist yet",false,2023-10-31
iea:3685,3685,aboenergy-pyyryvainen-oulu,ABO Energy plant in Oulu,clean,FI,admitted,Concept,,600,MW_input,,,0,false,not_searched,false,https://www.ouka.fi/en/news/three-new-hydrogen-plants-planned-oulu,City of Oulu,2026-09-10,day,"as of 2023-10-31: the document cited is dated 2026-09-10, after the cut-off, so this rung was pass on evidence that did not exist yet",not_searched,false,https://www.ouka.fi/en/news/three-new-hydrogen-plants-planned-oulu,owner,2026-09-10,day,"as of 2023-10-31: the document cited is dated 2026-09-10, after the cut-off, so this rung was pass on evidence that did not exist yet",not_searched,false,https://www.ouka.fi/en/news/three-new-hydrogen-plants-planned-oulu,owner,2026-09-10,day,"as of 2023-10-31: the document cited is dated 2026-09-10, after the cut-off, so this rung was fail on evidence that did not exist yet",not_searched,false,sources/hydrogen_funder_pass.json,eufabric funder pass,2026-09-17,day,"as of 2023-10-31: the document cited is dated 2026-09-17, after the cut-off, so this rung was fail on evidence that did not exist yet",not_searched,false,https://www.ouka.fi/en/news/three-new-hydrogen-plants-planned-oulu,owner,2026-09-10,day,"as of 2023-10-31: the document cited is dated 2026-09-10, after the cut-off, so this rung was fail on evidence that did not exist yet",not_searched,false,sources/edges.json,eufabric dependency sweep,2026-09-11,day,"as of 2023-10-31: the document cited is dated 2026-09-11, after the cut-off, so this rung was fail on evidence that did not exist yet",true,2023-10-31
iea:3700,3700,,Kaskade,clean,DEU,none found,Feasibility study,,63.6706,ktH2Y,,,0,false,not_searched,false,sources/hydrogen_gap_search.json,eufabric search,2026-09-10,day,"as of 2023-10-31: the document cited is dated 2026-09-10, after the cut-off, so this rung was fail on evidence that did not exist yet",not_searched,false,sources/hydrogen_gap_search.json,eufabric search,2026-09-10,day,"as of 2023-10-31: the document cited is dated 2026-09-10, after the cut-off, so this rung was fail on evidence that did not exist yet",not_searched,false,sources/hydrogen_gap_search.json,eufabric search,2026-09-10,day,"as of 2023-10-31: the document cited is dated 2026-09-10, after the cut-off, so this rung was fail on evidence that did not exist yet",not_searched,false,sources/hydrogen_funder_pass.json,eufabric funder pass,2026-09-17,day,"as of 2023-10-31: the document cited is dated 2026-09-17, after the cut-off, so this rung was fail on evidence that did not exist yet",not_searched,false,sources/hydrogen_gap_search.json,eufabric search,2026-09-10,day,"as of 2023-10-31: the document cited is dated 2026-09-10, after the cut-off, so this rung was fail on evidence that did not exist yet",not_searched,false,sources/hydrogen_gap_search.json,eufabric search,2026-09-10,day,"as of 2023-10-31: the document cited is dated 2026-09-10, after the cut-off, so this rung was fail on evidence that did not exist yet",false,2023-10-31
iea:3723,3723,qair-methavert-le-havre,Methavert,clean,FR,admitted,Concept,,300,MW_input,,,0,false,not_searched,false,https://france.qair.energy/realisations/methavert/,Qair,2026-09-10,day,"as of 2023-10-31: the document cited is dated 2026-09-10, after the cut-off, so this rung was pass on evidence that did not exist yet",not_searched,false,https://france.qair.energy/realisations/methavert/,owner,2026-09-10,day,"as of 2023-10-31: the document cited is dated 2026-09-10, after the cut-off, so this rung was pass on evidence that did not exist yet",not_searched,false,https://france.qair.energy/realisations/methavert/,owner,2026-09-10,day,"as of 2023-10-31: the document cited is dated 2026-09-10, after the cut-off, so this rung was fail on evidence that did not exist yet",not_searched,false,sources/hydrogen_funder_pass.json,eufabric funder pass,2026-09-17,day,"as of 2023-10-31: the document cited is dated 2026-09-17, after the cut-off, so this rung was fail on evidence that did not exist yet",not_searched,false,https://france.qair.energy/realisations/methavert/,owner,2026-09-10,day,"as of 2023-10-31: the document cited is dated 2026-09-10, after the cut-off, so this rung was fail on evidence that did not exist yet",not_searched,false,sources/edges.json,eufabric dependency sweep,2026-09-11,day,"as of 2023-10-31: the document cited is dated 2026-09-11, after the cut-off, so this rung was fail on evidence that did not exist yet",true,2023-10-31
iea:3724,3724,,Occi'Jet_T1,clean,FRA,none found,Concept,,27.72053333,ktH2Y,,,0,false,not_searched,false,sources/hydrogen_gap_search.json,eufabric search,2026-09-10,day,"as of 2023-10-31: the document cited is dated 2026-09-10, after the cut-off, so this rung was fail on evidence that did not exist yet",not_searched,false,sources/hydrogen_gap_search.json,eufabric search,2026-09-10,day,"as of 2023-10-31: the document cited is dated 2026-09-10, after the cut-off, so this rung was fail on evidence that did not exist yet",not_searched,false,sources/hydrogen_gap_search.json,eufabric search,2026-09-10,day,"as of 2023-10-31: the document cited is dated 2026-09-10, after the cut-off, so this rung was fail on evidence that did not exist yet",not_searched,false,sources/hydrogen_funder_pass.json,eufabric funder pass,2026-09-17,day,"as of 2023-10-31: the document cited is dated 2026-09-17, after the cut-off, so this rung was fail on evidence that did not exist yet",not_searched,false,sources/hydrogen_gap_search.json,eufabric search,2026-09-10,day,"as of 2023-10-31: the document cited is dated 2026-09-10, after the cut-off, so this rung was fail on evidence that did not exist yet",not_searched,false,sources/hydrogen_gap_search.json,eufabric search,2026-09-10,day,"as of 2023-10-31: the document cited is dated 2026-09-10, after the cut-off, so this rung was fail on evidence that did not exist yet",false,2023-10-31
iea:3725,3725,,LICHEN,clean,FRA,named not admitted,Concept,,103.952,ktH2Y,,,0,false,not_searched,false,https://concertation-lichen.eu/vos-questions/,permit,2026-09-10,day,"as of 2023-10-31: the document cited is dated 2026-09-10, after the cut-off, so this rung was pass on evidence that did not exist yet",not_searched,false,sources/hydrogen_gap_search.json,eufabric search,2026-09-10,day,"as of 2023-10-31: the document cited is dated 2026-09-10, after the cut-off, so this rung was fail on evidence that did not exist yet",not_searched,false,sources/hydrogen_gap_search.json,eufabric search,2026-09-10,day,"as of 2023-10-31: the document cited is dated 2026-09-10, after the cut-off, so this rung was fail on evidence that did not exist yet",not_searched,false,sources/hydrogen_funder_pass.json,eufabric funder pass,2026-09-17,day,"as of 2023-10-31: the document cited is dated 2026-09-17, after the cut-off, so this rung was fail on evidence that did not exist yet",not_searched,false,sources/hydrogen_gap_search.json,eufabric search,2026-09-10,day,"as of 2023-10-31: the document cited is dated 2026-09-10, after the cut-off, so this rung was fail on evidence that did not exist yet",not_searched,false,sources/hydrogen_gap_search.json,eufabric search,2026-09-10,day,"as of 2023-10-31: the document cited is dated 2026-09-10, after the cut-off, so this rung was fail on evidence that did not exist yet",false,2023-10-31
iea:3726,3726,,ReSTart,clean,FRA,named not admitted,Concept,,60.63866667,ktH2Y,,,0,false,not_searched,false,https://restart-concertation.eu/,permit,2026-09-10,day,"as of 2023-10-31: the document cited is dated 2026-09-10, after the cut-off, so this rung was pass on evidence that did not exist yet",not_searched,false,sources/hydrogen_gap_search.json,eufabric search,2026-09-10,day,"as of 2023-10-31: the document cited is dated 2026-09-10, after the cut-off, so this rung was fail on evidence that did not exist yet",not_searched,false,sources/hydrogen_gap_search.json,eufabric search,2026-09-10,day,"as of 2023-10-31: the document cited is dated 2026-09-10, after the cut-off, so this rung was fail on evidence that did not exist yet",not_searched,false,sources/hydrogen_funder_pass.json,eufabric funder pass,2026-09-17,day,"as of 2023-10-31: the document cited is dated 2026-09-17, after the cut-off, so this rung was fail on evidence that did not exist yet",not_searched,false,sources/hydrogen_gap_search.json,eufabric search,2026-09-10,day,"as of 2023-10-31: the document cited is dated 2026-09-10, after the cut-off, so this rung was fail on evidence that did not exist yet",not_searched,false,sources/hydrogen_gap_search.json,eufabric search,2026-09-10,day,"as of 2023-10-31: the document cited is dated 2026-09-10, after the cut-off, so this rung was fail on evidence that did not exist yet",false,2023-10-31
iea:3727,3727,,OrCHyDé ,clean,FRA,named not admitted,Concept,,29.45306667,ktH2Y,,,0,false,not_searched,false,https://concertation-orchyde.eu/,permit,2026-09-10,day,"as of 2023-10-31: the document cited is dated 2026-09-10, after the cut-off, so this rung was pass on evidence that did not exist yet",not_searched,false,sources/hydrogen_gap_search.json,eufabric search,2026-09-10,day,"as of 2023-10-31: the document cited is dated 2026-09-10, after the cut-off, so this rung was fail on evidence that did not exist yet",not_searched,false,sources/hydrogen_gap_search.json,eufabric search,2026-09-10,day,"as of 2023-10-31: the document cited is dated 2026-09-10, after the cut-off, so this rung was fail on evidence that did not exist yet",not_searched,false,sources/hydrogen_funder_pass.json,eufabric funder pass,2026-09-17,day,"as of 2023-10-31: the document cited is dated 2026-09-17, after the cut-off, so this rung was fail on evidence that did not exist yet",not_searched,false,sources/hydrogen_gap_search.json,eufabric search,2026-09-10,day,"as of 2023-10-31: the document cited is dated 2026-09-10, after the cut-off, so this rung was fail on evidence that did not exist yet",not_searched,false,sources/hydrogen_gap_search.json,eufabric search,2026-09-10,day,"as of 2023-10-31: the document cited is dated 2026-09-10, after the cut-off, so this rung was fail on evidence that did not exist yet",false,2023-10-31
iea:3729,3729,,EpHyne,clean,FRA,named not admitted,Concept,,60.63866667,ktH2Y,,,0,false,not_searched,false,https://www.debatpublic.fr/usine-de-production-de-carburant-de-synthese-pour-laviation-chavelot-ephyne-6703,permit,2026-09-10,day,"as of 2023-10-31: the document cited is dated 2026-09-10, after the cut-off, so this rung was pass on evidence that did not exist yet",not_searched,false,sources/hydrogen_gap_search.json,eufabric search,2026-09-10,day,"as of 2023-10-31: the document cited is dated 2026-09-10, after the cut-off, so this rung was fail on evidence that did not exist yet",not_searched,false,sources/hydrogen_gap_search.json,eufabric search,2026-09-10,day,"as of 2023-10-31: the document cited is dated 2026-09-10, after the cut-off, so this rung was fail on evidence that did not exist yet",not_searched,false,sources/hydrogen_funder_pass.json,eufabric funder pass,2026-09-17,day,"as of 2023-10-31: the document cited is dated 2026-09-17, after the cut-off, so this rung was fail on evidence that did not exist yet",not_searched,false,sources/hydrogen_gap_search.json,eufabric search,2026-09-10,day,"as of 2023-10-31: the document cited is dated 2026-09-10, after the cut-off, so this rung was fail on evidence that did not exist yet",not_searched,false,sources/hydrogen_gap_search.json,eufabric search,2026-09-10,day,"as of 2023-10-31: the document cited is dated 2026-09-10, after the cut-off, so this rung was fail on evidence that did not exist yet",false,2023-10-31
iea:3732,3732,,NeoCarb_Kerosène,clean,FRA,named not admitted,Concept,,51.976,ktH2Y,,,0,false,not_searched,false,https://www.debatpublic.fr/coordination-des-concertations-carbon-h2v-gravithy-deos-medhyterra-et-neocarb-4495,permit,2026-09-10,day,"as of 2023-10-31: the document cited is dated 2026-09-10, after the cut-off, so this rung was pass on evidence that did not exist yet",not_searched,false,sources/hydrogen_gap_search.json,eufabric search,2026-09-10,day,"as of 2023-10-31: the document cited is dated 2026-09-10, after the cut-off, so this rung was fail on evidence that did not exist yet",not_searched,false,sources/hydrogen_gap_search.json,eufabric search,2026-09-10,day,"as of 2023-10-31: the document cited is dated 2026-09-10, after the cut-off, so this rung was fail on evidence that did not exist yet",not_searched,false,sources/hydrogen_funder_pass.json,eufabric funder pass,2026-09-17,day,"as of 2023-10-31: the document cited is dated 2026-09-17, after the cut-off, so this rung was fail on evidence that did not exist yet",not_searched,false,sources/hydrogen_gap_search.json,eufabric search,2026-09-10,day,"as of 2023-10-31: the document cited is dated 2026-09-10, after the cut-off, so this rung was fail on evidence that did not exist yet",not_searched,false,sources/hydrogen_gap_search.json,eufabric search,2026-09-10,day,"as of 2023-10-31: the document cited is dated 2026-09-10, after the cut-off, so this rung was fail on evidence that did not exist yet",false,2023-10-31
iea:3734,3734,,Elyfos,clean,FRA,none found,Concept,,17.32533333,ktH2Y,,,0,false,not_searched,false,sources/hydrogen_gap_search.json,eufabric search,2026-09-10,day,"as of 2023-10-31: the document cited is dated 2026-09-10, after the cut-off, so this rung was fail on evidence that did not exist yet",not_searched,false,sources/hydrogen_gap_search.json,eufabric search,2026-09-10,day,"as of 2023-10-31: the document cited is dated 2026-09-10, after the cut-off, so this rung was fail on evidence that did not exist yet",not_searched,false,sources/hydrogen_gap_search.json,eufabric search,2026-09-10,day,"as of 2023-10-31: the document cited is dated 2026-09-10, after the cut-off, so this rung was fail on evidence that did not exist yet",not_searched,false,sources/hydrogen_funder_pass.json,eufabric funder pass,2026-09-17,day,"as of 2023-10-31: the document cited is dated 2026-09-17, after the cut-off, so this rung was fail on evidence that did not exist yet",not_searched,false,sources/hydrogen_gap_search.json,eufabric search,2026-09-10,day,"as of 2023-10-31: the document cited is dated 2026-09-10, after the cut-off, so this rung was fail on evidence that did not exist yet",not_searched,false,sources/hydrogen_gap_search.json,eufabric search,2026-09-10,day,"as of 2023-10-31: the document cited is dated 2026-09-10, after the cut-off, so this rung was fail on evidence that did not exist yet",false,2023-10-31
iea:3736,3736,versoenergy-carlhyng-carling,CarlHYng - Phases 2 and 3,clean,FR,admitted,Feasibility study,,300,MW_input,,,0,false,not_searched,false,https://www.concertation-carlhyng.eu/fr/le-projet-carlhyng,Verso Energy,2026-09-10,day,"as of 2023-10-31: the document cited is dated 2026-09-10, after the cut-off, so this rung was pass on evidence that did not exist yet",not_searched,false,https://www.concertation-carlhyng.eu/fr/le-projet-carlhyng,owner,2026-09-10,day,"as of 2023-10-31: the document cited is dated 2026-09-10, after the cut-off, so this rung was pass on evidence that did not exist yet",not_searched,false,https://www.concertation-carlhyng.eu/fr/le-projet-carlhyng,owner,2026-09-10,day,"as of 2023-10-31: the document cited is dated 2026-09-10, after the cut-off, so this rung was fail on evidence that did not exist yet",not_searched,false,sources/hydrogen_funder_pass.json,eufabric funder pass,2026-09-17,day,"as of 2023-10-31: the document cited is dated 2026-09-17, after the cut-off, so this rung was fail on evidence that did not exist yet",not_searched,false,https://www.concertation-carlhyng.eu/fr/le-projet-carlhyng,owner,2026-09-10,day,"as of 2023-10-31: the document cited is dated 2026-09-10, after the cut-off, so this rung was fail on evidence that did not exist yet",not_searched,false,sources/edges.json,eufabric dependency sweep,2026-09-11,day,"as of 2023-10-31: the document cited is dated 2026-09-11, after the cut-off, so this rung was fail on evidence that did not exist yet",true,2023-10-31
iea:3742,3742,luoto-energia-rauma,Luoto Energia,clean,FI,admitted,Feasibility study,,500,MW_input,,,0,false,not_searched,false,https://tes-h2.com/news/tes-and-cpc-finland-to-develop-500mw-e-ng-project-at-the-port-of-rauma-in-finland,Tree Energy Solutions,2026-09-10,day,"as of 2023-10-31: the document cited is dated 2026-09-10, after the cut-off, so this rung was pass on evidence that did not exist yet",not_searched,false,https://tes-h2.com/news/tes-and-cpc-finland-to-develop-500mw-e-ng-project-at-the-port-of-rauma-in-finland,owner,2026-09-10,day,"as of 2023-10-31: the document cited is dated 2026-09-10, after the cut-off, so this rung was pass on evidence that did not exist yet",not_searched,false,https://tes-h2.com/news/tes-and-cpc-finland-to-develop-500mw-e-ng-project-at-the-port-of-rauma-in-finland,owner,2026-09-10,day,"as of 2023-10-31: the document cited is dated 2026-09-10, after the cut-off, so this rung was fail on evidence that did not exist yet",not_searched,false,sources/hydrogen_funder_pass.json,eufabric funder pass,2026-09-17,day,"as of 2023-10-31: the document cited is dated 2026-09-17, after the cut-off, so this rung was fail on evidence that did not exist yet",not_searched,false,https://tes-h2.com/news/tes-and-cpc-finland-to-develop-500mw-e-ng-project-at-the-port-of-rauma-in-finland,owner,2026-09-10,day,"as of 2023-10-31: the document cited is dated 2026-09-10, after the cut-off, so this rung was fail on evidence that did not exist yet",not_searched,false,sources/edges.json,eufabric dependency sweep,2026-09-11,day,"as of 2023-10-31: the document cited is dated 2026-09-11, after the cut-off, so this rung was fail on evidence that did not exist yet",true,2023-10-31
iea:3776,3776,,Zamora e-Methanol plant,clean,ESP,perimeter exclusion,Feasibility study,,53.57142857,ktH2Y,,DRI or other perimeter exclusion,0,false,not_searched,false,sources/report_benchmark_gap.py,eufabric perimeter,2026-09-10,day,"as of 2023-10-31: the document cited is dated 2026-09-10, after the cut-off, so this rung was not_searched on evidence that did not exist yet",not_searched,false,sources/report_benchmark_gap.py,eufabric perimeter,2026-09-10,day,"as of 2023-10-31: the document cited is dated 2026-09-10, after the cut-off, so this rung was not_searched on evidence that did not exist yet",not_searched,false,sources/report_benchmark_gap.py,eufabric perimeter,2026-09-10,day,"as of 2023-10-31: the document cited is dated 2026-09-10, after the cut-off, so this rung was not_searched on evidence that did not exist yet",not_searched,false,sources/report_benchmark_gap.py,eufabric perimeter,2026-09-10,day,"as of 2023-10-31: the document cited is dated 2026-09-10, after the cut-off, so this rung was not_searched on evidence that did not exist yet",not_searched,false,sources/report_benchmark_gap.py,eufabric perimeter,2026-09-10,day,"as of 2023-10-31: the document cited is dated 2026-09-10, after the cut-off, so this rung was not_searched on evidence that did not exist yet",not_searched,false,sources/report_benchmark_gap.py,eufabric perimeter,2026-09-10,day,"as of 2023-10-31: the document cited is dated 2026-09-10, after the cut-off, so this rung was not_searched on evidence that did not exist yet",false,2023-10-31
iea:3777,3777,,Villadangos Green e-Methanol plant,clean,ESP,perimeter exclusion,Feasibility study,,34.65066667,ktH2Y,,DRI or other perimeter exclusion,0,false,not_searched,false,sources/report_benchmark_gap.py,eufabric perimeter,2026-09-10,day,"as of 2023-10-31: the document cited is dated 2026-09-10, after the cut-off, so this rung was not_searched on evidence that did not exist yet",not_searched,false,sources/report_benchmark_gap.py,eufabric perimeter,2026-09-10,day,"as of 2023-10-31: the document cited is dated 2026-09-10, after the cut-off, so this rung was not_searched on evidence that did not exist yet",not_searched,false,sources/report_benchmark_gap.py,eufabric perimeter,2026-09-10,day,"as of 2023-10-31: the document cited is dated 2026-09-10, after the cut-off, so this rung was not_searched on evidence that did not exist yet",not_searched,false,sources/report_benchmark_gap.py,eufabric perimeter,2026-09-10,day,"as of 2023-10-31: the document cited is dated 2026-09-10, after the cut-off, so this rung was not_searched on evidence that did not exist yet",not_searched,false,sources/report_benchmark_gap.py,eufabric perimeter,2026-09-10,day,"as of 2023-10-31: the document cited is dated 2026-09-10, after the cut-off, so this rung was not_searched on evidence that did not exist yet",not_searched,false,sources/report_benchmark_gap.py,eufabric perimeter,2026-09-10,day,"as of 2023-10-31: the document cited is dated 2026-09-10, after the cut-off, so this rung was not_searched on evidence that did not exist yet",false,2023-10-31
iea:3784,3784,,Outokumpu - Norsk e-Fuel eSAF MoU,clean,FIN,perimeter exclusion,Concept,,51.19047619,ktH2Y,,DRI or other perimeter exclusion,0,false,not_searched,false,sources/report_benchmark_gap.py,eufabric perimeter,2026-09-10,day,"as of 2023-10-31: the document cited is dated 2026-09-10, after the cut-off, so this rung was not_searched on evidence that did not exist yet",not_searched,false,sources/report_benchmark_gap.py,eufabric perimeter,2026-09-10,day,"as of 2023-10-31: the document cited is dated 2026-09-10, after the cut-off, so this rung was not_searched on evidence that did not exist yet",not_searched,false,sources/report_benchmark_gap.py,eufabric perimeter,2026-09-10,day,"as of 2023-10-31: the document cited is dated 2026-09-10, after the cut-off, so this rung was not_searched on evidence that did not exist yet",not_searched,false,sources/report_benchmark_gap.py,eufabric perimeter,2026-09-10,day,"as of 2023-10-31: the document cited is dated 2026-09-10, after the cut-off, so this rung was not_searched on evidence that did not exist yet",not_searched,false,sources/report_benchmark_gap.py,eufabric perimeter,2026-09-10,day,"as of 2023-10-31: the document cited is dated 2026-09-10, after the cut-off, so this rung was not_searched on evidence that did not exist yet",not_searched,false,sources/report_benchmark_gap.py,eufabric perimeter,2026-09-10,day,"as of 2023-10-31: the document cited is dated 2026-09-10, after the cut-off, so this rung was not_searched on evidence that did not exist yet",false,2023-10-31
iea:3786,3786,,Norsk e-fuel Project Rauma eSAF,clean,FIN,perimeter exclusion,Feasibility study,,71.84628237,ktH2Y,,DRI or other perimeter exclusion,0,false,not_searched,false,sources/report_benchmark_gap.py,eufabric perimeter,2026-09-10,day,"as of 2023-10-31: the document cited is dated 2026-09-10, after the cut-off, so this rung was not_searched on evidence that did not exist yet",not_searched,false,sources/report_benchmark_gap.py,eufabric perimeter,2026-09-10,day,"as of 2023-10-31: the document cited is dated 2026-09-10, after the cut-off, so this rung was not_searched on evidence that did not exist yet",not_searched,false,sources/report_benchmark_gap.py,eufabric perimeter,2026-09-10,day,"as of 2023-10-31: the document cited is dated 2026-09-10, after the cut-off, so this rung was not_searched on evidence that did not exist yet",not_searched,false,sources/report_benchmark_gap.py,eufabric perimeter,2026-09-10,day,"as of 2023-10-31: the document cited is dated 2026-09-10, after the cut-off, so this rung was not_searched on evidence that did not exist yet",not_searched,false,sources/report_benchmark_gap.py,eufabric perimeter,2026-09-10,day,"as of 2023-10-31: the document cited is dated 2026-09-10, after the cut-off, so this rung was not_searched on evidence that did not exist yet",not_searched,false,sources/report_benchmark_gap.py,eufabric perimeter,2026-09-10,day,"as of 2023-10-31: the document cited is dated 2026-09-10, after the cut-off, so this rung was not_searched on evidence that did not exist yet",false,2023-10-31
iea:3795,3795,,VolagHy Kuopio,clean,FIN,named not admitted,Feasibility study,,55.14517287,ktH2Y,,,0,false,not_searched,false,https://volaghy.com/volaghy-publishes-eia-programme-kuopio/,owner,2026-09-10,day,"as of 2023-10-31: the document cited is dated 2026-09-10, after the cut-off, so this rung was pass on evidence that did not exist yet",not_searched,false,sources/hydrogen_gap_search.json,eufabric search,2026-09-10,day,"as of 2023-10-31: the document cited is dated 2026-09-10, after the cut-off, so this rung was fail on evidence that did not exist yet",not_searched,false,sources/hydrogen_gap_search.json,eufabric search,2026-09-10,day,"as of 2023-10-31: the document cited is dated 2026-09-10, after the cut-off, so this rung was fail on evidence that did not exist yet",not_searched,false,sources/hydrogen_funder_pass.json,eufabric funder pass,2026-09-17,day,"as of 2023-10-31: the document cited is dated 2026-09-17, after the cut-off, so this rung was fail on evidence that did not exist yet",not_searched,false,sources/hydrogen_gap_search.json,eufabric search,2026-09-10,day,"as of 2023-10-31: the document cited is dated 2026-09-10, after the cut-off, so this rung was fail on evidence that did not exist yet",not_searched,false,sources/hydrogen_gap_search.json,eufabric search,2026-09-10,day,"as of 2023-10-31: the document cited is dated 2026-09-10, after the cut-off, so this rung was fail on evidence that did not exist yet",false,2023-10-31
iea:3796,3796,aboenergy-nivala,Kurunpuhto hydrogen project ,clean,FI,admitted,Concept,,200,MW_input,,,0,false,not_searched,false,https://www.aboenergy.com/en/development-construction/green-hydrogen.html,ABO Energy,2026-09-10,day,"as of 2023-10-31: the document cited is dated 2026-09-10, after the cut-off, so this rung was pass on evidence that did not exist yet",not_searched,false,https://www.aboenergy.com/en/development-construction/green-hydrogen.html,owner,2026-09-10,day,"as of 2023-10-31: the document cited is dated 2026-09-10, after the cut-off, so this rung was pass on evidence that did not exist yet",not_searched,false,https://www.aboenergy.com/en/development-construction/green-hydrogen.html,owner,2026-09-10,day,"as of 2023-10-31: the document cited is dated 2026-09-10, after the cut-off, so this rung was fail on evidence that did not exist yet",not_searched,false,sources/hydrogen_funder_pass.json,eufabric funder pass,2026-09-17,day,"as of 2023-10-31: the document cited is dated 2026-09-17, after the cut-off, so this rung was fail on evidence that did not exist yet",not_searched,false,https://www.aboenergy.com/en/development-construction/green-hydrogen.html,owner,2026-09-10,day,"as of 2023-10-31: the document cited is dated 2026-09-10, after the cut-off, so this rung was fail on evidence that did not exist yet",not_searched,false,sources/edges.json,eufabric dependency sweep,2026-09-11,day,"as of 2023-10-31: the document cited is dated 2026-09-11, after the cut-off, so this rung was fail on evidence that did not exist yet",true,2023-10-31
iea:3822,3822,,"Moeve La Rábida Energy Park (Huelva) - phase 1 (expansion) - Andalusian Green Hydrogen Valley
ONUBA I Project (Together with THARSIS: LUXIA project)",clean,ESP,named not admitted,Feasibility study,,17.32533333,ktH2Y,,,0,false,not_searched,false,https://www.moeveglobal.com/en/businesses/commercial-clean-energies/green-hydrogen/green-hydrogen-production-at-moeve,owner,2026-09-10,day,"as of 2023-10-31: the document cited is dated 2026-09-10, after the cut-off, so this rung was pass on evidence that did not exist yet",not_searched,false,sources/hydrogen_gap_search.json,eufabric search,2026-09-10,day,"as of 2023-10-31: the document cited is dated 2026-09-10, after the cut-off, so this rung was fail on evidence that did not exist yet",not_searched,false,sources/hydrogen_gap_search.json,eufabric search,2026-09-10,day,"as of 2023-10-31: the document cited is dated 2026-09-10, after the cut-off, so this rung was fail on evidence that did not exist yet",not_searched,false,sources/hydrogen_funder_pass.json,eufabric funder pass,2026-09-17,day,"as of 2023-10-31: the document cited is dated 2026-09-17, after the cut-off, so this rung was fail on evidence that did not exist yet",not_searched,false,sources/hydrogen_gap_search.json,eufabric search,2026-09-10,day,"as of 2023-10-31: the document cited is dated 2026-09-10, after the cut-off, so this rung was fail on evidence that did not exist yet",not_searched,false,sources/hydrogen_gap_search.json,eufabric search,2026-09-10,day,"as of 2023-10-31: the document cited is dated 2026-09-10, after the cut-off, so this rung was fail on evidence that did not exist yet",false,2023-10-31
iea:3901,3901,,Equilibrion nuclear-derived e-SAF,clean,GBR,perimeter exclusion,Feasibility study,,144.2314119,ktH2Y,,DRI or other perimeter exclusion,0,false,not_searched,false,sources/report_benchmark_gap.py,eufabric perimeter,2026-09-10,day,"as of 2023-10-31: the document cited is dated 2026-09-10, after the cut-off, so this rung was not_searched on evidence that did not exist yet",not_searched,false,sources/report_benchmark_gap.py,eufabric perimeter,2026-09-10,day,"as of 2023-10-31: the document cited is dated 2026-09-10, after the cut-off, so this rung was not_searched on evidence that did not exist yet",not_searched,false,sources/report_benchmark_gap.py,eufabric perimeter,2026-09-10,day,"as of 2023-10-31: the document cited is dated 2026-09-10, after the cut-off, so this rung was not_searched on evidence that did not exist yet",not_searched,false,sources/report_benchmark_gap.py,eufabric perimeter,2026-09-10,day,"as of 2023-10-31: the document cited is dated 2026-09-10, after the cut-off, so this rung was not_searched on evidence that did not exist yet",not_searched,false,sources/report_benchmark_gap.py,eufabric perimeter,2026-09-10,day,"as of 2023-10-31: the document cited is dated 2026-09-10, after the cut-off, so this rung was not_searched on evidence that did not exist yet",not_searched,false,sources/report_benchmark_gap.py,eufabric perimeter,2026-09-10,day,"as of 2023-10-31: the document cited is dated 2026-09-10, after the cut-off, so this rung was not_searched on evidence that did not exist yet",false,2023-10-31
iea:3904,3904,,Fjord PtX,clean,DNK,named not admitted,Feasibility study,,56.57894737,ktH2Y,,,0,false,not_searched,false,https://www.fjord-ptx.com/about-the-plant/,owner,2026-09-10,day,"as of 2023-10-31: the document cited is dated 2026-09-10, after the cut-off, so this rung was pass on evidence that did not exist yet",not_searched,false,sources/hydrogen_gap_search.json,eufabric search,2026-09-10,day,"as of 2023-10-31: the document cited is dated 2026-09-10, after the cut-off, so this rung was fail on evidence that did not exist yet",not_searched,false,sources/hydrogen_gap_search.json,eufabric search,2026-09-10,day,"as of 2023-10-31: the document cited is dated 2026-09-10, after the cut-off, so this rung was fail on evidence that did not exist yet",not_searched,false,sources/hydrogen_funder_pass.json,eufabric funder pass,2026-09-17,day,"as of 2023-10-31: the document cited is dated 2026-09-17, after the cut-off, so this rung was fail on evidence that did not exist yet",not_searched,false,sources/hydrogen_gap_search.json,eufabric search,2026-09-10,day,"as of 2023-10-31: the document cited is dated 2026-09-10, after the cut-off, so this rung was fail on evidence that did not exist yet",not_searched,false,sources/hydrogen_gap_search.json,eufabric search,2026-09-10,day,"as of 2023-10-31: the document cited is dated 2026-09-10, after the cut-off, so this rung was fail on evidence that did not exist yet",false,2023-10-31
iea:3906,3906,,Verso Energy SAF Tornio project,clean,FIN,perimeter exclusion,Feasibility study,,36.47251827,ktH2Y,,DRI or other perimeter exclusion,0,false,not_searched,false,sources/report_benchmark_gap.py,eufabric perimeter,2026-09-10,day,"as of 2023-10-31: the document cited is dated 2026-09-10, after the cut-off, so this rung was not_searched on evidence that did not exist yet",not_searched,false,sources/report_benchmark_gap.py,eufabric perimeter,2026-09-10,day,"as of 2023-10-31: the document cited is dated 2026-09-10, after the cut-off, so this rung was not_searched on evidence that did not exist yet",not_searched,false,sources/report_benchmark_gap.py,eufabric perimeter,2026-09-10,day,"as of 2023-10-31: the document cited is dated 2026-09-10, after the cut-off, so this rung was not_searched on evidence that did not exist yet",not_searched,false,sources/report_benchmark_gap.py,eufabric perimeter,2026-09-10,day,"as of 2023-10-31: the document cited is dated 2026-09-10, after the cut-off, so this rung was not_searched on evidence that did not exist yet",not_searched,false,sources/report_benchmark_gap.py,eufabric perimeter,2026-09-10,day,"as of 2023-10-31: the document cited is dated 2026-09-10, after the cut-off, so this rung was not_searched on evidence that did not exist yet",not_searched,false,sources/report_benchmark_gap.py,eufabric perimeter,2026-09-10,day,"as of 2023-10-31: the document cited is dated 2026-09-10, after the cut-off, so this rung was not_searched on evidence that did not exist yet",false,2023-10-31
iea:3907,3907,, Project SkyKraft,clean,SWE,named not admitted,Feasibility study,,179.6157059,ktH2Y,,,0,false,not_searched,false,https://skynrg.com/producing-saf/esaf-production-plant-in-skelleftea/,owner,2026-09-10,day,"as of 2023-10-31: the document cited is dated 2026-09-10, after the cut-off, so this rung was pass on evidence that did not exist yet",not_searched,false,sources/hydrogen_gap_search.json,eufabric search,2026-09-10,day,"as of 2023-10-31: the document cited is dated 2026-09-10, after the cut-off, so this rung was fail on evidence that did not exist yet",not_searched,false,sources/hydrogen_gap_search.json,eufabric search,2026-09-10,day,"as of 2023-10-31: the document cited is dated 2026-09-10, after the cut-off, so this rung was fail on evidence that did not exist yet",not_searched,false,sources/hydrogen_funder_pass.json,eufabric funder pass,2026-09-17,day,"as of 2023-10-31: the document cited is dated 2026-09-17, after the cut-off, so this rung was fail on evidence that did not exist yet",not_searched,false,sources/hydrogen_gap_search.json,eufabric search,2026-09-10,day,"as of 2023-10-31: the document cited is dated 2026-09-10, after the cut-off, so this rung was fail on evidence that did not exist yet",not_searched,false,sources/hydrogen_gap_search.json,eufabric search,2026-09-10,day,"as of 2023-10-31: the document cited is dated 2026-09-10, after the cut-off, so this rung was fail on evidence that did not exist yet",false,2023-10-31
iea:3945,3945,,L’Ardoise e-SAF,clean,FRA,perimeter exclusion,Feasibility study,,51.976,ktH2Y,,DRI or other perimeter exclusion,0,false,not_searched,false,sources/report_benchmark_gap.py,eufabric perimeter,2026-09-10,day,"as of 2023-10-31: the document cited is dated 2026-09-10, after the cut-off, so this rung was not_searched on evidence that did not exist yet",not_searched,false,sources/report_benchmark_gap.py,eufabric perimeter,2026-09-10,day,"as of 2023-10-31: the document cited is dated 2026-09-10, after the cut-off, so this rung was not_searched on evidence that did not exist yet",not_searched,false,sources/report_benchmark_gap.py,eufabric perimeter,2026-09-10,day,"as of 2023-10-31: the document cited is dated 2026-09-10, after the cut-off, so this rung was not_searched on evidence that did not exist yet",not_searched,false,sources/report_benchmark_gap.py,eufabric perimeter,2026-09-10,day,"as of 2023-10-31: the document cited is dated 2026-09-10, after the cut-off, so this rung was not_searched on evidence that did not exist yet",not_searched,false,sources/report_benchmark_gap.py,eufabric perimeter,2026-09-10,day,"as of 2023-10-31: the document cited is dated 2026-09-10, after the cut-off, so this rung was not_searched on evidence that did not exist yet",not_searched,false,sources/report_benchmark_gap.py,eufabric perimeter,2026-09-10,day,"as of 2023-10-31: the document cited is dated 2026-09-10, after the cut-off, so this rung was not_searched on evidence that did not exist yet",false,2023-10-31
iea:3963,3963,,Turboleta SAF,clean,ESP,perimeter exclusion,Feasibility study,,47.14912281,ktH2Y,,DRI or other perimeter exclusion,0,false,not_searched,false,sources/report_benchmark_gap.py,eufabric perimeter,2026-09-10,day,"as of 2023-10-31: the document cited is dated 2026-09-10, after the cut-off, so this rung was not_searched on evidence that did not exist yet",not_searched,false,sources/report_benchmark_gap.py,eufabric perimeter,2026-09-10,day,"as of 2023-10-31: the document cited is dated 2026-09-10, after the cut-off, so this rung was not_searched on evidence that did not exist yet",not_searched,false,sources/report_benchmark_gap.py,eufabric perimeter,2026-09-10,day,"as of 2023-10-31: the document cited is dated 2026-09-10, after the cut-off, so this rung was not_searched on evidence that did not exist yet",not_searched,false,sources/report_benchmark_gap.py,eufabric perimeter,2026-09-10,day,"as of 2023-10-31: the document cited is dated 2026-09-10, after the cut-off, so this rung was not_searched on evidence that did not exist yet",not_searched,false,sources/report_benchmark_gap.py,eufabric perimeter,2026-09-10,day,"as of 2023-10-31: the document cited is dated 2026-09-10, after the cut-off, so this rung was not_searched on evidence that did not exist yet",not_searched,false,sources/report_benchmark_gap.py,eufabric perimeter,2026-09-10,day,"as of 2023-10-31: the document cited is dated 2026-09-10, after the cut-off, so this rung was not_searched on evidence that did not exist yet",false,2023-10-31
iea:3973,3973,,"Moeve La Rábida Energy Park (Huelva) - Andalusian Green Hydrogen Valley
LUXIA Project - 100 MW + new methanol plant + ammonia plant revamping ",clean,ESP,perimeter exclusion,Feasibility study,,17.32533333,ktH2Y,,DRI or other perimeter exclusion,0,false,not_searched,false,sources/report_benchmark_gap.py,eufabric perimeter,2026-09-10,day,"as of 2023-10-31: the document cited is dated 2026-09-10, after the cut-off, so this rung was not_searched on evidence that did not exist yet",not_searched,false,sources/report_benchmark_gap.py,eufabric perimeter,2026-09-10,day,"as of 2023-10-31: the document cited is dated 2026-09-10, after the cut-off, so this rung was not_searched on evidence that did not exist yet",not_searched,false,sources/report_benchmark_gap.py,eufabric perimeter,2026-09-10,day,"as of 2023-10-31: the document cited is dated 2026-09-10, after the cut-off, so this rung was not_searched on evidence that did not exist yet",not_searched,false,sources/report_benchmark_gap.py,eufabric perimeter,2026-09-10,day,"as of 2023-10-31: the document cited is dated 2026-09-10, after the cut-off, so this rung was not_searched on evidence that did not exist yet",not_searched,false,sources/report_benchmark_gap.py,eufabric perimeter,2026-09-10,day,"as of 2023-10-31: the document cited is dated 2026-09-10, after the cut-off, so this rung was not_searched on evidence that did not exist yet",not_searched,false,sources/report_benchmark_gap.py,eufabric perimeter,2026-09-10,day,"as of 2023-10-31: the document cited is dated 2026-09-10, after the cut-off, so this rung was not_searched on evidence that did not exist yet",false,2023-10-31
row:rwe-get-h2-nukleus-lingen,,rwe-get-h2-nukleus-lingen,RWE Generation SE Lingen (Ems),clean,DE,admitted,,iea_hydrogen_production_projects:2023-10->current,300,MW_input,,,0,false,not_searched,false,https://www.rwe.com/en/press/rwe-generation/2026-08-04-get-h2-nukleus-gains-momentum/,owner,2026-08-04,day,"as of 2023-10-31: the document cited is dated 2026-08-04, after the cut-off, so this rung was pass on evidence that did not exist yet",not_searched,false,https://www.rwe.com/en/press/rwe-ag/2024-07-15-german-and-state-governments-grant-funding-for-large-hydrogen-projects-by-rwe/,owner,2024-07-15,day,"as of 2023-10-31: the document cited is dated 2024-07-15, after the cut-off, so this rung was pass on evidence that did not exist yet",not_searched,false,https://www.rwe.com/en/press/rwe-generation/2026-08-04-get-h2-nukleus-gains-momentum/,owner,2026-08-04,day,"as of 2023-10-31: the document cited is dated 2026-08-04, after the cut-off, so this rung was pass on evidence that did not exist yet",not_searched,false,https://ec.europa.eu/competition/state_aid/cases1/202442/SA_102825_1118.pdf,European Commission,2024-02-15,day,"as of 2023-10-31: the document cited is dated 2024-02-15, after the cut-off, so this rung was pass on evidence that did not exist yet",not_searched,false,https://www.rwe.com/en/press/rwe-generation/2026-08-04-get-h2-nukleus-gains-momentum/,company,2026-08-04,day,"as of 2023-10-31: the document cited is dated 2026-08-04, after the cut-off, so this rung was pass on evidence that did not exist yet",not_searched,false,https://itm-power.com/news/first-hydrogen-from-lingen-reaches-customer,supplier,2026-08-04,day,"as of 2023-10-31: the document cited is dated 2026-08-04, after the cut-off, so this rung was pass on evidence that did not exist yet",true,2023-10-31
row:bp-lingen-green-hydrogen,,bp-lingen-green-hydrogen,BP Europa SE Lingen (Ems),clean,DE,admitted,,iea_hydrogen_production_projects:2023-10->current,100,MW_input,,,0,false,not_searched,false,https://www.bp.com/de_de/germany/home/presse/nachrichten/2026-07-23-lingen-green-hydrogen-grosskomponenten-erreichen-den-standort.html,owner,2026-07-23,day,"as of 2023-10-31: the document cited is dated 2026-07-23, after the cut-off, so this rung was pass on evidence that did not exist yet",not_searched,false,https://www.bp.com/de_de/germany/home/presse/pressemeldungen/pm-2024-12-18-bp-verkuendet-investitionsentscheidung-fuer-projekt-lingen-green-hydrogen.html,owner,2024-12-18,day,"as of 2023-10-31: the document cited is dated 2024-12-18, after the cut-off, so this rung was pass on evidence that did not exist yet",not_searched,false,https://www.bp.com/de_de/germany/home/presse/nachrichten/2026-07-23-lingen-green-hydrogen-grosskomponenten-erreichen-den-standort.html,owner,2026-07-23,day,"as of 2023-10-31: the document cited is dated 2026-07-23, after the cut-off, so this rung was pass on evidence that did not exist yet",not_searched,false,https://ec.europa.eu/competition/state_aid/cases1/202442/SA_102825_1118.pdf,European Commission,2024-02-15,day,"as of 2023-10-31: the document cited is dated 2024-02-15, after the cut-off, so this rung was pass on evidence that did not exist yet",not_searched,false,https://www.bp.com/de_de/germany/home/presse/nachrichten/2026-07-23-lingen-green-hydrogen-grosskomponenten-erreichen-den-standort.html,company,2026-07-23,day,"as of 2023-10-31: the document cited is dated 2026-07-23, after the cut-off, so this rung was pass on evidence that did not exist yet",not_searched,false,https://www.bp.com/de_de/germany/home/presse/nachrichten/2026-07-23-lingen-green-hydrogen-grosskomponenten-erreichen-den-standort.html,owner,2026-07-23,day,"as of 2023-10-31: the document cited is dated 2026-07-23, after the cut-off, so this rung was fail on evidence that did not exist yet",true,2023-10-31
row:shell-refhyne-2-wesseling,,shell-refhyne-2-wesseling,Shell Deutschland GmbH Wesseling,clean,DE,admitted,,,100,MW_input,,,0,false,not_searched,false,https://www.refhyne.eu/refhyne-2/,owner,2026-09-09,day,"as of 2023-10-31: the document cited is dated 2026-09-09, after the cut-off, so this rung was pass on evidence that did not exist yet",not_searched,false,https://www.refhyne.eu/final-investment-decision-taken-by-shell-for-refhyne-2/,owner,2024-07-29,day,"as of 2023-10-31: the document cited is dated 2024-07-29, after the cut-off, so this rung was pass on evidence that did not exist yet",not_searched,false,https://www.refhyne.eu/final-investment-decision-taken-by-shell-for-refhyne-2/,owner,2024-07-29,day,"as of 2023-10-31: the document cited is dated 2024-07-29, after the cut-off, so this rung was pass on evidence that did not exist yet",not_searched,false,sources/hydrogen_funder_pass.json,eufabric funder pass,2026-09-17,day,"as of 2023-10-31: the document cited is dated 2026-09-17, after the cut-off, so this rung was fail on evidence that did not exist yet",not_searched,false,https://www.refhyne.eu/refhyne-2/,owner,2026-09-09,day,"as of 2023-10-31: the document cited is dated 2026-09-09, after the cut-off, so this rung was fail on evidence that did not exist yet",not_searched,false,https://itm-power.com/news/100mw-refhyne-ii-contract-signed,supplier,2024-08-13,day,"as of 2023-10-31: the document cited is dated 2024-08-13, after the cut-off, so this rung was pass on evidence that did not exist yet",true,2023-10-31
row:repsol-petronor-muskiz,,repsol-petronor-muskiz,Repsol Muskiz,clean,ES,admitted,,,100,MW_input,,,1,false,not_searched,false,https://www.repsol.com/en/press-room/press-releases/2026/repsol-installs-second-100-MW-electrolyzer-petronor/index.cshtml,owner,2026-01-26,day,"as of 2023-10-31: the document cited is dated 2026-01-26, after the cut-off, so this rung was pass on evidence that did not exist yet",not_searched,false,https://www.repsol.com/en/press-room/press-releases/2026/repsol-installs-second-100-MW-electrolyzer-petronor/index.cshtml,owner,2026-01-26,day,"as of 2023-10-31: the document cited is dated 2026-01-26, after the cut-off, so this rung was pass on evidence that did not exist yet",not_searched,false,https://www.repsol.com/en/press-room/press-releases/2026/repsol-installs-second-100-MW-electrolyzer-petronor/index.cshtml,owner,2026-01-26,day,"as of 2023-10-31: the document cited is dated 2026-01-26, after the cut-off, so this rung was pass on evidence that did not exist yet",pass,true,https://competition-policy.ec.europa.eu/document/download/6285ce86-e51d-449e-a003-c88319a9a9d9_en?filename=2022_IPCEI_Hy2Use_en.pdf,European Commission,2022-09-21,day,IPCEI Hy2Use (SA.64650) names 'Bay of Biscay Hydrogen S.L. (Petronor)'; matched on identifier,not_searched,false,https://www.repsol.com/en/press-room/press-releases/2026/repsol-installs-second-100-MW-electrolyzer-petronor/index.cshtml,company,2026-01-26,day,"as of 2023-10-31: the document cited is dated 2026-01-26, after the cut-off, so this rung was pass on evidence that did not exist yet",not_searched,false,https://www.repsol.com/en/press-room/press-releases/2026/repsol-installs-second-100-MW-electrolyzer-petronor/index.cshtml,owner,2026-01-26,day,"as of 2023-10-31: the document cited is dated 2026-01-26, after the cut-off, so this rung was fail on evidence that did not exist yet",true,2023-10-31
row:galp-sines-electrolyser,,galp-sines-electrolyser,Galp Sines,clean,PT,admitted,,iea_hydrogen_production_projects:2023-10->current,100,MW_input,,,1,false,not_searched,false,https://www.galp.com/corp/en/about-us/what-we-do/industrial-and-midstream/green-hydrogen,owner,2026-09-09,day,"as of 2023-10-31: the document cited is dated 2026-09-09, after the cut-off, so this rung was pass on evidence that did not exist yet",pass,true,https://www.galp.com/corp/en/about-us/what-we-do/industrial-and-midstream/green-hydrogen,owner,2023-01-01,year,100 MW_input as stated,not_searched,false,https://www.eib.org/en/press/all/2025-107-eib-finances-galp-s-renewable-hydrogen-and-biofuels-projects-in-sines-with-eur430-million,owner,2025-09-29,day,"as of 2023-10-31: the document cited is dated 2025-09-29, after the cut-off, so this rung was pass on evidence that did not exist yet",not_searched,false,https://cinea.ec.europa.eu/news-events/news/winners-first-eu-wide-renewable-hydrogen-auction-sign-grant-agreements-paving-way-new-european-2024-10-08_en,European Commission (CINEA),2024-10-07,day,"as of 2023-10-31: the document cited is dated 2024-10-07, after the cut-off, so this rung was pass on evidence that did not exist yet",not_searched,false,https://www.eib.org/en/press/all/2025-107-eib-finances-galp-s-renewable-hydrogen-and-biofuels-projects-in-sines-with-eur430-million,eu,2025-09-29,day,"as of 2023-10-31: the document cited is dated 2025-09-29, after the cut-off, so this rung was pass on evidence that did not exist yet",not_searched,false,https://www.ir.plugpower.com/feed/PressRelease.svc/GetPressReleaseList?LanguageId=1&bodyType=1&pressReleaseDateFilter=3&categoryId=00000000-0000-0000-0000-000000000000&pageSize=200&pageNumber=0&year=2026&excludeSelection=1,supplier,2026-01-23,day,"as of 2023-10-31: the document cited is dated 2026-01-23, after the cut-off, so this rung was pass on evidence that did not exist yet",true,2023-10-31
row:hghh-moorburg,,hghh-moorburg,Hamburg Green Hydrogen Hub GmbH & Co. KG Hamburg-Moorburg,clean,DE,admitted,,iea_hydrogen_production_projects:2023-10->current,100,MW_input,,,0,false,not_searched,false,https://hghh.eu/,owner,2026-09-09,day,"as of 2023-10-31: the document cited is dated 2026-09-09, after the cut-off, so this rung was pass on evidence that did not exist yet",not_searched,false,https://www.hamburger-energiewerke.de/ueber-uns/presse/hamburg-green-hydrogen-hub-feiert-grundsteinlegung-fuer-100-mw-elektrolyseur,owner,2025-12-01,day,"as of 2023-10-31: the document cited is dated 2025-12-01, after the cut-off, so this rung was pass on evidence that did not exist yet",not_searched,false,https://www.hamburger-energiewerke.de/ueber-uns/presse/hamburg-green-hydrogen-hub-feiert-grundsteinlegung-fuer-100-mw-elektrolyseur,owner,2025-12-01,day,"as of 2023-10-31: the document cited is dated 2025-12-01, after the cut-off, so this rung was pass on evidence that did not exist yet",not_searched,false,https://ec.europa.eu/competition/state_aid/cases1/202442/SA_102825_1118.pdf,European Commission,2024-02-15,day,"as of 2023-10-31: the document cited is dated 2024-02-15, after the cut-off, so this rung was pass on evidence that did not exist yet",not_searched,false,https://www.hamburger-energiewerke.de/ueber-uns/presse/hamburg-green-hydrogen-hub-feiert-grundsteinlegung-fuer-100-mw-elektrolyseur,company,2025-12-01,day,"as of 2023-10-31: the document cited is dated 2025-12-01, after the cut-off, so this rung was pass on evidence that did not exist yet",not_searched,false,https://www.hamburger-energiewerke.de/ueber-uns/presse/hamburg-green-hydrogen-hub-feiert-grundsteinlegung-fuer-100-mw-elektrolyseur,owner,2025-12-01,day,"as of 2023-10-31: the document cited is dated 2025-12-01, after the cut-off, so this rung was fail on evidence that did not exist yet",true,2023-10-31
row:repsol-cartagena,,repsol-cartagena,Repsol Cartagena,clean,ES,admitted,,iea_hydrogen_production_projects:2023-10->current,100,MW_input,,,1,false,not_searched,false,https://www.repsol.com/en/press-room/press-releases/2025/repsol-to-build-its-first-large-scale-renewable-hydrogen-plant-cartagena/index.cshtml,Repsol,2025-09-30,day,"as of 2023-10-31: the document cited is dated 2025-09-30, after the cut-off, so this rung was pass on evidence that did not exist yet",not_searched,false,https://www.repsol.com/en/press-room/press-releases/2025/repsol-to-build-its-first-large-scale-renewable-hydrogen-plant-cartagena/index.cshtml,owner,2025-09-30,day,"as of 2023-10-31: the document cited is dated 2025-09-30, after the cut-off, so this rung was pass on evidence that did not exist yet",not_searched,false,https://www.repsol.com/en/press-room/press-releases/2025/repsol-to-build-its-first-large-scale-renewable-hydrogen-plant-cartagena/index.cshtml,owner,2025-09-30,day,"as of 2023-10-31: the document cited is dated 2025-09-30, after the cut-off, so this rung was pass on evidence that did not exist yet",pass,true,https://competition-policy.ec.europa.eu/document/download/6285ce86-e51d-449e-a003-c88319a9a9d9_en?filename=2022_IPCEI_Hy2Use_en.pdf,European Commission,2022-09-21,day,IPCEI Hy2Use (SA.64650) names 'Cartagena Hydrogen NetWork S.L. (Repsol)'; matched on a document naming both,not_searched,false,https://www.repsol.com/en/press-room/press-releases/2025/repsol-to-build-its-first-large-scale-renewable-hydrogen-plant-cartagena/index.cshtml,company,2025-09-30,day,"as of 2023-10-31: the document cited is dated 2025-09-30, after the cut-off, so this rung was pass on evidence that did not exist yet",not_searched,false,https://www.repsol.com/en/press-room/press-releases/2025/repsol-to-build-its-first-large-scale-renewable-hydrogen-plant-cartagena/index.cshtml,owner,2025-09-30,day,"as of 2023-10-31: the document cited is dated 2025-09-30, after the cut-off, so this rung was fail on evidence that did not exist yet",true,2023-10-31
row:gigastack-humber,,gigastack-humber,"Phillips 66 Humber Refinery, South Killingholme",clean,GB,admitted,,iea_hydrogen_production_projects:2023-10->current,100,MW_input,paused@2023-08-18,,3,false,pass,true,https://www.offshore-energy.biz/two-offshore-wind-to-hydrogen-projects-withdraw-from-uks-first-electrolytic-allocation-round/,owner,2023-08-18,day,row carries a position from a company or permit source,pass,true,https://itm-power.com/news/gigastack-project-one-step-closer-to-renewable-hydrogen-at-industrial-scale-as-phase-2-concludes,owner,2021-11-01,month,100 MW_input as stated,fail,true,https://www.offshore-energy.biz/two-offshore-wind-to-hydrogen-projects-withdraw-from-uks-first-electrolytic-allocation-round/,owner,2023-08-18,day,"owner states an FID target, which is a future decision",not_searched,false,sources/hydrogen_funder_pass.json,eufabric funder pass,2026-09-17,day,"as of 2023-10-31: the document cited is dated 2026-09-17, after the cut-off, so this rung was fail on evidence that did not exist yet",pass,true,https://itm-power.com/news/gigastack-project-one-step-closer-to-renewable-hydrogen-at-industrial-scale-as-phase-2-concludes,company,2021-11-01,month,production_start 2025 at year precision,fail,true,https://itm-power.com/news/gigastack-project-one-step-closer-to-renewable-hydrogen-at-industrial-scale-as-phase-2-concludes,owner,2021-11-01,day,row edge carries no firmness; brief 9's axis is where rung 6 reads,true,2023-10-31
